ISO-10303-21;
HEADER;
FILE_DESCRIPTION( ( 'Unknown' ), '1' );
FILE_NAME( 'I:/User_Groups_Only/17_EMC_Product_&_Development/Article_Master/Ind_Inductors_Filter/IndGF/Master_Data/01_CAD_drawing/1_Drawing/744764xxx_1210/Released_data/IndGF_1210.stp', 'Unknown', ( 'Unknown' ), ( 'Unknown' ), 'PSStep 16.0.42', 'Unknown', '  ' );
FILE_SCHEMA( ( 'AUTOMOTIVE_DESIGN { 1 0 10303 214 1 1 1 1 }' ) );
ENDSEC;
DATA;
#1 = PRODUCT_DEFINITION_CONTEXT( '', #22, 'design' );
#2 = APPLICATION_PROTOCOL_DEFINITION( 'international standard', 'automotive_design', 2001, #22 );
#3 = PRODUCT_CATEGORY_RELATIONSHIP( 'NONE', 'NONE', #23, #24 );
#4 = SHAPE_DEFINITION_REPRESENTATION( #25, #26 );
#5 = PRODUCT_CATEGORY_RELATIONSHIP( 'NONE', 'NONE', #23, #27 );
#6 = CONTEXT_DEPENDENT_SHAPE_REPRESENTATION( #28, #29 );
#7 = SHAPE_DEFINITION_REPRESENTATION( #30, #31 );
#8 = SHAPE_REPRESENTATION_RELATIONSHIP( 'NONE', 'NONE', #31, #32 );
#9 = PRODUCT_CATEGORY_RELATIONSHIP( 'NONE', 'NONE', #23, #33 );
#10 = CONTEXT_DEPENDENT_SHAPE_REPRESENTATION( #34, #35 );
#11 = SHAPE_DEFINITION_REPRESENTATION( #36, #37 );
#12 = SHAPE_REPRESENTATION_RELATIONSHIP( 'NONE', 'NONE', #37, #38 );
#13 = PRODUCT_CATEGORY_RELATIONSHIP( 'NONE', 'NONE', #23, #39 );
#14 = CONTEXT_DEPENDENT_SHAPE_REPRESENTATION( #40, #41 );
#15 = SHAPE_DEFINITION_REPRESENTATION( #42, #43 );
#16 = SHAPE_REPRESENTATION_RELATIONSHIP( 'NONE', 'NONE', #43, #44 );
#17 = MECHANICAL_DESIGN_GEOMETRIC_PRESENTATION_REPRESENTATION( ' ', ( #45, #46, #47, #48, #49, #50, #51, #52, #53, #54, #55, #56, #57, #58, #59, #60, #61, #62, #63, #64, #65, #66, #67, #68, #69, #70, #71, #72, #73, #74, #75, #76, #77, #78, #79, #80, #81, #82, #83, #84, #85, #86, #87, #88, #89, #90, #91, #92, #93, #94, #95, #96, #97, #98, #99, #100, #101, #102, #103, #104, #105, #106, #107, #108, #109, #110, #111, #112, #113, #114, #115, #116, #117, #118, #119, #120, #121, #122, #123, #124, #125, #126, #127, #128, #129, #130, #131, #132, #133, #134, #135, #136, #137, #138, #139, #140, #141, #142, #143, #144, #145, #146, #147, #148, #149, #150, #151, #152, #153, #154, #155, #156, #157, #158, #159, #160, #161, #162, #163, #164, #165, #166, #167, #168, #169, #170, #171, #172, #173, #174, #175, #176, #177, #178, #179, #180, #181, #182, #183, #184, #185, #186, #187, #188, #189, #190, #191, #192, #193, #194, #195 ), #18 );
#18 =  ( GEOMETRIC_REPRESENTATION_CONTEXT( 3 )GLOBAL_UNCERTAINTY_ASSIGNED_CONTEXT( ( #198 ) )GLOBAL_UNIT_ASSIGNED_CONTEXT( ( #200, #201, #202 ) )REPRESENTATION_CONTEXT( 'NONE', 'WORKSPACE' ) );
#22 = APPLICATION_CONTEXT( 'core data for automotive mechanical design processes' );
#23 = PRODUCT_CATEGORY( 'part', 'NONE' );
#24 = PRODUCT_RELATED_PRODUCT_CATEGORY( 'detail', ' ', ( #204 ) );
#25 = PRODUCT_DEFINITION_SHAPE( 'NONE', 'NONE', #205 );
#26 = SHAPE_REPRESENTATION( 'Assem1', ( #206, #207, #208, #209 ), #210 );
#27 = PRODUCT_RELATED_PRODUCT_CATEGORY( 'detail', ' ', ( #211 ) );
#28 = ( REPRESENTATION_RELATIONSHIP( '', '', #31, #26 )REPRESENTATION_RELATIONSHIP_WITH_TRANSFORMATION( #214 )SHAPE_REPRESENTATION_RELATIONSHIP(  ) );
#29 = PRODUCT_DEFINITION_SHAPE( 'NAUO-PROD-DEF', 'NAUO-PROD-DEF', #216 );
#30 = PRODUCT_DEFINITION_SHAPE( 'NONE', 'NONE', #217 );
#31 = SHAPE_REPRESENTATION( 'Geh\X2\00E4\X0\use', ( #206 ), #210 );
#32 = ADVANCED_BREP_SHAPE_REPRESENTATION( 'Geh\X2\00E4\X0\use', ( #218 ), #18 );
#33 = PRODUCT_RELATED_PRODUCT_CATEGORY( 'detail', ' ', ( #219 ) );
#34 = ( REPRESENTATION_RELATIONSHIP( '', '', #37, #26 )REPRESENTATION_RELATIONSHIP_WITH_TRANSFORMATION( #222 )SHAPE_REPRESENTATION_RELATIONSHIP(  ) );
#35 = PRODUCT_DEFINITION_SHAPE( 'NAUO-PROD-DEF', 'NAUO-PROD-DEF', #224 );
#36 = PRODUCT_DEFINITION_SHAPE( 'NONE', 'NONE', #225 );
#37 = SHAPE_REPRESENTATION( 'PIN', ( #206 ), #210 );
#38 = ADVANCED_BREP_SHAPE_REPRESENTATION( 'PIN', ( #226 ), #18 );
#39 = PRODUCT_RELATED_PRODUCT_CATEGORY( 'detail', ' ', ( #227 ) );
#40 = ( REPRESENTATION_RELATIONSHIP( '', '', #43, #26 )REPRESENTATION_RELATIONSHIP_WITH_TRANSFORMATION( #230 )SHAPE_REPRESENTATION_RELATIONSHIP(  ) );
#41 = PRODUCT_DEFINITION_SHAPE( 'NAUO-PROD-DEF', 'NAUO-PROD-DEF', #232 );
#42 = PRODUCT_DEFINITION_SHAPE( 'NONE', 'NONE', #233 );
#43 = SHAPE_REPRESENTATION( 'Deckel', ( #206 ), #210 );
#44 = ADVANCED_BREP_SHAPE_REPRESENTATION( 'Deckel', ( #234 ), #18 );
#45 = STYLED_ITEM( '', ( #235 ), #236 );
#46 = STYLED_ITEM( '', ( #237 ), #238 );
#47 = STYLED_ITEM( '', ( #239 ), #240 );
#48 = STYLED_ITEM( '', ( #241 ), #242 );
#49 = STYLED_ITEM( '', ( #243 ), #244 );
#50 = STYLED_ITEM( '', ( #245 ), #246 );
#51 = STYLED_ITEM( '', ( #247 ), #248 );
#52 = STYLED_ITEM( '', ( #249 ), #250 );
#53 = STYLED_ITEM( '', ( #251 ), #252 );
#54 = STYLED_ITEM( '', ( #253 ), #254 );
#55 = STYLED_ITEM( '', ( #255 ), #256 );
#56 = STYLED_ITEM( '', ( #257 ), #258 );
#57 = STYLED_ITEM( '', ( #259 ), #260 );
#58 = STYLED_ITEM( '', ( #261 ), #262 );
#59 = STYLED_ITEM( '', ( #263 ), #264 );
#60 = STYLED_ITEM( '', ( #265 ), #266 );
#61 = STYLED_ITEM( '', ( #267 ), #268 );
#62 = STYLED_ITEM( '', ( #269 ), #270 );
#63 = STYLED_ITEM( '', ( #271 ), #272 );
#64 = STYLED_ITEM( '', ( #273 ), #274 );
#65 = STYLED_ITEM( '', ( #275 ), #276 );
#66 = STYLED_ITEM( '', ( #277 ), #278 );
#67 = STYLED_ITEM( '', ( #279 ), #280 );
#68 = STYLED_ITEM( '', ( #281 ), #282 );
#69 = STYLED_ITEM( '', ( #283 ), #284 );
#70 = STYLED_ITEM( '', ( #285 ), #286 );
#71 = STYLED_ITEM( '', ( #287 ), #288 );
#72 = STYLED_ITEM( '', ( #289 ), #290 );
#73 = STYLED_ITEM( '', ( #291 ), #292 );
#74 = STYLED_ITEM( '', ( #293 ), #294 );
#75 = STYLED_ITEM( '', ( #295 ), #296 );
#76 = STYLED_ITEM( '', ( #297 ), #298 );
#77 = STYLED_ITEM( '', ( #299 ), #300 );
#78 = STYLED_ITEM( '', ( #301 ), #302 );
#79 = STYLED_ITEM( '', ( #303 ), #304 );
#80 = STYLED_ITEM( '', ( #305 ), #306 );
#81 = STYLED_ITEM( '', ( #307 ), #308 );
#82 = STYLED_ITEM( '', ( #309 ), #310 );
#83 = STYLED_ITEM( '', ( #311 ), #312 );
#84 = STYLED_ITEM( '', ( #313 ), #314 );
#85 = STYLED_ITEM( '', ( #315 ), #316 );
#86 = STYLED_ITEM( '', ( #317 ), #318 );
#87 = STYLED_ITEM( '', ( #319 ), #320 );
#88 = STYLED_ITEM( '', ( #321 ), #322 );
#89 = STYLED_ITEM( '', ( #323 ), #324 );
#90 = STYLED_ITEM( '', ( #325 ), #326 );
#91 = STYLED_ITEM( '', ( #327 ), #328 );
#92 = STYLED_ITEM( '', ( #329 ), #330 );
#93 = STYLED_ITEM( '', ( #331 ), #332 );
#94 = STYLED_ITEM( '', ( #333 ), #334 );
#95 = STYLED_ITEM( '', ( #335 ), #336 );
#96 = STYLED_ITEM( '', ( #337 ), #338 );
#97 = STYLED_ITEM( '', ( #339 ), #340 );
#98 = STYLED_ITEM( '', ( #341 ), #342 );
#99 = STYLED_ITEM( '', ( #343 ), #344 );
#100 = STYLED_ITEM( '', ( #345 ), #346 );
#101 = STYLED_ITEM( '', ( #347 ), #348 );
#102 = STYLED_ITEM( '', ( #349 ), #350 );
#103 = STYLED_ITEM( '', ( #351 ), #352 );
#104 = STYLED_ITEM( '', ( #353 ), #354 );
#105 = STYLED_ITEM( '', ( #355 ), #356 );
#106 = STYLED_ITEM( '', ( #357 ), #358 );
#107 = STYLED_ITEM( '', ( #359 ), #360 );
#108 = STYLED_ITEM( '', ( #361 ), #362 );
#109 = STYLED_ITEM( '', ( #363 ), #364 );
#110 = STYLED_ITEM( '', ( #365 ), #366 );
#111 = STYLED_ITEM( '', ( #367 ), #368 );
#112 = STYLED_ITEM( '', ( #369 ), #370 );
#113 = STYLED_ITEM( '', ( #371 ), #372 );
#114 = STYLED_ITEM( '', ( #373 ), #374 );
#115 = STYLED_ITEM( '', ( #375 ), #376 );
#116 = STYLED_ITEM( '', ( #377 ), #378 );
#117 = STYLED_ITEM( '', ( #379 ), #380 );
#118 = STYLED_ITEM( '', ( #381 ), #382 );
#119 = STYLED_ITEM( '', ( #383 ), #384 );
#120 = STYLED_ITEM( '', ( #385 ), #386 );
#121 = STYLED_ITEM( '', ( #387 ), #388 );
#122 = STYLED_ITEM( '', ( #389 ), #390 );
#123 = STYLED_ITEM( '', ( #391 ), #392 );
#124 = STYLED_ITEM( '', ( #393 ), #394 );
#125 = STYLED_ITEM( '', ( #395 ), #396 );
#126 = STYLED_ITEM( '', ( #397 ), #398 );
#127 = STYLED_ITEM( '', ( #399 ), #400 );
#128 = STYLED_ITEM( '', ( #401 ), #402 );
#129 = STYLED_ITEM( '', ( #403 ), #404 );
#130 = STYLED_ITEM( '', ( #405 ), #406 );
#131 = STYLED_ITEM( '', ( #407 ), #408 );
#132 = STYLED_ITEM( '', ( #409 ), #410 );
#133 = STYLED_ITEM( '', ( #411 ), #412 );
#134 = STYLED_ITEM( '', ( #413 ), #414 );
#135 = STYLED_ITEM( '', ( #415 ), #416 );
#136 = STYLED_ITEM( '', ( #417 ), #418 );
#137 = STYLED_ITEM( '', ( #419 ), #420 );
#138 = STYLED_ITEM( '', ( #421 ), #422 );
#139 = STYLED_ITEM( '', ( #423 ), #424 );
#140 = STYLED_ITEM( '', ( #425 ), #426 );
#141 = STYLED_ITEM( '', ( #427 ), #428 );
#142 = STYLED_ITEM( '', ( #429 ), #430 );
#143 = STYLED_ITEM( '', ( #431 ), #432 );
#144 = STYLED_ITEM( '', ( #433 ), #434 );
#145 = STYLED_ITEM( '', ( #435 ), #436 );
#146 = STYLED_ITEM( '', ( #437 ), #438 );
#147 = STYLED_ITEM( '', ( #439 ), #440 );
#148 = STYLED_ITEM( '', ( #441 ), #442 );
#149 = STYLED_ITEM( '', ( #443 ), #444 );
#150 = STYLED_ITEM( '', ( #445 ), #446 );
#151 = STYLED_ITEM( '', ( #447 ), #448 );
#152 = STYLED_ITEM( '', ( #449 ), #450 );
#153 = STYLED_ITEM( '', ( #451 ), #452 );
#154 = STYLED_ITEM( '', ( #453 ), #454 );
#155 = STYLED_ITEM( '', ( #455 ), #456 );
#156 = STYLED_ITEM( '', ( #457 ), #458 );
#157 = STYLED_ITEM( '', ( #459 ), #460 );
#158 = STYLED_ITEM( '', ( #461 ), #462 );
#159 = STYLED_ITEM( '', ( #463 ), #464 );
#160 = STYLED_ITEM( '', ( #465 ), #466 );
#161 = STYLED_ITEM( '', ( #467 ), #468 );
#162 = STYLED_ITEM( '', ( #469 ), #470 );
#163 = STYLED_ITEM( '', ( #471 ), #472 );
#164 = STYLED_ITEM( '', ( #473 ), #474 );
#165 = STYLED_ITEM( '', ( #475 ), #476 );
#166 = STYLED_ITEM( '', ( #477 ), #478 );
#167 = STYLED_ITEM( '', ( #479 ), #480 );
#168 = STYLED_ITEM( '', ( #481 ), #482 );
#169 = STYLED_ITEM( '', ( #483 ), #484 );
#170 = STYLED_ITEM( '', ( #485 ), #486 );
#171 = STYLED_ITEM( '', ( #487 ), #488 );
#172 = STYLED_ITEM( '', ( #489 ), #490 );
#173 = STYLED_ITEM( '', ( #491 ), #492 );
#174 = STYLED_ITEM( '', ( #493 ), #494 );
#175 = STYLED_ITEM( '', ( #495 ), #496 );
#176 = STYLED_ITEM( '', ( #497 ), #498 );
#177 = STYLED_ITEM( '', ( #499 ), #500 );
#178 = STYLED_ITEM( '', ( #501 ), #502 );
#179 = STYLED_ITEM( '', ( #503 ), #504 );
#180 = STYLED_ITEM( '', ( #505 ), #506 );
#181 = STYLED_ITEM( '', ( #507 ), #508 );
#182 = STYLED_ITEM( '', ( #509 ), #510 );
#183 = STYLED_ITEM( '', ( #511 ), #512 );
#184 = STYLED_ITEM( '', ( #513 ), #514 );
#185 = STYLED_ITEM( '', ( #515 ), #516 );
#186 = STYLED_ITEM( '', ( #517 ), #518 );
#187 = STYLED_ITEM( '', ( #519 ), #520 );
#188 = STYLED_ITEM( '', ( #521 ), #522 );
#189 = STYLED_ITEM( '', ( #523 ), #524 );
#190 = STYLED_ITEM( '', ( #525 ), #526 );
#191 = STYLED_ITEM( '', ( #527 ), #528 );
#192 = STYLED_ITEM( '', ( #529 ), #530 );
#193 = STYLED_ITEM( '', ( #531 ), #532 );
#194 = STYLED_ITEM( '', ( #533 ), #534 );
#195 = STYLED_ITEM( '', ( #535 ), #536 );
#198 = UNCERTAINTY_MEASURE_WITH_UNIT( LENGTH_MEASURE( 0.00100000000000000 ), #200, '', '' );
#200 =  ( CONVERSION_BASED_UNIT( 'MILLIMETRE', #539 )LENGTH_UNIT(  )NAMED_UNIT( #542 ) );
#201 =  ( NAMED_UNIT( #544 )PLANE_ANGLE_UNIT(  )SI_UNIT( $, .RADIAN. ) );
#202 =  ( NAMED_UNIT( #544 )SI_UNIT( $, .STERADIAN. )SOLID_ANGLE_UNIT(  ) );
#204 = PRODUCT( 'Assem1', 'Assem1', 'PART-Assem1-DESC', ( #550 ) );
#205 = PRODUCT_DEFINITION( 'NONE', 'NONE', #551, #1 );
#206 = AXIS2_PLACEMENT_3D( '', #552, #553, #554 );
#207 = AXIS2_PLACEMENT_3D( '', #555, #556, #557 );
#208 = AXIS2_PLACEMENT_3D( '', #558, #559, #560 );
#209 = AXIS2_PLACEMENT_3D( '', #561, #562, #563 );
#210 =  ( GEOMETRIC_REPRESENTATION_CONTEXT( 3 )GLOBAL_UNCERTAINTY_ASSIGNED_CONTEXT( ( #566 ) )GLOBAL_UNIT_ASSIGNED_CONTEXT( ( #568, #569, #570 ) )REPRESENTATION_CONTEXT( 'NONE', 'WORKSPACE' ) );
#211 = PRODUCT( 'Geh\X2\00E4\X0\use', 'Geh\X2\00E4\X0\use', 'PART-Geh\X2\00E4\X0\use-DESC', ( #550 ) );
#214 = ITEM_DEFINED_TRANSFORMATION( '', '', #206, #207 );
#216 = NEXT_ASSEMBLY_USAGE_OCCURRENCE( 'NAUO1', 'NAUO1', 'NAUO1', #205, #217, $ );
#217 = PRODUCT_DEFINITION( 'Geh\X2\00E4\X0\use', 'Geh\X2\00E4\X0\use', #572, #1 );
#218 = MANIFOLD_SOLID_BREP( 'Geh\X2\00E4\X0\use', #573 );
#219 = PRODUCT( 'PIN', 'PIN', 'PART-PIN-DESC', ( #550 ) );
#222 = ITEM_DEFINED_TRANSFORMATION( '', '', #206, #208 );
#224 = NEXT_ASSEMBLY_USAGE_OCCURRENCE( 'NAUO2', 'NAUO2', 'NAUO2', #205, #225, $ );
#225 = PRODUCT_DEFINITION( 'PIN', 'PIN', #574, #1 );
#226 = MANIFOLD_SOLID_BREP( 'PIN', #575 );
#227 = PRODUCT( 'Deckel', 'Deckel', 'PART-Deckel-DESC', ( #550 ) );
#230 = ITEM_DEFINED_TRANSFORMATION( '', '', #206, #209 );
#232 = NEXT_ASSEMBLY_USAGE_OCCURRENCE( 'NAUO3', 'NAUO3', 'NAUO3', #205, #233, $ );
#233 = PRODUCT_DEFINITION( 'Deckel', 'Deckel', #576, #1 );
#234 = MANIFOLD_SOLID_BREP( 'Deckel', #577 );
#235 = PRESENTATION_STYLE_ASSIGNMENT( ( #578 ) );
#236 = ADVANCED_FACE( '', ( #579 ), #580, .F. );
#237 = PRESENTATION_STYLE_ASSIGNMENT( ( #581 ) );
#238 = ADVANCED_FACE( '', ( #582 ), #583, .F. );
#239 = PRESENTATION_STYLE_ASSIGNMENT( ( #584 ) );
#240 = ADVANCED_FACE( '', ( #585 ), #586, .T. );
#241 = PRESENTATION_STYLE_ASSIGNMENT( ( #587 ) );
#242 = ADVANCED_FACE( '', ( #588 ), #589, .T. );
#243 = PRESENTATION_STYLE_ASSIGNMENT( ( #590 ) );
#244 = ADVANCED_FACE( '', ( #591 ), #592, .F. );
#245 = PRESENTATION_STYLE_ASSIGNMENT( ( #593 ) );
#246 = ADVANCED_FACE( '', ( #594 ), #595, .T. );
#247 = PRESENTATION_STYLE_ASSIGNMENT( ( #596 ) );
#248 = ADVANCED_FACE( '', ( #597 ), #598, .T. );
#249 = PRESENTATION_STYLE_ASSIGNMENT( ( #599 ) );
#250 = ADVANCED_FACE( '', ( #600 ), #601, .T. );
#251 = PRESENTATION_STYLE_ASSIGNMENT( ( #602 ) );
#252 = ADVANCED_FACE( '', ( #603 ), #604, .F. );
#253 = PRESENTATION_STYLE_ASSIGNMENT( ( #605 ) );
#254 = ADVANCED_FACE( '', ( #606 ), #607, .T. );
#255 = PRESENTATION_STYLE_ASSIGNMENT( ( #608 ) );
#256 = ADVANCED_FACE( '', ( #609 ), #610, .T. );
#257 = PRESENTATION_STYLE_ASSIGNMENT( ( #611 ) );
#258 = ADVANCED_FACE( '', ( #612 ), #613, .T. );
#259 = PRESENTATION_STYLE_ASSIGNMENT( ( #614 ) );
#260 = ADVANCED_FACE( '', ( #615 ), #616, .T. );
#261 = PRESENTATION_STYLE_ASSIGNMENT( ( #617 ) );
#262 = ADVANCED_FACE( '', ( #618 ), #619, .F. );
#263 = PRESENTATION_STYLE_ASSIGNMENT( ( #620 ) );
#264 = ADVANCED_FACE( '', ( #621 ), #622, .T. );
#265 = PRESENTATION_STYLE_ASSIGNMENT( ( #623 ) );
#266 = ADVANCED_FACE( '', ( #624 ), #625, .T. );
#267 = PRESENTATION_STYLE_ASSIGNMENT( ( #626 ) );
#268 = ADVANCED_FACE( '', ( #627 ), #628, .T. );
#269 = PRESENTATION_STYLE_ASSIGNMENT( ( #629 ) );
#270 = ADVANCED_FACE( '', ( #630 ), #631, .T. );
#271 = PRESENTATION_STYLE_ASSIGNMENT( ( #632 ) );
#272 = ADVANCED_FACE( '', ( #633 ), #634, .F. );
#273 = PRESENTATION_STYLE_ASSIGNMENT( ( #635 ) );
#274 = ADVANCED_FACE( '', ( #636 ), #637, .T. );
#275 = PRESENTATION_STYLE_ASSIGNMENT( ( #638 ) );
#276 = ADVANCED_FACE( '', ( #639 ), #640, .F. );
#277 = PRESENTATION_STYLE_ASSIGNMENT( ( #641 ) );
#278 = ADVANCED_FACE( '', ( #642 ), #643, .T. );
#279 = PRESENTATION_STYLE_ASSIGNMENT( ( #644 ) );
#280 = ADVANCED_FACE( '', ( #645 ), #646, .T. );
#281 = PRESENTATION_STYLE_ASSIGNMENT( ( #647 ) );
#282 = ADVANCED_FACE( '', ( #648 ), #649, .T. );
#283 = PRESENTATION_STYLE_ASSIGNMENT( ( #650 ) );
#284 = ADVANCED_FACE( '', ( #651 ), #652, .F. );
#285 = PRESENTATION_STYLE_ASSIGNMENT( ( #653 ) );
#286 = ADVANCED_FACE( '', ( #654 ), #655, .F. );
#287 = PRESENTATION_STYLE_ASSIGNMENT( ( #656 ) );
#288 = ADVANCED_FACE( '', ( #657 ), #658, .T. );
#289 = PRESENTATION_STYLE_ASSIGNMENT( ( #659 ) );
#290 = ADVANCED_FACE( '', ( #660 ), #661, .F. );
#291 = PRESENTATION_STYLE_ASSIGNMENT( ( #662 ) );
#292 = ADVANCED_FACE( '', ( #663 ), #664, .T. );
#293 = PRESENTATION_STYLE_ASSIGNMENT( ( #665 ) );
#294 = ADVANCED_FACE( '', ( #666 ), #667, .T. );
#295 = PRESENTATION_STYLE_ASSIGNMENT( ( #668 ) );
#296 = ADVANCED_FACE( '', ( #669 ), #670, .T. );
#297 = PRESENTATION_STYLE_ASSIGNMENT( ( #671 ) );
#298 = ADVANCED_FACE( '', ( #672, #673, #674, #675 ), #676, .T. );
#299 = PRESENTATION_STYLE_ASSIGNMENT( ( #677 ) );
#300 = ADVANCED_FACE( '', ( #678 ), #679, .F. );
#301 = PRESENTATION_STYLE_ASSIGNMENT( ( #680 ) );
#302 = ADVANCED_FACE( '', ( #681 ), #682, .F. );
#303 = PRESENTATION_STYLE_ASSIGNMENT( ( #683 ) );
#304 = ADVANCED_FACE( '', ( #684 ), #685, .T. );
#305 = PRESENTATION_STYLE_ASSIGNMENT( ( #686 ) );
#306 = ADVANCED_FACE( '', ( #687 ), #688, .F. );
#307 = PRESENTATION_STYLE_ASSIGNMENT( ( #689 ) );
#308 = ADVANCED_FACE( '', ( #690 ), #691, .F. );
#309 = PRESENTATION_STYLE_ASSIGNMENT( ( #692 ) );
#310 = ADVANCED_FACE( '', ( #693 ), #694, .T. );
#311 = PRESENTATION_STYLE_ASSIGNMENT( ( #695 ) );
#312 = ADVANCED_FACE( '', ( #696 ), #697, .F. );
#313 = PRESENTATION_STYLE_ASSIGNMENT( ( #698 ) );
#314 = ADVANCED_FACE( '', ( #699 ), #700, .F. );
#315 = PRESENTATION_STYLE_ASSIGNMENT( ( #701 ) );
#316 = ADVANCED_FACE( '', ( #702 ), #703, .T. );
#317 = PRESENTATION_STYLE_ASSIGNMENT( ( #704 ) );
#318 = ADVANCED_FACE( '', ( #705, #706 ), #707, .T. );
#319 = PRESENTATION_STYLE_ASSIGNMENT( ( #708 ) );
#320 = ADVANCED_FACE( '', ( #709 ), #710, .F. );
#321 = PRESENTATION_STYLE_ASSIGNMENT( ( #711 ) );
#322 = ADVANCED_FACE( '', ( #712 ), #713, .T. );
#323 = PRESENTATION_STYLE_ASSIGNMENT( ( #714 ) );
#324 = ADVANCED_FACE( '', ( #715 ), #716, .T. );
#325 = PRESENTATION_STYLE_ASSIGNMENT( ( #717 ) );
#326 = ADVANCED_FACE( '', ( #718 ), #719, .T. );
#327 = PRESENTATION_STYLE_ASSIGNMENT( ( #720 ) );
#328 = ADVANCED_FACE( '', ( #721 ), #722, .F. );
#329 = PRESENTATION_STYLE_ASSIGNMENT( ( #723 ) );
#330 = ADVANCED_FACE( '', ( #724 ), #725, .T. );
#331 = PRESENTATION_STYLE_ASSIGNMENT( ( #726 ) );
#332 = ADVANCED_FACE( '', ( #727 ), #728, .T. );
#333 = PRESENTATION_STYLE_ASSIGNMENT( ( #729 ) );
#334 = ADVANCED_FACE( '', ( #730 ), #731, .T. );
#335 = PRESENTATION_STYLE_ASSIGNMENT( ( #732 ) );
#336 = ADVANCED_FACE( '', ( #733 ), #734, .T. );
#337 = PRESENTATION_STYLE_ASSIGNMENT( ( #735 ) );
#338 = ADVANCED_FACE( '', ( #736 ), #737, .T. );
#339 = PRESENTATION_STYLE_ASSIGNMENT( ( #738 ) );
#340 = ADVANCED_FACE( '', ( #739 ), #740, .T. );
#341 = PRESENTATION_STYLE_ASSIGNMENT( ( #741 ) );
#342 = ADVANCED_FACE( '', ( #742 ), #743, .T. );
#343 = PRESENTATION_STYLE_ASSIGNMENT( ( #744 ) );
#344 = ADVANCED_FACE( '', ( #745 ), #746, .T. );
#345 = PRESENTATION_STYLE_ASSIGNMENT( ( #747 ) );
#346 = ADVANCED_FACE( '', ( #748 ), #749, .T. );
#347 = PRESENTATION_STYLE_ASSIGNMENT( ( #750 ) );
#348 = ADVANCED_FACE( '', ( #751 ), #752, .T. );
#349 = PRESENTATION_STYLE_ASSIGNMENT( ( #753 ) );
#350 = ADVANCED_FACE( '', ( #754, #755 ), #756, .T. );
#351 = PRESENTATION_STYLE_ASSIGNMENT( ( #757 ) );
#352 = ADVANCED_FACE( '', ( #758 ), #759, .T. );
#353 = PRESENTATION_STYLE_ASSIGNMENT( ( #760 ) );
#354 = ADVANCED_FACE( '', ( #761 ), #762, .T. );
#355 = PRESENTATION_STYLE_ASSIGNMENT( ( #763 ) );
#356 = ADVANCED_FACE( '', ( #764 ), #765, .T. );
#357 = PRESENTATION_STYLE_ASSIGNMENT( ( #766 ) );
#358 = ADVANCED_FACE( '', ( #767 ), #768, .T. );
#359 = PRESENTATION_STYLE_ASSIGNMENT( ( #769 ) );
#360 = ADVANCED_FACE( '', ( #770 ), #771, .T. );
#361 = PRESENTATION_STYLE_ASSIGNMENT( ( #772 ) );
#362 = ADVANCED_FACE( '', ( #773 ), #774, .T. );
#363 = PRESENTATION_STYLE_ASSIGNMENT( ( #775 ) );
#364 = ADVANCED_FACE( '', ( #776 ), #777, .T. );
#365 = PRESENTATION_STYLE_ASSIGNMENT( ( #778 ) );
#366 = ADVANCED_FACE( '', ( #779 ), #780, .T. );
#367 = PRESENTATION_STYLE_ASSIGNMENT( ( #781 ) );
#368 = ADVANCED_FACE( '', ( #782 ), #783, .T. );
#369 = PRESENTATION_STYLE_ASSIGNMENT( ( #784 ) );
#370 = ADVANCED_FACE( '', ( #785 ), #786, .T. );
#371 = PRESENTATION_STYLE_ASSIGNMENT( ( #787 ) );
#372 = ADVANCED_FACE( '', ( #788 ), #789, .T. );
#373 = PRESENTATION_STYLE_ASSIGNMENT( ( #790 ) );
#374 = ADVANCED_FACE( '', ( #791 ), #792, .T. );
#375 = PRESENTATION_STYLE_ASSIGNMENT( ( #793 ) );
#376 = ADVANCED_FACE( '', ( #794 ), #795, .T. );
#377 = PRESENTATION_STYLE_ASSIGNMENT( ( #796 ) );
#378 = ADVANCED_FACE( '', ( #797 ), #798, .F. );
#379 = PRESENTATION_STYLE_ASSIGNMENT( ( #799 ) );
#380 = ADVANCED_FACE( '', ( #800 ), #801, .T. );
#381 = PRESENTATION_STYLE_ASSIGNMENT( ( #802 ) );
#382 = ADVANCED_FACE( '', ( #803 ), #804, .F. );
#383 = PRESENTATION_STYLE_ASSIGNMENT( ( #805 ) );
#384 = ADVANCED_FACE( '', ( #806 ), #807, .T. );
#385 = PRESENTATION_STYLE_ASSIGNMENT( ( #808 ) );
#386 = ADVANCED_FACE( '', ( #809 ), #810, .T. );
#387 = PRESENTATION_STYLE_ASSIGNMENT( ( #811 ) );
#388 = ADVANCED_FACE( '', ( #812 ), #813, .F. );
#389 = PRESENTATION_STYLE_ASSIGNMENT( ( #814 ) );
#390 = ADVANCED_FACE( '', ( #815 ), #816, .T. );
#391 = PRESENTATION_STYLE_ASSIGNMENT( ( #817 ) );
#392 = ADVANCED_FACE( '', ( #818 ), #819, .F. );
#393 = PRESENTATION_STYLE_ASSIGNMENT( ( #820 ) );
#394 = ADVANCED_FACE( '', ( #821 ), #822, .T. );
#395 = PRESENTATION_STYLE_ASSIGNMENT( ( #823 ) );
#396 = ADVANCED_FACE( '', ( #824 ), #825, .T. );
#397 = PRESENTATION_STYLE_ASSIGNMENT( ( #826 ) );
#398 = ADVANCED_FACE( '', ( #827 ), #828, .F. );
#399 = PRESENTATION_STYLE_ASSIGNMENT( ( #829 ) );
#400 = ADVANCED_FACE( '', ( #830 ), #831, .T. );
#401 = PRESENTATION_STYLE_ASSIGNMENT( ( #832 ) );
#402 = ADVANCED_FACE( '', ( #833 ), #834, .F. );
#403 = PRESENTATION_STYLE_ASSIGNMENT( ( #835 ) );
#404 = ADVANCED_FACE( '', ( #836 ), #837, .F. );
#405 = PRESENTATION_STYLE_ASSIGNMENT( ( #838 ) );
#406 = ADVANCED_FACE( '', ( #839 ), #840, .T. );
#407 = PRESENTATION_STYLE_ASSIGNMENT( ( #841 ) );
#408 = ADVANCED_FACE( '', ( #842 ), #843, .F. );
#409 = PRESENTATION_STYLE_ASSIGNMENT( ( #844 ) );
#410 = ADVANCED_FACE( '', ( #845 ), #846, .T. );
#411 = PRESENTATION_STYLE_ASSIGNMENT( ( #847 ) );
#412 = ADVANCED_FACE( '', ( #848 ), #849, .T. );
#413 = PRESENTATION_STYLE_ASSIGNMENT( ( #850 ) );
#414 = ADVANCED_FACE( '', ( #851 ), #852, .T. );
#415 = PRESENTATION_STYLE_ASSIGNMENT( ( #853 ) );
#416 = ADVANCED_FACE( '', ( #854 ), #855, .F. );
#417 = PRESENTATION_STYLE_ASSIGNMENT( ( #856 ) );
#418 = ADVANCED_FACE( '', ( #857 ), #858, .T. );
#419 = PRESENTATION_STYLE_ASSIGNMENT( ( #859 ) );
#420 = ADVANCED_FACE( '', ( #860 ), #861, .T. );
#421 = PRESENTATION_STYLE_ASSIGNMENT( ( #862 ) );
#422 = ADVANCED_FACE( '', ( #863 ), #864, .T. );
#423 = PRESENTATION_STYLE_ASSIGNMENT( ( #865 ) );
#424 = ADVANCED_FACE( '', ( #866 ), #867, .T. );
#425 = PRESENTATION_STYLE_ASSIGNMENT( ( #868 ) );
#426 = ADVANCED_FACE( '', ( #869, #870 ), #871, .T. );
#427 = PRESENTATION_STYLE_ASSIGNMENT( ( #872 ) );
#428 = ADVANCED_FACE( '', ( #873 ), #874, .T. );
#429 = PRESENTATION_STYLE_ASSIGNMENT( ( #875 ) );
#430 = ADVANCED_FACE( '', ( #876, #877 ), #878, .T. );
#431 = PRESENTATION_STYLE_ASSIGNMENT( ( #879 ) );
#432 = ADVANCED_FACE( '', ( #880 ), #881, .T. );
#433 = PRESENTATION_STYLE_ASSIGNMENT( ( #882 ) );
#434 = ADVANCED_FACE( '', ( #883 ), #884, .T. );
#435 = PRESENTATION_STYLE_ASSIGNMENT( ( #885 ) );
#436 = ADVANCED_FACE( '', ( #886 ), #887, .T. );
#437 = PRESENTATION_STYLE_ASSIGNMENT( ( #888 ) );
#438 = ADVANCED_FACE( '', ( #889 ), #890, .T. );
#439 = PRESENTATION_STYLE_ASSIGNMENT( ( #891 ) );
#440 = ADVANCED_FACE( '', ( #892 ), #893, .T. );
#441 = PRESENTATION_STYLE_ASSIGNMENT( ( #894 ) );
#442 = ADVANCED_FACE( '', ( #895 ), #896, .F. );
#443 = PRESENTATION_STYLE_ASSIGNMENT( ( #897 ) );
#444 = ADVANCED_FACE( '', ( #898, #899 ), #900, .T. );
#445 = PRESENTATION_STYLE_ASSIGNMENT( ( #901 ) );
#446 = ADVANCED_FACE( '', ( #902 ), #903, .T. );
#447 = PRESENTATION_STYLE_ASSIGNMENT( ( #904 ) );
#448 = ADVANCED_FACE( '', ( #905 ), #906, .T. );
#449 = PRESENTATION_STYLE_ASSIGNMENT( ( #907 ) );
#450 = ADVANCED_FACE( '', ( #908 ), #909, .F. );
#451 = PRESENTATION_STYLE_ASSIGNMENT( ( #910 ) );
#452 = ADVANCED_FACE( '', ( #911 ), #912, .T. );
#453 = PRESENTATION_STYLE_ASSIGNMENT( ( #913 ) );
#454 = ADVANCED_FACE( '', ( #914 ), #915, .T. );
#455 = PRESENTATION_STYLE_ASSIGNMENT( ( #916 ) );
#456 = ADVANCED_FACE( '', ( #917 ), #918, .F. );
#457 = PRESENTATION_STYLE_ASSIGNMENT( ( #919 ) );
#458 = ADVANCED_FACE( '', ( #920 ), #921, .T. );
#459 = PRESENTATION_STYLE_ASSIGNMENT( ( #922 ) );
#460 = ADVANCED_FACE( '', ( #923 ), #924, .F. );
#461 = PRESENTATION_STYLE_ASSIGNMENT( ( #925 ) );
#462 = ADVANCED_FACE( '', ( #926, #927 ), #928, .F. );
#463 = PRESENTATION_STYLE_ASSIGNMENT( ( #929 ) );
#464 = ADVANCED_FACE( '', ( #930 ), #931, .T. );
#465 = PRESENTATION_STYLE_ASSIGNMENT( ( #932 ) );
#466 = ADVANCED_FACE( '', ( #933, #934 ), #935, .F. );
#467 = PRESENTATION_STYLE_ASSIGNMENT( ( #936 ) );
#468 = ADVANCED_FACE( '', ( #937 ), #938, .F. );
#469 = PRESENTATION_STYLE_ASSIGNMENT( ( #939 ) );
#470 = ADVANCED_FACE( '', ( #940 ), #941, .T. );
#471 = PRESENTATION_STYLE_ASSIGNMENT( ( #942 ) );
#472 = ADVANCED_FACE( '', ( #943 ), #944, .T. );
#473 = PRESENTATION_STYLE_ASSIGNMENT( ( #945 ) );
#474 = ADVANCED_FACE( '', ( #946 ), #947, .T. );
#475 = PRESENTATION_STYLE_ASSIGNMENT( ( #948 ) );
#476 = ADVANCED_FACE( '', ( #949 ), #950, .T. );
#477 = PRESENTATION_STYLE_ASSIGNMENT( ( #951 ) );
#478 = ADVANCED_FACE( '', ( #952 ), #953, .T. );
#479 = PRESENTATION_STYLE_ASSIGNMENT( ( #954 ) );
#480 = ADVANCED_FACE( '', ( #955 ), #956, .T. );
#481 = PRESENTATION_STYLE_ASSIGNMENT( ( #957 ) );
#482 = ADVANCED_FACE( '', ( #958 ), #959, .T. );
#483 = PRESENTATION_STYLE_ASSIGNMENT( ( #960 ) );
#484 = ADVANCED_FACE( '', ( #961 ), #962, .T. );
#485 = PRESENTATION_STYLE_ASSIGNMENT( ( #963 ) );
#486 = ADVANCED_FACE( '', ( #964 ), #965, .T. );
#487 = PRESENTATION_STYLE_ASSIGNMENT( ( #966 ) );
#488 = ADVANCED_FACE( '', ( #967 ), #968, .T. );
#489 = PRESENTATION_STYLE_ASSIGNMENT( ( #969 ) );
#490 = ADVANCED_FACE( '', ( #970 ), #971, .T. );
#491 = PRESENTATION_STYLE_ASSIGNMENT( ( #972 ) );
#492 = ADVANCED_FACE( '', ( #973 ), #974, .T. );
#493 = PRESENTATION_STYLE_ASSIGNMENT( ( #975 ) );
#494 = ADVANCED_FACE( '', ( #976 ), #977, .F. );
#495 = PRESENTATION_STYLE_ASSIGNMENT( ( #978 ) );
#496 = ADVANCED_FACE( '', ( #979 ), #980, .F. );
#497 = PRESENTATION_STYLE_ASSIGNMENT( ( #981 ) );
#498 = ADVANCED_FACE( '', ( #982 ), #983, .F. );
#499 = PRESENTATION_STYLE_ASSIGNMENT( ( #984 ) );
#500 = ADVANCED_FACE( '', ( #985, #986, #987, #988, #989, #990, #991, #992, #993 ), #994, .T. );
#501 = PRESENTATION_STYLE_ASSIGNMENT( ( #995 ) );
#502 = ADVANCED_FACE( '', ( #996 ), #997, .F. );
#503 = PRESENTATION_STYLE_ASSIGNMENT( ( #998 ) );
#504 = ADVANCED_FACE( '', ( #999 ), #1000, .F. );
#505 = PRESENTATION_STYLE_ASSIGNMENT( ( #1001 ) );
#506 = ADVANCED_FACE( '', ( #1002 ), #1003, .F. );
#507 = PRESENTATION_STYLE_ASSIGNMENT( ( #1004 ) );
#508 = ADVANCED_FACE( '', ( #1005, #1006 ), #1007, .T. );
#509 = PRESENTATION_STYLE_ASSIGNMENT( ( #1008 ) );
#510 = ADVANCED_FACE( '', ( #1009 ), #1010, .F. );
#511 = PRESENTATION_STYLE_ASSIGNMENT( ( #1011 ) );
#512 = ADVANCED_FACE( '', ( #1012 ), #1013, .T. );
#513 = PRESENTATION_STYLE_ASSIGNMENT( ( #1014 ) );
#514 = ADVANCED_FACE( '', ( #1015 ), #1016, .T. );
#515 = PRESENTATION_STYLE_ASSIGNMENT( ( #1017 ) );
#516 = ADVANCED_FACE( '', ( #1018 ), #1019, .T. );
#517 = PRESENTATION_STYLE_ASSIGNMENT( ( #1020 ) );
#518 = ADVANCED_FACE( '', ( #1021 ), #1022, .F. );
#519 = PRESENTATION_STYLE_ASSIGNMENT( ( #1023 ) );
#520 = ADVANCED_FACE( '', ( #1024 ), #1025, .T. );
#521 = PRESENTATION_STYLE_ASSIGNMENT( ( #1026 ) );
#522 = ADVANCED_FACE( '', ( #1027 ), #1028, .T. );
#523 = PRESENTATION_STYLE_ASSIGNMENT( ( #1029 ) );
#524 = ADVANCED_FACE( '', ( #1030 ), #1031, .T. );
#525 = PRESENTATION_STYLE_ASSIGNMENT( ( #1032 ) );
#526 = ADVANCED_FACE( '', ( #1033 ), #1034, .T. );
#527 = PRESENTATION_STYLE_ASSIGNMENT( ( #1035 ) );
#528 = ADVANCED_FACE( '', ( #1036 ), #1037, .F. );
#529 = PRESENTATION_STYLE_ASSIGNMENT( ( #1038 ) );
#530 = ADVANCED_FACE( '', ( #1039 ), #1040, .T. );
#531 = PRESENTATION_STYLE_ASSIGNMENT( ( #1041 ) );
#532 = ADVANCED_FACE( '', ( #1042, #1043 ), #1044, .F. );
#533 = PRESENTATION_STYLE_ASSIGNMENT( ( #1045 ) );
#534 = ADVANCED_FACE( '', ( #1046 ), #1047, .T. );
#535 = PRESENTATION_STYLE_ASSIGNMENT( ( #1048 ) );
#536 = ADVANCED_FACE( '', ( #1049 ), #1050, .F. );
#539 = LENGTH_MEASURE_WITH_UNIT( LENGTH_MEASURE( 1.00000000000000 ), #1051 );
#542 = DIMENSIONAL_EXPONENTS( 1.00000000000000, 0.000000000000000, 0.000000000000000, 0.000000000000000, 0.000000000000000, 0.000000000000000, 0.000000000000000 );
#544 = DIMENSIONAL_EXPONENTS( 0.000000000000000, 0.000000000000000, 0.000000000000000, 0.000000000000000, 0.000000000000000, 0.000000000000000, 0.000000000000000 );
#550 = PRODUCT_CONTEXT( '', #22, 'mechanical' );
#551 = PRODUCT_DEFINITION_FORMATION_WITH_SPECIFIED_SOURCE( ' ', 'NONE', #204, .NOT_KNOWN. );
#552 = CARTESIAN_POINT( '', ( 0.000000000000000, 0.000000000000000, 0.000000000000000 ) );
#553 = DIRECTION( '', ( 0.000000000000000, 0.000000000000000, 1.00000000000000 ) );
#554 = DIRECTION( '', ( 1.00000000000000, 0.000000000000000, 0.000000000000000 ) );
#555 = CARTESIAN_POINT( '', ( 0.000000000000000, 0.000000000000000, 0.000000000000000 ) );
#556 = DIRECTION( '', ( 0.000000000000000, 0.000000000000000, 1.00000000000000 ) );
#557 = DIRECTION( '', ( 1.00000000000000, 0.000000000000000, 0.000000000000000 ) );
#558 = CARTESIAN_POINT( '', ( -2.46361255226298E-016, -3.25260651745652E-016, 1.00000000000000 ) );
#559 = DIRECTION( '', ( 0.000000000000000, 0.000000000000000, 1.00000000000000 ) );
#560 = DIRECTION( '', ( 1.00000000000000, 0.000000000000000, 0.000000000000000 ) );
#561 = CARTESIAN_POINT( '', ( -5.42101086242752E-016, 1.69406589450860E-016, 1.00000000000000 ) );
#562 = DIRECTION( '', ( 0.000000000000000, 0.000000000000000, 1.00000000000000 ) );
#563 = DIRECTION( '', ( 1.00000000000000, 0.000000000000000, 0.000000000000000 ) );
#566 = UNCERTAINTY_MEASURE_WITH_UNIT( LENGTH_MEASURE( 0.00100000000000000 ), #568, '', '' );
#568 =  ( CONVERSION_BASED_UNIT( 'MILLIMETRE', #1054 )LENGTH_UNIT(  )NAMED_UNIT( #1057 ) );
#569 =  ( NAMED_UNIT( #1059 )PLANE_ANGLE_UNIT(  )SI_UNIT( $, .RADIAN. ) );
#570 =  ( NAMED_UNIT( #1059 )SI_UNIT( $, .STERADIAN. )SOLID_ANGLE_UNIT(  ) );
#572 = PRODUCT_DEFINITION_FORMATION_WITH_SPECIFIED_SOURCE( ' ', 'NONE', #211, .NOT_KNOWN. );
#573 = CLOSED_SHELL( '', ( #450, #402, #270, #330, #272, #424, #408, #244, #262, #252, #286, #290, #366, #388, #502, #518, #430, #334, #246, #274, #494, #460, #456, #378, #380, #532, #536, #496, #422, #308 ) );
#574 = PRODUCT_DEFINITION_FORMATION_WITH_SPECIFIED_SOURCE( ' ', 'NONE', #219, .NOT_KNOWN. );
#575 = CLOSED_SHELL( '', ( #344, #498, #300, #298, #410, #318, #462, #468, #336, #470, #504, #530, #248, #346, #434, #514, #386, #314, #528, #506, #276, #312, #360, #464, #420, #338, #316, #328, #320, #306, #264, #284, #302, #350 ) );
#576 = PRODUCT_DEFINITION_FORMATION_WITH_SPECIFIED_SOURCE( ' ', 'NONE', #227, .NOT_KNOWN. );
#577 = CLOSED_SHELL( '', ( #396, #482, #484, #522, #412, #288, #428, #356, #294, #376, #418, #520, #348, #352, #492, #400, #446, #488, #280, #534, #472, #242, #458, #486, #340, #452, #478, #256, #296, #240, #480, #512, #362, #370, #258, #440, #368, #474, #358, #454, #404, #442, #436, #510, #382, #490, #466, #238, #236, #392, #398, #322, #476, #500, #390, #508, #332, #254, #278, #394, #304, #372, #250, #414, #426, #448, #282, #266, #384, #516, #524, #406, #268, #374, #324, #526, #260, #326, #292, #432, #354, #364, #310, #438, #444, #342, #416 ) );
#578 = SURFACE_STYLE_USAGE( .BOTH., #1065 );
#579 = FACE_OUTER_BOUND( '', #1066, .T. );
#580 = PLANE( '', #1067 );
#581 = SURFACE_STYLE_USAGE( .BOTH., #1068 );
#582 = FACE_OUTER_BOUND( '', #1069, .T. );
#583 = PLANE( '', #1070 );
#584 = SURFACE_STYLE_USAGE( .BOTH., #1071 );
#585 = FACE_OUTER_BOUND( '', #1072, .T. );
#586 = SURFACE_OF_LINEAR_EXTRUSION( '', #1073, #1074 );
#587 = SURFACE_STYLE_USAGE( .BOTH., #1075 );
#588 = FACE_OUTER_BOUND( '', #1076, .T. );
#589 = PLANE( '', #1077 );
#590 = SURFACE_STYLE_USAGE( .BOTH., #1078 );
#591 = FACE_OUTER_BOUND( '', #1079, .T. );
#592 = PLANE( '', #1080 );
#593 = SURFACE_STYLE_USAGE( .BOTH., #1081 );
#594 = FACE_OUTER_BOUND( '', #1082, .T. );
#595 = PLANE( '', #1083 );
#596 = SURFACE_STYLE_USAGE( .BOTH., #1084 );
#597 = FACE_OUTER_BOUND( '', #1085, .T. );
#598 = PLANE( '', #1086 );
#599 = SURFACE_STYLE_USAGE( .BOTH., #1087 );
#600 = FACE_OUTER_BOUND( '', #1088, .T. );
#601 = PLANE( '', #1089 );
#602 = SURFACE_STYLE_USAGE( .BOTH., #1090 );
#603 = FACE_OUTER_BOUND( '', #1091, .T. );
#604 = PLANE( '', #1092 );
#605 = SURFACE_STYLE_USAGE( .BOTH., #1093 );
#606 = FACE_OUTER_BOUND( '', #1094, .T. );
#607 = PLANE( '', #1095 );
#608 = SURFACE_STYLE_USAGE( .BOTH., #1096 );
#609 = FACE_OUTER_BOUND( '', #1097, .T. );
#610 = PLANE( '', #1098 );
#611 = SURFACE_STYLE_USAGE( .BOTH., #1099 );
#612 = FACE_OUTER_BOUND( '', #1100, .T. );
#613 = SURFACE_OF_LINEAR_EXTRUSION( '', #1101, #1102 );
#614 = SURFACE_STYLE_USAGE( .BOTH., #1103 );
#615 = FACE_OUTER_BOUND( '', #1104, .T. );
#616 = PLANE( '', #1105 );
#617 = SURFACE_STYLE_USAGE( .BOTH., #1106 );
#618 = FACE_OUTER_BOUND( '', #1107, .T. );
#619 = PLANE( '', #1108 );
#620 = SURFACE_STYLE_USAGE( .BOTH., #1109 );
#621 = FACE_OUTER_BOUND( '', #1110, .T. );
#622 = PLANE( '', #1111 );
#623 = SURFACE_STYLE_USAGE( .BOTH., #1112 );
#624 = FACE_OUTER_BOUND( '', #1113, .T. );
#625 = PLANE( '', #1114 );
#626 = SURFACE_STYLE_USAGE( .BOTH., #1115 );
#627 = FACE_OUTER_BOUND( '', #1116, .T. );
#628 = PLANE( '', #1117 );
#629 = SURFACE_STYLE_USAGE( .BOTH., #1118 );
#630 = FACE_OUTER_BOUND( '', #1119, .T. );
#631 = PLANE( '', #1120 );
#632 = SURFACE_STYLE_USAGE( .BOTH., #1121 );
#633 = FACE_OUTER_BOUND( '', #1122, .T. );
#634 = PLANE( '', #1123 );
#635 = SURFACE_STYLE_USAGE( .BOTH., #1124 );
#636 = FACE_OUTER_BOUND( '', #1125, .T. );
#637 = PLANE( '', #1126 );
#638 = SURFACE_STYLE_USAGE( .BOTH., #1127 );
#639 = FACE_OUTER_BOUND( '', #1128, .T. );
#640 = PLANE( '', #1129 );
#641 = SURFACE_STYLE_USAGE( .BOTH., #1130 );
#642 = FACE_OUTER_BOUND( '', #1131, .T. );
#643 = SURFACE_OF_LINEAR_EXTRUSION( '', #1132, #1133 );
#644 = SURFACE_STYLE_USAGE( .BOTH., #1134 );
#645 = FACE_OUTER_BOUND( '', #1135, .T. );
#646 = PLANE( '', #1136 );
#647 = SURFACE_STYLE_USAGE( .BOTH., #1137 );
#648 = FACE_OUTER_BOUND( '', #1138, .T. );
#649 = PLANE( '', #1139 );
#650 = SURFACE_STYLE_USAGE( .BOTH., #1140 );
#651 = FACE_OUTER_BOUND( '', #1141, .T. );
#652 = PLANE( '', #1142 );
#653 = SURFACE_STYLE_USAGE( .BOTH., #1143 );
#654 = FACE_OUTER_BOUND( '', #1144, .T. );
#655 = PLANE( '', #1145 );
#656 = SURFACE_STYLE_USAGE( .BOTH., #1146 );
#657 = FACE_OUTER_BOUND( '', #1147, .T. );
#658 = PLANE( '', #1148 );
#659 = SURFACE_STYLE_USAGE( .BOTH., #1149 );
#660 = FACE_OUTER_BOUND( '', #1150, .T. );
#661 = PLANE( '', #1151 );
#662 = SURFACE_STYLE_USAGE( .BOTH., #1152 );
#663 = FACE_OUTER_BOUND( '', #1153, .T. );
#664 = PLANE( '', #1154 );
#665 = SURFACE_STYLE_USAGE( .BOTH., #1155 );
#666 = FACE_OUTER_BOUND( '', #1156, .T. );
#667 = PLANE( '', #1157 );
#668 = SURFACE_STYLE_USAGE( .BOTH., #1158 );
#669 = FACE_OUTER_BOUND( '', #1159, .T. );
#670 = PLANE( '', #1160 );
#671 = SURFACE_STYLE_USAGE( .BOTH., #1161 );
#672 = FACE_BOUND( '', #1162, .T. );
#673 = FACE_OUTER_BOUND( '', #1163, .T. );
#674 = FACE_OUTER_BOUND( '', #1164, .T. );
#675 = FACE_BOUND( '', #1165, .T. );
#676 = CYLINDRICAL_SURFACE( '', #1166, 0.250000000000000 );
#677 = SURFACE_STYLE_USAGE( .BOTH., #1167 );
#678 = FACE_OUTER_BOUND( '', #1168, .T. );
#679 = PLANE( '', #1169 );
#680 = SURFACE_STYLE_USAGE( .BOTH., #1170 );
#681 = FACE_OUTER_BOUND( '', #1171, .T. );
#682 = PLANE( '', #1172 );
#683 = SURFACE_STYLE_USAGE( .BOTH., #1173 );
#684 = FACE_OUTER_BOUND( '', #1174, .T. );
#685 = PLANE( '', #1175 );
#686 = SURFACE_STYLE_USAGE( .BOTH., #1176 );
#687 = FACE_OUTER_BOUND( '', #1177, .T. );
#688 = PLANE( '', #1178 );
#689 = SURFACE_STYLE_USAGE( .BOTH., #1179 );
#690 = FACE_OUTER_BOUND( '', #1180, .T. );
#691 = CYLINDRICAL_SURFACE( '', #1181, 0.500000000000000 );
#692 = SURFACE_STYLE_USAGE( .BOTH., #1182 );
#693 = FACE_OUTER_BOUND( '', #1183, .T. );
#694 = SURFACE_OF_LINEAR_EXTRUSION( '', #1184, #1185 );
#695 = SURFACE_STYLE_USAGE( .BOTH., #1186 );
#696 = FACE_OUTER_BOUND( '', #1187, .T. );
#697 = PLANE( '', #1188 );
#698 = SURFACE_STYLE_USAGE( .BOTH., #1189 );
#699 = FACE_OUTER_BOUND( '', #1190, .T. );
#700 = PLANE( '', #1191 );
#701 = SURFACE_STYLE_USAGE( .BOTH., #1192 );
#702 = FACE_OUTER_BOUND( '', #1193, .T. );
#703 = PLANE( '', #1194 );
#704 = SURFACE_STYLE_USAGE( .BOTH., #1195 );
#705 = FACE_OUTER_BOUND( '', #1196, .T. );
#706 = FACE_OUTER_BOUND( '', #1197, .T. );
#707 = TOROIDAL_SURFACE( '', #1198, 0.0600000000000000, 0.0250000000000000 );
#708 = SURFACE_STYLE_USAGE( .BOTH., #1199 );
#709 = FACE_OUTER_BOUND( '', #1200, .T. );
#710 = PLANE( '', #1201 );
#711 = SURFACE_STYLE_USAGE( .BOTH., #1202 );
#712 = FACE_OUTER_BOUND( '', #1203, .T. );
#713 = PLANE( '', #1204 );
#714 = SURFACE_STYLE_USAGE( .BOTH., #1205 );
#715 = FACE_OUTER_BOUND( '', #1206, .T. );
#716 = PLANE( '', #1207 );
#717 = SURFACE_STYLE_USAGE( .BOTH., #1208 );
#718 = FACE_OUTER_BOUND( '', #1209, .T. );
#719 = SURFACE_OF_LINEAR_EXTRUSION( '', #1210, #1211 );
#720 = SURFACE_STYLE_USAGE( .BOTH., #1212 );
#721 = FACE_OUTER_BOUND( '', #1213, .T. );
#722 = PLANE( '', #1214 );
#723 = SURFACE_STYLE_USAGE( .BOTH., #1215 );
#724 = FACE_OUTER_BOUND( '', #1216, .T. );
#725 = PLANE( '', #1217 );
#726 = SURFACE_STYLE_USAGE( .BOTH., #1218 );
#727 = FACE_OUTER_BOUND( '', #1219, .T. );
#728 = SURFACE_OF_LINEAR_EXTRUSION( '', #1220, #1221 );
#729 = SURFACE_STYLE_USAGE( .BOTH., #1222 );
#730 = FACE_OUTER_BOUND( '', #1223, .T. );
#731 = PLANE( '', #1224 );
#732 = SURFACE_STYLE_USAGE( .BOTH., #1225 );
#733 = FACE_OUTER_BOUND( '', #1226, .T. );
#734 = PLANE( '', #1227 );
#735 = SURFACE_STYLE_USAGE( .BOTH., #1228 );
#736 = FACE_OUTER_BOUND( '', #1229, .T. );
#737 = PLANE( '', #1230 );
#738 = SURFACE_STYLE_USAGE( .BOTH., #1231 );
#739 = FACE_OUTER_BOUND( '', #1232, .T. );
#740 = PLANE( '', #1233 );
#741 = SURFACE_STYLE_USAGE( .BOTH., #1234 );
#742 = FACE_OUTER_BOUND( '', #1235, .T. );
#743 = PLANE( '', #1236 );
#744 = SURFACE_STYLE_USAGE( .BOTH., #1237 );
#745 = FACE_OUTER_BOUND( '', #1238, .T. );
#746 = PLANE( '', #1239 );
#747 = SURFACE_STYLE_USAGE( .BOTH., #1240 );
#748 = FACE_OUTER_BOUND( '', #1241, .T. );
#749 = PLANE( '', #1242 );
#750 = SURFACE_STYLE_USAGE( .BOTH., #1243 );
#751 = FACE_OUTER_BOUND( '', #1244, .T. );
#752 = PLANE( '', #1245 );
#753 = SURFACE_STYLE_USAGE( .BOTH., #1246 );
#754 = FACE_OUTER_BOUND( '', #1247, .T. );
#755 = FACE_OUTER_BOUND( '', #1248, .T. );
#756 = TOROIDAL_SURFACE( '', #1249, 0.0600000000000000, 0.0250000000000000 );
#757 = SURFACE_STYLE_USAGE( .BOTH., #1250 );
#758 = FACE_OUTER_BOUND( '', #1251, .T. );
#759 = PLANE( '', #1252 );
#760 = SURFACE_STYLE_USAGE( .BOTH., #1253 );
#761 = FACE_OUTER_BOUND( '', #1254, .T. );
#762 = PLANE( '', #1255 );
#763 = SURFACE_STYLE_USAGE( .BOTH., #1256 );
#764 = FACE_OUTER_BOUND( '', #1257, .T. );
#765 = PLANE( '', #1258 );
#766 = SURFACE_STYLE_USAGE( .BOTH., #1259 );
#767 = FACE_OUTER_BOUND( '', #1260, .T. );
#768 = PLANE( '', #1261 );
#769 = SURFACE_STYLE_USAGE( .BOTH., #1262 );
#770 = FACE_OUTER_BOUND( '', #1263, .T. );
#771 = PLANE( '', #1264 );
#772 = SURFACE_STYLE_USAGE( .BOTH., #1265 );
#773 = FACE_OUTER_BOUND( '', #1266, .T. );
#774 = SURFACE_OF_LINEAR_EXTRUSION( '', #1267, #1268 );
#775 = SURFACE_STYLE_USAGE( .BOTH., #1269 );
#776 = FACE_OUTER_BOUND( '', #1270, .T. );
#777 = SURFACE_OF_LINEAR_EXTRUSION( '', #1271, #1272 );
#778 = SURFACE_STYLE_USAGE( .BOTH., #1273 );
#779 = FACE_OUTER_BOUND( '', #1274, .T. );
#780 = PLANE( '', #1275 );
#781 = SURFACE_STYLE_USAGE( .BOTH., #1276 );
#782 = FACE_OUTER_BOUND( '', #1277, .T. );
#783 = PLANE( '', #1278 );
#784 = SURFACE_STYLE_USAGE( .BOTH., #1279 );
#785 = FACE_OUTER_BOUND( '', #1280, .T. );
#786 = PLANE( '', #1281 );
#787 = SURFACE_STYLE_USAGE( .BOTH., #1282 );
#788 = FACE_OUTER_BOUND( '', #1283, .T. );
#789 = PLANE( '', #1284 );
#790 = SURFACE_STYLE_USAGE( .BOTH., #1285 );
#791 = FACE_OUTER_BOUND( '', #1286, .T. );
#792 = PLANE( '', #1287 );
#793 = SURFACE_STYLE_USAGE( .BOTH., #1288 );
#794 = FACE_OUTER_BOUND( '', #1289, .T. );
#795 = PLANE( '', #1290 );
#796 = SURFACE_STYLE_USAGE( .BOTH., #1291 );
#797 = FACE_OUTER_BOUND( '', #1292, .T. );
#798 = PLANE( '', #1293 );
#799 = SURFACE_STYLE_USAGE( .BOTH., #1294 );
#800 = FACE_OUTER_BOUND( '', #1295, .T. );
#801 = PLANE( '', #1296 );
#802 = SURFACE_STYLE_USAGE( .BOTH., #1297 );
#803 = FACE_OUTER_BOUND( '', #1298, .T. );
#804 = CYLINDRICAL_SURFACE( '', #1299, 0.250000000000000 );
#805 = SURFACE_STYLE_USAGE( .BOTH., #1300 );
#806 = FACE_OUTER_BOUND( '', #1301, .T. );
#807 = PLANE( '', #1302 );
#808 = SURFACE_STYLE_USAGE( .BOTH., #1303 );
#809 = FACE_OUTER_BOUND( '', #1304, .T. );
#810 = PLANE( '', #1305 );
#811 = SURFACE_STYLE_USAGE( .BOTH., #1306 );
#812 = FACE_OUTER_BOUND( '', #1307, .T. );
#813 = PLANE( '', #1308 );
#814 = SURFACE_STYLE_USAGE( .BOTH., #1309 );
#815 = FACE_OUTER_BOUND( '', #1310, .T. );
#816 = PLANE( '', #1311 );
#817 = SURFACE_STYLE_USAGE( .BOTH., #1312 );
#818 = FACE_OUTER_BOUND( '', #1313, .T. );
#819 = PLANE( '', #1314 );
#820 = SURFACE_STYLE_USAGE( .BOTH., #1315 );
#821 = FACE_OUTER_BOUND( '', #1316, .T. );
#822 = SURFACE_OF_LINEAR_EXTRUSION( '', #1317, #1318 );
#823 = SURFACE_STYLE_USAGE( .BOTH., #1319 );
#824 = FACE_OUTER_BOUND( '', #1320, .T. );
#825 = SURFACE_OF_LINEAR_EXTRUSION( '', #1321, #1322 );
#826 = SURFACE_STYLE_USAGE( .BOTH., #1323 );
#827 = FACE_OUTER_BOUND( '', #1324, .T. );
#828 = PLANE( '', #1325 );
#829 = SURFACE_STYLE_USAGE( .BOTH., #1326 );
#830 = FACE_OUTER_BOUND( '', #1327, .T. );
#831 = PLANE( '', #1328 );
#832 = SURFACE_STYLE_USAGE( .BOTH., #1329 );
#833 = FACE_OUTER_BOUND( '', #1330, .T. );
#834 = CYLINDRICAL_SURFACE( '', #1331, 0.250000000000000 );
#835 = SURFACE_STYLE_USAGE( .BOTH., #1332 );
#836 = FACE_OUTER_BOUND( '', #1333, .T. );
#837 = PLANE( '', #1334 );
#838 = SURFACE_STYLE_USAGE( .BOTH., #1335 );
#839 = FACE_OUTER_BOUND( '', #1336, .T. );
#840 = PLANE( '', #1337 );
#841 = SURFACE_STYLE_USAGE( .BOTH., #1338 );
#842 = FACE_OUTER_BOUND( '', #1339, .T. );
#843 = PLANE( '', #1340 );
#844 = SURFACE_STYLE_USAGE( .BOTH., #1341 );
#845 = FACE_OUTER_BOUND( '', #1342, .T. );
#846 = PLANE( '', #1343 );
#847 = SURFACE_STYLE_USAGE( .BOTH., #1344 );
#848 = FACE_OUTER_BOUND( '', #1345, .T. );
#849 = PLANE( '', #1346 );
#850 = SURFACE_STYLE_USAGE( .BOTH., #1347 );
#851 = FACE_OUTER_BOUND( '', #1348, .T. );
#852 = PLANE( '', #1349 );
#853 = SURFACE_STYLE_USAGE( .BOTH., #1350 );
#854 = FACE_OUTER_BOUND( '', #1351, .T. );
#855 = CYLINDRICAL_SURFACE( '', #1352, 0.250000000000000 );
#856 = SURFACE_STYLE_USAGE( .BOTH., #1353 );
#857 = FACE_OUTER_BOUND( '', #1354, .T. );
#858 = PLANE( '', #1355 );
#859 = SURFACE_STYLE_USAGE( .BOTH., #1356 );
#860 = FACE_OUTER_BOUND( '', #1357, .T. );
#861 = PLANE( '', #1358 );
#862 = SURFACE_STYLE_USAGE( .BOTH., #1359 );
#863 = FACE_OUTER_BOUND( '', #1360, .T. );
#864 = PLANE( '', #1361 );
#865 = SURFACE_STYLE_USAGE( .BOTH., #1362 );
#866 = FACE_OUTER_BOUND( '', #1363, .T. );
#867 = PLANE( '', #1364 );
#868 = SURFACE_STYLE_USAGE( .BOTH., #1365 );
#869 = FACE_BOUND( '', #1366, .T. );
#870 = FACE_OUTER_BOUND( '', #1367, .T. );
#871 = PLANE( '', #1368 );
#872 = SURFACE_STYLE_USAGE( .BOTH., #1369 );
#873 = FACE_OUTER_BOUND( '', #1370, .T. );
#874 = PLANE( '', #1371 );
#875 = SURFACE_STYLE_USAGE( .BOTH., #1372 );
#876 = FACE_BOUND( '', #1373, .T. );
#877 = FACE_OUTER_BOUND( '', #1374, .T. );
#878 = PLANE( '', #1375 );
#879 = SURFACE_STYLE_USAGE( .BOTH., #1376 );
#880 = FACE_OUTER_BOUND( '', #1377, .T. );
#881 = PLANE( '', #1378 );
#882 = SURFACE_STYLE_USAGE( .BOTH., #1379 );
#883 = FACE_OUTER_BOUND( '', #1380, .T. );
#884 = PLANE( '', #1381 );
#885 = SURFACE_STYLE_USAGE( .BOTH., #1382 );
#886 = FACE_OUTER_BOUND( '', #1383, .T. );
#887 = PLANE( '', #1384 );
#888 = SURFACE_STYLE_USAGE( .BOTH., #1385 );
#889 = FACE_OUTER_BOUND( '', #1386, .T. );
#890 = PLANE( '', #1387 );
#891 = SURFACE_STYLE_USAGE( .BOTH., #1388 );
#892 = FACE_OUTER_BOUND( '', #1389, .T. );
#893 = SURFACE_OF_LINEAR_EXTRUSION( '', #1390, #1391 );
#894 = SURFACE_STYLE_USAGE( .BOTH., #1392 );
#895 = FACE_OUTER_BOUND( '', #1393, .T. );
#896 = CYLINDRICAL_SURFACE( '', #1394, 0.500000000000000 );
#897 = SURFACE_STYLE_USAGE( .BOTH., #1395 );
#898 = FACE_OUTER_BOUND( '', #1396, .T. );
#899 = FACE_OUTER_BOUND( '', #1397, .T. );
#900 = SURFACE_OF_LINEAR_EXTRUSION( '', #1398, #1399 );
#901 = SURFACE_STYLE_USAGE( .BOTH., #1400 );
#902 = FACE_OUTER_BOUND( '', #1401, .T. );
#903 = PLANE( '', #1402 );
#904 = SURFACE_STYLE_USAGE( .BOTH., #1403 );
#905 = FACE_OUTER_BOUND( '', #1404, .T. );
#906 = PLANE( '', #1405 );
#907 = SURFACE_STYLE_USAGE( .BOTH., #1406 );
#908 = FACE_OUTER_BOUND( '', #1407, .T. );
#909 = PLANE( '', #1408 );
#910 = SURFACE_STYLE_USAGE( .BOTH., #1409 );
#911 = FACE_OUTER_BOUND( '', #1410, .T. );
#912 = PLANE( '', #1411 );
#913 = SURFACE_STYLE_USAGE( .BOTH., #1412 );
#914 = FACE_OUTER_BOUND( '', #1413, .T. );
#915 = PLANE( '', #1414 );
#916 = SURFACE_STYLE_USAGE( .BOTH., #1415 );
#917 = FACE_OUTER_BOUND( '', #1416, .T. );
#918 = PLANE( '', #1417 );
#919 = SURFACE_STYLE_USAGE( .BOTH., #1418 );
#920 = FACE_OUTER_BOUND( '', #1419, .T. );
#921 = PLANE( '', #1420 );
#922 = SURFACE_STYLE_USAGE( .BOTH., #1421 );
#923 = FACE_OUTER_BOUND( '', #1422, .T. );
#924 = PLANE( '', #1423 );
#925 = SURFACE_STYLE_USAGE( .BOTH., #1424 );
#926 = FACE_OUTER_BOUND( '', #1425, .T. );
#927 = FACE_OUTER_BOUND( '', #1426, .T. );
#928 = ( BOUNDED_SURFACE(  )B_SPLINE_SURFACE( 3, 2, ( ( #1429, #1430, #1431, #1432, #1433, #1434, #1435, #1436, #1437, #1438, #1439, #1440, #1441, #1442, #1443, #1444, #1445, #1446, #1447, #1448, #1449, #1450, #1451, #1452, #1453, #1454, #1455, #1456, #1457, #1458, #1459, #1460, #1461, #1462, #1463, #1464, #1465, #1466, #1467, #1468, #1469, #1470, #1471, #1472, #1473, #1474, #1475, #1476, #1477, #1478, #1479, #1480, #1481, #1482, #1483, #1484, #1485, #1486, #1487, #1488, #1489, #1490, #1491, #1492, #1493, #1494, #1495, #1496, #1497, #1498, #1499, #1500, #1501, #1502, #1503, #1504, #1505, #1506, #1507, #1508, #1509, #1510, #1511, #1512, #1513, #1514, #1515, #1516, #1517, #1518, #1519, #1520, #1521, #1522, #1523, #1524, #1525, #1526, #1527, #1528, #1529, #1530, #1531, #1532, #1533, #1534, #1535, #1536, #1537, #1538, #1539, #1540, #1541, #1542, #1543, #1544, #1545, #1546, #1547, #1548, #1549, #1550, #1551, #1552, #1553, #1554, #1555, #1556, #1557, #1558, #1559, #1560, #1561, #1562, #1563, #1564, #1565, #1566, #1567, #1568, #1569, #1570, #1571, #1572, #1573, #1574, #1575, #1576, #1577, #1578, #1579, #1580, #1581, #1582, #1583, #1584, #1585, #1586, #1587, #1588, #1589, #1590, #1591, #1592, #1593, #1594, #1595, #1596, #1597, #1598, #1599, #1600, #1601, #1602, #1603, #1604, #1605, #1606, #1607, #1608, #1609, #1610, #1611, #1612, #1613, #1614, #1615, #1616, #1617, #1618, #1619, #1620, #1621, #1622, #1623, #1624, #1625, #1626, #1627, #1628, #1629, #1630, #1631, #1632, #1633, #1634, #1635, #1636, #1637, #1638, #1639, #1640, #1641, #1642, #1643, #1644, #1645, #1646, #1647, #1648, #1649, #1650, #1651, #1652, #1653, #1654, #1655, #1656, #1657, #1658, #1659, #1660, #1661, #1662, #1663, #1664, #1665, #1666, #1667, #1668, #1669, #1670, #1671, #1672, #1673, #1674, #1675, #1676, #1677, #1678, #1679, #1680, #1681, #1682, #1683, #1684, #1685, #1686, #1687, #1688, #1689, #1690, #1691, #1692, #1693 ), ( #1694, #1695, #1696, #1697, #1698, #1699, #1700, #1701, #1702, #1703, #1704, #1705, #1706, #1707, #1708, #1709, #1710, #1711, #1712, #1713, #1714, #1715, #1716, #1717, #1718, #1719, #1720, #1721, #1722, #1723, #1724, #1725, #1726, #1727, #1728, #1729, #1730, #1731, #1732, #1733, #1734, #1735, #1736, #1737, #1738, #1739, #1740, #1741, #1742, #1743, #1744, #1745, #1746, #1747, #1748, #1749, #1750, #1751, #1752, #1753, #1754, #1755, #1756, #1757, #1758, #1759, #1760, #1761, #1762, #1763, #1764, #1765, #1766, #1767, #1768, #1769, #1770, #1771, #1772, #1773, #1774, #1775, #1776, #1777, #1778, #1779, #1780, #1781, #1782, #1783, #1784, #1785, #1786, #1787, #1788, #1789, #1790, #1791, #1792, #1793, #1794, #1795, #1796, #1797, #1798, #1799, #1800, #1801, #1802, #1803, #1804, #1805, #1806, #1807, #1808, #1809, #1810, #1811, #1812, #1813, #1814, #1815, #1816, #1817, #1818, #1819, #1820, #1821, #1822, #1823, #1824, #1825, #1826, #1827, #1828, #1829, #1830, #1831, #1832, #1833, #1834, #1835, #1836, #1837, #1838, #1839, #1840, #1841, #1842, #1843, #1844, #1845, #1846, #1847, #1848, #1849, #1850, #1851, #1852, #1853, #1854, #1855, #1856, #1857, #1858, #1859, #1860, #1861, #1862, #1863, #1864, #1865, #1866, #1867, #1868, #1869, #1870, #1871, #1872, #1873, #1874, #1875, #1876, #1877, #1878, #1879, #1880, #1881, #1882, #1883, #1884, #1885, #1886, #1887, #1888, #1889, #1890, #1891, #1892, #1893, #1894, #1895, #1896, #1897, #1898, #1899, #1900, #1901, #1902, #1903, #1904, #1905, #1906, #1907, #1908, #1909, #1910, #1911, #1912, #1913, #1914, #1915, #1916, #1917, #1918, #1919, #1920, #1921, #1922, #1923, #1924, #1925, #1926, #1927, #1928, #1929, #1930, #1931, #1932, #1933, #1934, #1935, #1936, #1937, #1938, #1939, #1940, #1941, #1942, #1943, #1944, #1945, #1946, #1947, #1948, #1949, #1950, #1951, #1952, #1953, #1954, #1955, #1956, #1957, #1958 ), ( #1959, #1960, #1961, #1962, #1963, #1964, #1965, #1966, #1967, #1968, #1969, #1970, #1971, #1972, #1973, #1974, #1975, #1976, #1977, #1978, #1979, #1980, #1981, #1982, #1983, #1984, #1985, #1986, #1987, #1988, #1989, #1990, #1991, #1992, #1993, #1994, #1995, #1996, #1997, #1998, #1999, #2000, #2001, #2002, #2003, #2004, #2005, #2006, #2007, #2008, #2009, #2010, #2011, #2012, #2013, #2014, #2015, #2016, #2017, #2018, #2019, #2020, #2021, #2022, #2023, #2024, #2025, #2026, #2027, #2028, #2029, #2030, #2031, #2032, #2033, #2034, #2035, #2036, #2037, #2038, #2039, #2040, #2041, #2042, #2043, #2044, #2045, #2046, #2047, #2048, #2049, #2050, #2051, #2052, #2053, #2054, #2055, #2056, #2057, #2058, #2059, #2060, #2061, #2062, #2063, #2064, #2065, #2066, #2067, #2068, #2069, #2070, #2071, #2072, #2073, #2074, #2075, #2076, #2077, #2078, #2079, #2080, #2081, #2082, #2083, #2084, #2085, #2086, #2087, #2088, #2089, #2090, #2091, #2092, #2093, #2094, #2095, #2096, #2097, #2098, #2099, #2100, #2101, #2102, #2103, #2104, #2105, #2106, #2107, #2108, #2109, #2110, #2111, #2112, #2113, #2114, #2115, #2116, #2117, #2118, #2119, #2120, #2121, #2122, #2123, #2124, #2125, #2126, #2127, #2128, #2129, #2130, #2131, #2132, #2133, #2134, #2135, #2136, #2137, #2138, #2139, #2140, #2141, #2142, #2143, #2144, #2145, #2146, #2147, #2148, #2149, #2150, #2151, #2152, #2153, #2154, #2155, #2156, #2157, #2158, #2159, #2160, #2161, #2162, #2163, #2164, #2165, #2166, #2167, #2168, #2169, #2170, #2171, #2172, #2173, #2174, #2175, #2176, #2177, #2178, #2179, #2180, #2181, #2182, #2183, #2184, #2185, #2186, #2187, #2188, #2189, #2190, #2191, #2192, #2193, #2194, #2195, #2196, #2197, #2198, #2199, #2200, #2201, #2202, #2203, #2204, #2205, #2206, #2207, #2208, #2209, #2210, #2211, #2212, #2213, #2214, #2215, #2216, #2217, #2218, #2219, #2220, #2221, #2222, #2223 ), ( #2224, #2225, #2226, #2227, #2228, #2229, #2230, #2231, #2232, #2233, #2234, #2235, #2236, #2237, #2238, #2239, #2240, #2241, #2242, #2243, #2244, #2245, #2246, #2247, #2248, #2249, #2250, #2251, #2252, #2253, #2254, #2255, #2256, #2257, #2258, #2259, #2260, #2261, #2262, #2263, #2264, #2265, #2266, #2267, #2268, #2269, #2270, #2271, #2272, #2273, #2274, #2275, #2276, #2277, #2278, #2279, #2280, #2281, #2282, #2283, #2284, #2285, #2286, #2287, #2288, #2289, #2290, #2291, #2292, #2293, #2294, #2295, #2296, #2297, #2298, #2299, #2300, #2301, #2302, #2303, #2304, #2305, #2306, #2307, #2308, #2309, #2310, #2311, #2312, #2313, #2314, #2315, #2316, #2317, #2318, #2319, #2320, #2321, #2322, #2323, #2324, #2325, #2326, #2327, #2328, #2329, #2330, #2331, #2332, #2333, #2334, #2335, #2336, #2337, #2338, #2339, #2340, #2341, #2342, #2343, #2344, #2345, #2346, #2347, #2348, #2349, #2350, #2351, #2352, #2353, #2354, #2355, #2356, #2357, #2358, #2359, #2360, #2361, #2362, #2363, #2364, #2365, #2366, #2367, #2368, #2369, #2370, #2371, #2372, #2373, #2374, #2375, #2376, #2377, #2378, #2379, #2380, #2381, #2382, #2383, #2384, #2385, #2386, #2387, #2388, #2389, #2390, #2391, #2392, #2393, #2394, #2395, #2396, #2397, #2398, #2399, #2400, #2401, #2402, #2403, #2404, #2405, #2406, #2407, #2408, #2409, #2410, #2411, #2412, #2413, #2414, #2415, #2416, #2417, #2418, #2419, #2420, #2421, #2422, #2423, #2424, #2425, #2426, #2427, #2428, #2429, #2430, #2431, #2432, #2433, #2434, #2435, #2436, #2437, #2438, #2439, #2440, #2441, #2442, #2443, #2444, #2445, #2446, #2447, #2448, #2449, #2450, #2451, #2452, #2453, #2454, #2455, #2456, #2457, #2458, #2459, #2460, #2461, #2462, #2463, #2464, #2465, #2466, #2467, #2468, #2469, #2470, #2471, #2472, #2473, #2474, #2475, #2476, #2477, #2478, #2479, #2480, #2481, #2482, #2483, #2484, #2485, #2486, #2487, #2488 ), ( #2489, #2490, #2491, #2492, #2493, #2494, #2495, #2496, #2497, #2498, #2499, #2500, #2501, #2502, #2503, #2504, #2505, #2506, #2507, #2508, #2509, #2510, #2511, #2512, #2513, #2514, #2515, #2516, #2517, #2518, #2519, #2520, #2521, #2522, #2523, #2524, #2525, #2526, #2527, #2528, #2529, #2530, #2531, #2532, #2533, #2534, #2535, #2536, #2537, #2538, #2539, #2540, #2541, #2542, #2543, #2544, #2545, #2546, #2547, #2548, #2549, #2550, #2551, #2552, #2553, #2554, #2555, #2556, #2557, #2558, #2559, #2560, #2561, #2562, #2563, #2564, #2565, #2566, #2567, #2568, #2569, #2570, #2571, #2572, #2573, #2574, #2575, #2576, #2577, #2578, #2579, #2580, #2581, #2582, #2583, #2584, #2585, #2586, #2587, #2588, #2589, #2590, #2591, #2592, #2593, #2594, #2595, #2596, #2597, #2598, #2599, #2600, #2601, #2602, #2603, #2604, #2605, #2606, #2607, #2608, #2609, #2610, #2611, #2612, #2613, #2614, #2615, #2616, #2617, #2618, #2619, #2620, #2621, #2622, #2623, #2624, #2625, #2626, #2627, #2628, #2629, #2630, #2631, #2632, #2633, #2634, #2635, #2636, #2637, #2638, #2639, #2640, #2641, #2642, #2643, #2644, #2645, #2646, #2647, #2648, #2649, #2650, #2651, #2652, #2653, #2654, #2655, #2656, #2657, #2658, #2659, #2660, #2661, #2662, #2663, #2664, #2665, #2666, #2667, #2668, #2669, #2670, #2671, #2672, #2673, #2674, #2675, #2676, #2677, #2678, #2679, #2680, #2681, #2682, #2683, #2684, #2685, #2686, #2687, #2688, #2689, #2690, #2691, #2692, #2693, #2694, #2695, #2696, #2697, #2698, #2699, #2700, #2701, #2702, #2703, #2704, #2705, #2706, #2707, #2708, #2709, #2710, #2711, #2712, #2713, #2714, #2715, #2716, #2717, #2718, #2719, #2720, #2721, #2722, #2723, #2724, #2725, #2726, #2727, #2728, #2729, #2730, #2731, #2732, #2733, #2734, #2735, #2736, #2737, #2738, #2739, #2740, #2741, #2742, #2743, #2744, #2745, #2746, #2747, #2748, #2749, #2750, #2751, #2752, #2753 ), ( #2754, #2755, #2756, #2757, #2758, #2759, #2760, #2761, #2762, #2763, #2764, #2765, #2766, #2767, #2768, #2769, #2770, #2771, #2772, #2773, #2774, #2775, #2776, #2777, #2778, #2779, #2780, #2781, #2782, #2783, #2784, #2785, #2786, #2787, #2788, #2789, #2790, #2791, #2792, #2793, #2794, #2795, #2796, #2797, #2798, #2799, #2800, #2801, #2802, #2803, #2804, #2805, #2806, #2807, #2808, #2809, #2810, #2811, #2812, #2813, #2814, #2815, #2816, #2817, #2818, #2819, #2820, #2821, #2822, #2823, #2824, #2825, #2826, #2827, #2828, #2829, #2830, #2831, #2832, #2833, #2834, #2835, #2836, #2837, #2838, #2839, #2840, #2841, #2842, #2843, #2844, #2845, #2846, #2847, #2848, #2849, #2850, #2851, #2852, #2853, #2854, #2855, #2856, #2857, #2858, #2859, #2860, #2861, #2862, #2863, #2864, #2865, #2866, #2867, #2868, #2869, #2870, #2871, #2872, #2873, #2874, #2875, #2876, #2877, #2878, #2879, #2880, #2881, #2882, #2883, #2884, #2885, #2886, #2887, #2888, #2889, #2890, #2891, #2892, #2893, #2894, #2895, #2896, #2897, #2898, #2899, #2900, #2901, #2902, #2903, #2904, #2905, #2906, #2907, #2908, #2909, #2910, #2911, #2912, #2913, #2914, #2915, #2916, #2917, #2918, #2919, #2920, #2921, #2922, #2923, #2924, #2925, #2926, #2927, #2928, #2929, #2930, #2931, #2932, #2933, #2934, #2935, #2936, #2937, #2938, #2939, #2940, #2941, #2942, #2943, #2944, #2945, #2946, #2947, #2948, #2949, #2950, #2951, #2952, #2953, #2954, #2955, #2956, #2957, #2958, #2959, #2960, #2961, #2962, #2963, #2964, #2965, #2966, #2967, #2968, #2969, #2970, #2971, #2972, #2973, #2974, #2975, #2976, #2977, #2978, #2979, #2980, #2981, #2982, #2983, #2984, #2985, #2986, #2987, #2988, #2989, #2990, #2991, #2992, #2993, #2994, #2995, #2996, #2997, #2998, #2999, #3000, #3001, #3002, #3003, #3004, #3005, #3006, #3007, #3008, #3009, #3010, #3011, #3012, #3013, #3014, #3015, #3016, #3017, #3018 ), ( #3019, #3020, #3021, #3022, #3023, #3024, #3025, #3026, #3027, #3028, #3029, #3030, #3031, #3032, #3033, #3034, #3035, #3036, #3037, #3038, #3039, #3040, #3041, #3042, #3043, #3044, #3045, #3046, #3047, #3048, #3049, #3050, #3051, #3052, #3053, #3054, #3055, #3056, #3057, #3058, #3059, #3060, #3061, #3062, #3063, #3064, #3065, #3066, #3067, #3068, #3069, #3070, #3071, #3072, #3073, #3074, #3075, #3076, #3077, #3078, #3079, #3080, #3081, #3082, #3083, #3084, #3085, #3086, #3087, #3088, #3089, #3090, #3091, #3092, #3093, #3094, #3095, #3096, #3097, #3098, #3099, #3100, #3101, #3102, #3103, #3104, #3105, #3106, #3107, #3108, #3109, #3110, #3111, #3112, #3113, #3114, #3115, #3116, #3117, #3118, #3119, #3120, #3121, #3122, #3123, #3124, #3125, #3126, #3127, #3128, #3129, #3130, #3131, #3132, #3133, #3134, #3135, #3136, #3137, #3138, #3139, #3140, #3141, #3142, #3143, #3144, #3145, #3146, #3147, #3148, #3149, #3150, #3151, #3152, #3153, #3154, #3155, #3156, #3157, #3158, #3159, #3160, #3161, #3162, #3163, #3164, #3165, #3166, #3167, #3168, #3169, #3170, #3171, #3172, #3173, #3174, #3175, #3176, #3177, #3178, #3179, #3180, #3181, #3182, #3183, #3184, #3185, #3186, #3187, #3188, #3189, #3190, #3191, #3192, #3193, #3194, #3195, #3196, #3197, #3198, #3199, #3200, #3201, #3202, #3203, #3204, #3205, #3206, #3207, #3208, #3209, #3210, #3211, #3212, #3213, #3214, #3215, #3216, #3217, #3218, #3219, #3220, #3221, #3222, #3223, #3224, #3225, #3226, #3227, #3228, #3229, #3230, #3231, #3232, #3233, #3234, #3235, #3236, #3237, #3238, #3239, #3240, #3241, #3242, #3243, #3244, #3245, #3246, #3247, #3248, #3249, #3250, #3251, #3252, #3253, #3254, #3255, #3256, #3257, #3258, #3259, #3260, #3261, #3262, #3263, #3264, #3265, #3266, #3267, #3268, #3269, #3270, #3271, #3272, #3273, #3274, #3275, #3276, #3277, #3278, #3279, #3280, #3281, #3282, #3283 ) ), .UNSPECIFIED., .T., .F., .F. )B_SPLINE_SURFACE_WITH_KNOTS( ( 4, 3, 4 ), ( 3, 2, 2, 2, 2, 2, 2, 2, 2, 2, 2, 2, 2, 2, 2, 2, 2, 2, 2, 2, 2, 2, 2, 2, 2, 2, 2, 2, 2, 2, 2, 2, 2, 2, 2, 2, 2, 2, 2, 2, 2, 2, 2, 2, 2, 2, 2, 2, 2, 2, 2, 2, 2, 2, 2, 2, 2, 2, 2, 2, 2, 2, 2, 2, 2, 2, 2, 2, 2, 2, 2, 2, 2, 2, 2, 2, 2, 2, 2, 2, 2, 2, 2, 2, 2, 2, 2, 2, 2, 2, 2, 2, 2, 2, 2, 2, 2, 2, 2, 2, 2, 2, 2, 2, 2, 2, 2, 2, 2, 2, 2, 2, 2, 2, 2, 2, 2, 2, 2, 2, 2, 2, 2, 2, 2, 2, 2, 2, 2, 2, 2, 2, 3 ), ( 0.000000000000000, 0.500000000000000, 1.00000000000000 ), ( 0.000000000000000, 0.00757575757575758, 0.0151515151515152, 0.0227272727272727, 0.0303030303030303, 0.0378787878787879, 0.0454545454545455, 0.0530303030303030, 0.0606060606060606, 0.0681818181818182, 0.0757575757575758, 0.0833333333333333, 0.0909090909090909, 0.0984848484848485, 0.106060606060606, 0.113636363636364, 0.121212121212121, 0.128787878787879, 0.136363636363636, 0.143939393939394, 0.151515151515151, 0.159090909090909, 0.166666666666667, 0.174242424242425, 0.181818181818182, 0.189393939393940, 0.196969696969697, 0.204545454545455, 0.212121212121212, 0.219696969696970, 0.227272727272728, 0.234848484848485, 0.242424242424243, 0.250000000000000, 0.257575757575758, 0.265151515151515, 0.272727272727273, 0.280303030303031, 0.287878787878788, 0.295454545454546, 0.303030303030303, 0.310606060606061, 0.318181818181818, 0.325757575757576, 0.333333333333334, 0.340909090909091, 0.348484848484849, 0.356060606060606, 0.363636363636364, 0.371212121212121, 0.378787878787879, 0.386363636363637, 0.393939393939394, 0.401515151515151, 0.409090909090909, 0.416666666666667, 0.424242424242425, 0.431818181818182, 0.439393939393940, 0.446969696969697, 0.454545454545455, 0.462121212121212, 0.469696969696970, 0.477272727272727, 0.484848484848485, 0.492424242424242, 0.500000000000000, 0.507575757575758, 0.515151515151515, 0.522727272727273, 0.530303030303030, 0.537878787878788, 0.545454545454545, 0.553030303030303, 0.560606060606061, 0.568181818181818, 0.575757575757576, 0.583333333333333, 0.590909090909091, 0.598484848484849, 0.606060606060606, 0.613636363636364, 0.621212121212121, 0.628787878787879, 0.636363636363636, 0.643939393939394, 0.651515151515152, 0.659090909090909, 0.666666666666667, 0.674242424242424, 0.681818181818182, 0.689393939393939, 0.696969696969697, 0.704545454545455, 0.712121212121212, 0.719696969696970, 0.727272727272727, 0.734848484848485, 0.742424242424242, 0.750000000000000, 0.757575757575758, 0.765151515151515, 0.772727272727273, 0.780303030303030, 0.787878787878788, 0.795454545454545, 0.803030303030303, 0.810606060606061, 0.818181818181818, 0.825757575757576, 0.833333333333333, 0.840909090909091, 0.848484848484849, 0.856060606060606, 0.863636363636364, 0.871212121212121, 0.878787878787879, 0.886363636363636, 0.893939393939394, 0.901515151515151, 0.909090909090909, 0.916666666666667, 0.924242424242424, 0.931818181818182, 0.939393939393939, 0.946969696969697, 0.954545454545455, 0.962121212121212, 0.969696969696970, 0.977272727272727, 0.984848484848485, 0.992424242424242, 1.00000000000000 ), .UNSPECIFIED. )GEOMETRIC_REPRESENTATION_ITEM(  )RATIONAL_B_SPLINE_SURFACE( ( ( 1.00000000000000, 0.866025403784439, 1.00000000000000, 0.866025403784439, 1.00000000000000, 0.866025403784439, 1.00000000000000, 0.866025403784439, 1.00000000000000, 0.866025403784439, 1.00000000000000, 0.866025403784439, 1.00000000000000, 0.866025403784439, 1.00000000000000, 0.866025403784439, 1.00000000000000, 0.866025403784439, 1.00000000000000, 0.866025403784439, 1.00000000000000, 0.866025403784439, 1.00000000000000, 0.866025403784439, 1.00000000000000, 0.866025403784439, 1.00000000000000, 0.866025403784439, 1.00000000000000, 0.866025403784439, 1.00000000000000, 0.866025403784439, 1.00000000000000, 0.866025403784439, 1.00000000000000, 0.866025403784439, 1.00000000000000, 0.866025403784439, 1.00000000000000, 0.866025403784439, 1.00000000000000, 0.866025403784439, 1.00000000000000, 0.866025403784439, 1.00000000000000, 0.866025403784439, 1.00000000000000, 0.866025403784439, 1.00000000000000, 0.866025403784439, 1.00000000000000, 0.866025403784439, 1.00000000000000, 0.866025403784439, 1.00000000000000, 0.866025403784439, 1.00000000000000, 0.866025403784439, 1.00000000000000, 0.866025403784439, 1.00000000000000, 0.866025403784439, 1.00000000000000, 0.866025403784439, 1.00000000000000, 0.866025403784439, 1.00000000000000, 0.866025403784439, 1.00000000000000, 0.866025403784439, 1.00000000000000, 0.866025403784439, 1.00000000000000, 0.866025403784439, 1.00000000000000, 0.866025403784439, 1.00000000000000, 0.866025403784439, 1.00000000000000, 0.866025403784439, 1.00000000000000, 0.866025403784439, 1.00000000000000, 0.866025403784439, 1.00000000000000, 0.866025403784439, 1.00000000000000, 0.866025403784439, 1.00000000000000, 0.866025403784439, 1.00000000000000, 0.866025403784439, 1.00000000000000, 0.866025403784439, 1.00000000000000, 0.866025403784439, 1.00000000000000, 0.866025403784439, 1.00000000000000, 0.866025403784439, 1.00000000000000, 0.866025403784439, 1.00000000000000, 0.866025403784439, 1.00000000000000, 0.866025403784439, 1.00000000000000, 0.866025403784439, 1.00000000000000, 0.866025403784439, 1.00000000000000, 0.866025403784439, 1.00000000000000, 0.866025403784439, 1.00000000000000, 0.866025403784439, 1.00000000000000, 0.866025403784439, 1.00000000000000, 0.866025403784439, 1.00000000000000, 0.866025403784439, 1.00000000000000, 0.866025403784439, 1.00000000000000, 0.866025403784439, 1.00000000000000, 0.866025403784439, 1.00000000000000, 0.866025403784439, 1.00000000000000, 0.866025403784439, 1.00000000000000, 0.866025403784439, 1.00000000000000, 0.866025403784439, 1.00000000000000, 0.866025403784439, 1.00000000000000, 0.866025403784439, 1.00000000000000, 0.866025403784439, 1.00000000000000, 0.866025403784439, 1.00000000000000, 0.866025403784439, 1.00000000000000, 0.866025403784439, 1.00000000000000, 0.866025403784439, 1.00000000000000, 0.866025403784439, 1.00000000000000, 0.866025403784439, 1.00000000000000, 0.866025403784439, 1.00000000000000, 0.866025403784439, 1.00000000000000, 0.866025403784439, 1.00000000000000, 0.866025403784439, 1.00000000000000, 0.866025403784439, 1.00000000000000, 0.866025403784439, 1.00000000000000, 0.866025403784439, 1.00000000000000, 0.866025403784439, 1.00000000000000, 0.866025403784439, 1.00000000000000, 0.866025403784439, 1.00000000000000, 0.866025403784439, 1.00000000000000, 0.866025403784439, 1.00000000000000, 0.866025403784439, 1.00000000000000, 0.866025403784439, 1.00000000000000, 0.866025403784439, 1.00000000000000, 0.866025403784439, 1.00000000000000, 0.866025403784439, 1.00000000000000, 0.866025403784439, 1.00000000000000, 0.866025403784439, 1.00000000000000, 0.866025403784439, 1.00000000000000, 0.866025403784439, 1.00000000000000, 0.866025403784439, 1.00000000000000, 0.866025403784439, 1.00000000000000, 0.866025403784439, 1.00000000000000, 0.866025403784439, 1.00000000000000, 0.866025403784439, 1.00000000000000, 0.866025403784439, 1.00000000000000, 0.866025403784439, 1.00000000000000, 0.866025403784439, 1.00000000000000, 0.866025403784439, 1.00000000000000, 0.866025403784439, 1.00000000000000, 0.866025403784439, 1.00000000000000, 0.866025403784439, 1.00000000000000, 0.866025403784439, 1.00000000000000, 0.866025403784439, 1.00000000000000, 0.866025403784439, 1.00000000000000, 0.866025403784439, 1.00000000000000, 0.866025403784439, 1.00000000000000, 0.866025403784439, 1.00000000000000, 0.866025403784439, 1.00000000000000, 0.866025403784439, 1.00000000000000, 0.866025403784439, 1.00000000000000, 0.866025403784439, 1.00000000000000, 0.866025403784439, 1.00000000000000, 0.866025403784439, 1.00000000000000, 0.866025403784439, 1.00000000000000, 0.866025403784439, 1.00000000000000, 0.866025403784439, 1.00000000000000, 0.866025403784439, 1.00000000000000, 0.866025403784439, 1.00000000000000, 0.866025403784439, 1.00000000000000, 0.866025403784439, 1.00000000000000, 0.866025403784439, 1.00000000000000, 0.866025403784439, 1.00000000000000, 0.866025403784439, 1.00000000000000 ), ( 0.333333333333334, 0.288675134594813, 0.333333333333334, 0.288675134594813, 0.333333333333334, 0.288675134594813, 0.333333333333334, 0.288675134594813, 0.333333333333334, 0.288675134594813, 0.333333333333334, 0.288675134594813, 0.333333333333334, 0.288675134594813, 0.333333333333334, 0.288675134594813, 0.333333333333334, 0.288675134594813, 0.333333333333334, 0.288675134594813, 0.333333333333334, 0.288675134594813, 0.333333333333334, 0.288675134594813, 0.333333333333334, 0.288675134594813, 0.333333333333334, 0.288675134594813, 0.333333333333334, 0.288675134594813, 0.333333333333334, 0.288675134594813, 0.333333333333334, 0.288675134594813, 0.333333333333334, 0.288675134594813, 0.333333333333334, 0.288675134594813, 0.333333333333334, 0.288675134594813, 0.333333333333334, 0.288675134594813, 0.333333333333334, 0.288675134594813, 0.333333333333334, 0.288675134594813, 0.333333333333334, 0.288675134594813, 0.333333333333334, 0.288675134594813, 0.333333333333334, 0.288675134594813, 0.333333333333334, 0.288675134594813, 0.333333333333334, 0.288675134594813, 0.333333333333334, 0.288675134594813, 0.333333333333334, 0.288675134594813, 0.333333333333334, 0.288675134594813, 0.333333333333334, 0.288675134594813, 0.333333333333334, 0.288675134594813, 0.333333333333334, 0.288675134594813, 0.333333333333334, 0.288675134594813, 0.333333333333334, 0.288675134594813, 0.333333333333334, 0.288675134594813, 0.333333333333334, 0.288675134594813, 0.333333333333334, 0.288675134594813, 0.333333333333334, 0.288675134594813, 0.333333333333334, 0.288675134594813, 0.333333333333334, 0.288675134594813, 0.333333333333334, 0.288675134594813, 0.333333333333334, 0.288675134594813, 0.333333333333334, 0.288675134594813, 0.333333333333334, 0.288675134594813, 0.333333333333334, 0.288675134594813, 0.333333333333334, 0.288675134594813, 0.333333333333334, 0.288675134594813, 0.333333333333334, 0.288675134594813, 0.333333333333334, 0.288675134594813, 0.333333333333334, 0.288675134594813, 0.333333333333334, 0.288675134594813, 0.333333333333334, 0.288675134594813, 0.333333333333334, 0.288675134594813, 0.333333333333334, 0.288675134594813, 0.333333333333334, 0.288675134594813, 0.333333333333334, 0.288675134594813, 0.333333333333334, 0.288675134594813, 0.333333333333334, 0.288675134594813, 0.333333333333334, 0.288675134594813, 0.333333333333334, 0.288675134594813, 0.333333333333334, 0.288675134594813, 0.333333333333334, 0.288675134594813, 0.333333333333334, 0.288675134594813, 0.333333333333334, 0.288675134594813, 0.333333333333334, 0.288675134594813, 0.333333333333334, 0.288675134594813, 0.333333333333334, 0.288675134594813, 0.333333333333334, 0.288675134594813, 0.333333333333334, 0.288675134594813, 0.333333333333334, 0.288675134594813, 0.333333333333334, 0.288675134594813, 0.333333333333334, 0.288675134594813, 0.333333333333334, 0.288675134594813, 0.333333333333334, 0.288675134594813, 0.333333333333334, 0.288675134594813, 0.333333333333334, 0.288675134594813, 0.333333333333334, 0.288675134594813, 0.333333333333334, 0.288675134594813, 0.333333333333334, 0.288675134594813, 0.333333333333334, 0.288675134594813, 0.333333333333334, 0.288675134594813, 0.333333333333334, 0.288675134594813, 0.333333333333334, 0.288675134594813, 0.333333333333334, 0.288675134594813, 0.333333333333334, 0.288675134594813, 0.333333333333334, 0.288675134594813, 0.333333333333334, 0.288675134594813, 0.333333333333334, 0.288675134594813, 0.333333333333334, 0.288675134594813, 0.333333333333334, 0.288675134594813, 0.333333333333334, 0.288675134594813, 0.333333333333334, 0.288675134594813, 0.333333333333334, 0.288675134594813, 0.333333333333334, 0.288675134594813, 0.333333333333334, 0.288675134594813, 0.333333333333334, 0.288675134594813, 0.333333333333334, 0.288675134594813, 0.333333333333334, 0.288675134594813, 0.333333333333334, 0.288675134594813, 0.333333333333334, 0.288675134594813, 0.333333333333334, 0.288675134594813, 0.333333333333334, 0.288675134594813, 0.333333333333334, 0.288675134594813, 0.333333333333334, 0.288675134594813, 0.333333333333334, 0.288675134594813, 0.333333333333334, 0.288675134594813, 0.333333333333334, 0.288675134594813, 0.333333333333334, 0.288675134594813, 0.333333333333334, 0.288675134594813, 0.333333333333334, 0.288675134594813, 0.333333333333334, 0.288675134594813, 0.333333333333334, 0.288675134594813, 0.333333333333334, 0.288675134594813, 0.333333333333334, 0.288675134594813, 0.333333333333334, 0.288675134594813, 0.333333333333334, 0.288675134594813, 0.333333333333334, 0.288675134594813, 0.333333333333334, 0.288675134594813, 0.333333333333334, 0.288675134594813, 0.333333333333334, 0.288675134594813, 0.333333333333334, 0.288675134594813, 0.333333333333334, 0.288675134594813, 0.333333333333334, 0.288675134594813, 0.333333333333334, 0.288675134594813, 0.333333333333334, 0.288675134594813, 0.333333333333334, 0.288675134594813, 0.333333333333334, 0.288675134594813, 0.333333333333334, 0.288675134594813, 0.333333333333334, 0.288675134594813, 0.333333333333334, 0.288675134594813, 0.333333333333334 ), ( 0.333333333333334, 0.288675134594813, 0.333333333333334, 0.288675134594813, 0.333333333333334, 0.288675134594813, 0.333333333333334, 0.288675134594813, 0.333333333333334, 0.288675134594813, 0.333333333333334, 0.288675134594813, 0.333333333333334, 0.288675134594813, 0.333333333333334, 0.288675134594813, 0.333333333333334, 0.288675134594813, 0.333333333333334, 0.288675134594813, 0.333333333333334, 0.288675134594813, 0.333333333333334, 0.288675134594813, 0.333333333333334, 0.288675134594813, 0.333333333333334, 0.288675134594813, 0.333333333333334, 0.288675134594813, 0.333333333333334, 0.288675134594813, 0.333333333333334, 0.288675134594813, 0.333333333333334, 0.288675134594813, 0.333333333333334, 0.288675134594813, 0.333333333333334, 0.288675134594813, 0.333333333333334, 0.288675134594813, 0.333333333333334, 0.288675134594813, 0.333333333333334, 0.288675134594813, 0.333333333333334, 0.288675134594813, 0.333333333333334, 0.288675134594813, 0.333333333333334, 0.288675134594813, 0.333333333333334, 0.288675134594813, 0.333333333333334, 0.288675134594813, 0.333333333333334, 0.288675134594813, 0.333333333333334, 0.288675134594813, 0.333333333333334, 0.288675134594813, 0.333333333333334, 0.288675134594813, 0.333333333333334, 0.288675134594813, 0.333333333333334, 0.288675134594813, 0.333333333333334, 0.288675134594813, 0.333333333333334, 0.288675134594813, 0.333333333333334, 0.288675134594813, 0.333333333333334, 0.288675134594813, 0.333333333333334, 0.288675134594813, 0.333333333333334, 0.288675134594813, 0.333333333333334, 0.288675134594813, 0.333333333333334, 0.288675134594813, 0.333333333333334, 0.288675134594813, 0.333333333333334, 0.288675134594813, 0.333333333333334, 0.288675134594813, 0.333333333333334, 0.288675134594813, 0.333333333333334, 0.288675134594813, 0.333333333333334, 0.288675134594813, 0.333333333333334, 0.288675134594813, 0.333333333333334, 0.288675134594813, 0.333333333333334, 0.288675134594813, 0.333333333333334, 0.288675134594813, 0.333333333333334, 0.288675134594813, 0.333333333333334, 0.288675134594813, 0.333333333333334, 0.288675134594813, 0.333333333333334, 0.288675134594813, 0.333333333333334, 0.288675134594813, 0.333333333333334, 0.288675134594813, 0.333333333333334, 0.288675134594813, 0.333333333333334, 0.288675134594813, 0.333333333333334, 0.288675134594813, 0.333333333333334, 0.288675134594813, 0.333333333333334, 0.288675134594813, 0.333333333333334, 0.288675134594813, 0.333333333333334, 0.288675134594813, 0.333333333333334, 0.288675134594813, 0.333333333333334, 0.288675134594813, 0.333333333333334, 0.288675134594813, 0.333333333333334, 0.288675134594813, 0.333333333333334, 0.288675134594813, 0.333333333333334, 0.288675134594813, 0.333333333333334, 0.288675134594813, 0.333333333333334, 0.288675134594813, 0.333333333333334, 0.288675134594813, 0.333333333333334, 0.288675134594813, 0.333333333333334, 0.288675134594813, 0.333333333333334, 0.288675134594813, 0.333333333333334, 0.288675134594813, 0.333333333333334, 0.288675134594813, 0.333333333333334, 0.288675134594813, 0.333333333333334, 0.288675134594813, 0.333333333333334, 0.288675134594813, 0.333333333333334, 0.288675134594813, 0.333333333333334, 0.288675134594813, 0.333333333333334, 0.288675134594813, 0.333333333333334, 0.288675134594813, 0.333333333333334, 0.288675134594813, 0.333333333333334, 0.288675134594813, 0.333333333333334, 0.288675134594813, 0.333333333333334, 0.288675134594813, 0.333333333333334, 0.288675134594813, 0.333333333333334, 0.288675134594813, 0.333333333333334, 0.288675134594813, 0.333333333333334, 0.288675134594813, 0.333333333333334, 0.288675134594813, 0.333333333333334, 0.288675134594813, 0.333333333333334, 0.288675134594813, 0.333333333333334, 0.288675134594813, 0.333333333333334, 0.288675134594813, 0.333333333333334, 0.288675134594813, 0.333333333333334, 0.288675134594813, 0.333333333333334, 0.288675134594813, 0.333333333333334, 0.288675134594813, 0.333333333333334, 0.288675134594813, 0.333333333333334, 0.288675134594813, 0.333333333333334, 0.288675134594813, 0.333333333333334, 0.288675134594813, 0.333333333333334, 0.288675134594813, 0.333333333333334, 0.288675134594813, 0.333333333333334, 0.288675134594813, 0.333333333333334, 0.288675134594813, 0.333333333333334, 0.288675134594813, 0.333333333333334, 0.288675134594813, 0.333333333333334, 0.288675134594813, 0.333333333333334, 0.288675134594813, 0.333333333333334, 0.288675134594813, 0.333333333333334, 0.288675134594813, 0.333333333333334, 0.288675134594813, 0.333333333333334, 0.288675134594813, 0.333333333333334, 0.288675134594813, 0.333333333333334, 0.288675134594813, 0.333333333333334, 0.288675134594813, 0.333333333333334, 0.288675134594813, 0.333333333333334, 0.288675134594813, 0.333333333333334, 0.288675134594813, 0.333333333333334, 0.288675134594813, 0.333333333333334, 0.288675134594813, 0.333333333333334, 0.288675134594813, 0.333333333333334, 0.288675134594813, 0.333333333333334, 0.288675134594813, 0.333333333333334, 0.288675134594813, 0.333333333333334, 0.288675134594813, 0.333333333333334 ), ( 1.00000000000000, 0.866025403784439, 1.00000000000000, 0.866025403784439, 1.00000000000000, 0.866025403784439, 1.00000000000000, 0.866025403784439, 1.00000000000000, 0.866025403784439, 1.00000000000000, 0.866025403784439, 1.00000000000000, 0.866025403784439, 1.00000000000000, 0.866025403784439, 1.00000000000000, 0.866025403784439, 1.00000000000000, 0.866025403784439, 1.00000000000000, 0.866025403784439, 1.00000000000000, 0.866025403784439, 1.00000000000000, 0.866025403784439, 1.00000000000000, 0.866025403784439, 1.00000000000000, 0.866025403784439, 1.00000000000000, 0.866025403784439, 1.00000000000000, 0.866025403784439, 1.00000000000000, 0.866025403784439, 1.00000000000000, 0.866025403784439, 1.00000000000000, 0.866025403784439, 1.00000000000000, 0.866025403784439, 1.00000000000000, 0.866025403784439, 1.00000000000000, 0.866025403784439, 1.00000000000000, 0.866025403784439, 1.00000000000000, 0.866025403784439, 1.00000000000000, 0.866025403784439, 1.00000000000000, 0.866025403784439, 1.00000000000000, 0.866025403784439, 1.00000000000000, 0.866025403784439, 1.00000000000000, 0.866025403784439, 1.00000000000000, 0.866025403784439, 1.00000000000000, 0.866025403784439, 1.00000000000000, 0.866025403784439, 1.00000000000000, 0.866025403784439, 1.00000000000000, 0.866025403784439, 1.00000000000000, 0.866025403784439, 1.00000000000000, 0.866025403784439, 1.00000000000000, 0.866025403784439, 1.00000000000000, 0.866025403784439, 1.00000000000000, 0.866025403784439, 1.00000000000000, 0.866025403784439, 1.00000000000000, 0.866025403784439, 1.00000000000000, 0.866025403784439, 1.00000000000000, 0.866025403784439, 1.00000000000000, 0.866025403784439, 1.00000000000000, 0.866025403784439, 1.00000000000000, 0.866025403784439, 1.00000000000000, 0.866025403784439, 1.00000000000000, 0.866025403784439, 1.00000000000000, 0.866025403784439, 1.00000000000000, 0.866025403784439, 1.00000000000000, 0.866025403784439, 1.00000000000000, 0.866025403784439, 1.00000000000000, 0.866025403784439, 1.00000000000000, 0.866025403784439, 1.00000000000000, 0.866025403784439, 1.00000000000000, 0.866025403784439, 1.00000000000000, 0.866025403784439, 1.00000000000000, 0.866025403784439, 1.00000000000000, 0.866025403784439, 1.00000000000000, 0.866025403784439, 1.00000000000000, 0.866025403784439, 1.00000000000000, 0.866025403784439, 1.00000000000000, 0.866025403784439, 1.00000000000000, 0.866025403784439, 1.00000000000000, 0.866025403784439, 1.00000000000000, 0.866025403784439, 1.00000000000000, 0.866025403784439, 1.00000000000000, 0.866025403784439, 1.00000000000000, 0.866025403784439, 1.00000000000000, 0.866025403784439, 1.00000000000000, 0.866025403784439, 1.00000000000000, 0.866025403784439, 1.00000000000000, 0.866025403784439, 1.00000000000000, 0.866025403784439, 1.00000000000000, 0.866025403784439, 1.00000000000000, 0.866025403784439, 1.00000000000000, 0.866025403784439, 1.00000000000000, 0.866025403784439, 1.00000000000000, 0.866025403784439, 1.00000000000000, 0.866025403784439, 1.00000000000000, 0.866025403784439, 1.00000000000000, 0.866025403784439, 1.00000000000000, 0.866025403784439, 1.00000000000000, 0.866025403784439, 1.00000000000000, 0.866025403784439, 1.00000000000000, 0.866025403784439, 1.00000000000000, 0.866025403784439, 1.00000000000000, 0.866025403784439, 1.00000000000000, 0.866025403784439, 1.00000000000000, 0.866025403784439, 1.00000000000000, 0.866025403784439, 1.00000000000000, 0.866025403784439, 1.00000000000000, 0.866025403784439, 1.00000000000000, 0.866025403784439, 1.00000000000000, 0.866025403784439, 1.00000000000000, 0.866025403784439, 1.00000000000000, 0.866025403784439, 1.00000000000000, 0.866025403784439, 1.00000000000000, 0.866025403784439, 1.00000000000000, 0.866025403784439, 1.00000000000000, 0.866025403784439, 1.00000000000000, 0.866025403784439, 1.00000000000000, 0.866025403784439, 1.00000000000000, 0.866025403784439, 1.00000000000000, 0.866025403784439, 1.00000000000000, 0.866025403784439, 1.00000000000000, 0.866025403784439, 1.00000000000000, 0.866025403784439, 1.00000000000000, 0.866025403784439, 1.00000000000000, 0.866025403784439, 1.00000000000000, 0.866025403784439, 1.00000000000000, 0.866025403784439, 1.00000000000000, 0.866025403784439, 1.00000000000000, 0.866025403784439, 1.00000000000000, 0.866025403784439, 1.00000000000000, 0.866025403784439, 1.00000000000000, 0.866025403784439, 1.00000000000000, 0.866025403784439, 1.00000000000000, 0.866025403784439, 1.00000000000000, 0.866025403784439, 1.00000000000000, 0.866025403784439, 1.00000000000000, 0.866025403784439, 1.00000000000000, 0.866025403784439, 1.00000000000000, 0.866025403784439, 1.00000000000000, 0.866025403784439, 1.00000000000000, 0.866025403784439, 1.00000000000000, 0.866025403784439, 1.00000000000000, 0.866025403784439, 1.00000000000000, 0.866025403784439, 1.00000000000000, 0.866025403784439, 1.00000000000000, 0.866025403784439, 1.00000000000000 ), ( 0.333333333333334, 0.288675134594813, 0.333333333333334, 0.288675134594813, 0.333333333333334, 0.288675134594813, 0.333333333333334, 0.288675134594813, 0.333333333333334, 0.288675134594813, 0.333333333333334, 0.288675134594813, 0.333333333333334, 0.288675134594813, 0.333333333333334, 0.288675134594813, 0.333333333333334, 0.288675134594813, 0.333333333333334, 0.288675134594813, 0.333333333333334, 0.288675134594813, 0.333333333333334, 0.288675134594813, 0.333333333333334, 0.288675134594813, 0.333333333333334, 0.288675134594813, 0.333333333333334, 0.288675134594813, 0.333333333333334, 0.288675134594813, 0.333333333333334, 0.288675134594813, 0.333333333333334, 0.288675134594813, 0.333333333333334, 0.288675134594813, 0.333333333333334, 0.288675134594813, 0.333333333333334, 0.288675134594813, 0.333333333333334, 0.288675134594813, 0.333333333333334, 0.288675134594813, 0.333333333333334, 0.288675134594813, 0.333333333333334, 0.288675134594813, 0.333333333333334, 0.288675134594813, 0.333333333333334, 0.288675134594813, 0.333333333333334, 0.288675134594813, 0.333333333333334, 0.288675134594813, 0.333333333333334, 0.288675134594813, 0.333333333333334, 0.288675134594813, 0.333333333333334, 0.288675134594813, 0.333333333333334, 0.288675134594813, 0.333333333333334, 0.288675134594813, 0.333333333333334, 0.288675134594813, 0.333333333333334, 0.288675134594813, 0.333333333333334, 0.288675134594813, 0.333333333333334, 0.288675134594813, 0.333333333333334, 0.288675134594813, 0.333333333333334, 0.288675134594813, 0.333333333333334, 0.288675134594813, 0.333333333333334, 0.288675134594813, 0.333333333333334, 0.288675134594813, 0.333333333333334, 0.288675134594813, 0.333333333333334, 0.288675134594813, 0.333333333333334, 0.288675134594813, 0.333333333333334, 0.288675134594813, 0.333333333333334, 0.288675134594813, 0.333333333333334, 0.288675134594813, 0.333333333333334, 0.288675134594813, 0.333333333333334, 0.288675134594813, 0.333333333333334, 0.288675134594813, 0.333333333333334, 0.288675134594813, 0.333333333333334, 0.288675134594813, 0.333333333333334, 0.288675134594813, 0.333333333333334, 0.288675134594813, 0.333333333333334, 0.288675134594813, 0.333333333333334, 0.288675134594813, 0.333333333333334, 0.288675134594813, 0.333333333333334, 0.288675134594813, 0.333333333333334, 0.288675134594813, 0.333333333333334, 0.288675134594813, 0.333333333333334, 0.288675134594813, 0.333333333333334, 0.288675134594813, 0.333333333333334, 0.288675134594813, 0.333333333333334, 0.288675134594813, 0.333333333333334, 0.288675134594813, 0.333333333333334, 0.288675134594813, 0.333333333333334, 0.288675134594813, 0.333333333333334, 0.288675134594813, 0.333333333333334, 0.288675134594813, 0.333333333333334, 0.288675134594813, 0.333333333333334, 0.288675134594813, 0.333333333333334, 0.288675134594813, 0.333333333333334, 0.288675134594813, 0.333333333333334, 0.288675134594813, 0.333333333333334, 0.288675134594813, 0.333333333333334, 0.288675134594813, 0.333333333333334, 0.288675134594813, 0.333333333333334, 0.288675134594813, 0.333333333333334, 0.288675134594813, 0.333333333333334, 0.288675134594813, 0.333333333333334, 0.288675134594813, 0.333333333333334, 0.288675134594813, 0.333333333333334, 0.288675134594813, 0.333333333333334, 0.288675134594813, 0.333333333333334, 0.288675134594813, 0.333333333333334, 0.288675134594813, 0.333333333333334, 0.288675134594813, 0.333333333333334, 0.288675134594813, 0.333333333333334, 0.288675134594813, 0.333333333333334, 0.288675134594813, 0.333333333333334, 0.288675134594813, 0.333333333333334, 0.288675134594813, 0.333333333333334, 0.288675134594813, 0.333333333333334, 0.288675134594813, 0.333333333333334, 0.288675134594813, 0.333333333333334, 0.288675134594813, 0.333333333333334, 0.288675134594813, 0.333333333333334, 0.288675134594813, 0.333333333333334, 0.288675134594813, 0.333333333333334, 0.288675134594813, 0.333333333333334, 0.288675134594813, 0.333333333333334, 0.288675134594813, 0.333333333333334, 0.288675134594813, 0.333333333333334, 0.288675134594813, 0.333333333333334, 0.288675134594813, 0.333333333333334, 0.288675134594813, 0.333333333333334, 0.288675134594813, 0.333333333333334, 0.288675134594813, 0.333333333333334, 0.288675134594813, 0.333333333333334, 0.288675134594813, 0.333333333333334, 0.288675134594813, 0.333333333333334, 0.288675134594813, 0.333333333333334, 0.288675134594813, 0.333333333333334, 0.288675134594813, 0.333333333333334, 0.288675134594813, 0.333333333333334, 0.288675134594813, 0.333333333333334, 0.288675134594813, 0.333333333333334, 0.288675134594813, 0.333333333333334, 0.288675134594813, 0.333333333333334, 0.288675134594813, 0.333333333333334, 0.288675134594813, 0.333333333333334, 0.288675134594813, 0.333333333333334, 0.288675134594813, 0.333333333333334, 0.288675134594813, 0.333333333333334, 0.288675134594813, 0.333333333333334, 0.288675134594813, 0.333333333333334, 0.288675134594813, 0.333333333333334, 0.288675134594813, 0.333333333333334, 0.288675134594813, 0.333333333333334, 0.288675134594813, 0.333333333333334 ), ( 0.333333333333334, 0.288675134594813, 0.333333333333334, 0.288675134594813, 0.333333333333334, 0.288675134594813, 0.333333333333334, 0.288675134594813, 0.333333333333334, 0.288675134594813, 0.333333333333334, 0.288675134594813, 0.333333333333334, 0.288675134594813, 0.333333333333334, 0.288675134594813, 0.333333333333334, 0.288675134594813, 0.333333333333334, 0.288675134594813, 0.333333333333334, 0.288675134594813, 0.333333333333334, 0.288675134594813, 0.333333333333334, 0.288675134594813, 0.333333333333334, 0.288675134594813, 0.333333333333334, 0.288675134594813, 0.333333333333334, 0.288675134594813, 0.333333333333334, 0.288675134594813, 0.333333333333334, 0.288675134594813, 0.333333333333334, 0.288675134594813, 0.333333333333334, 0.288675134594813, 0.333333333333334, 0.288675134594813, 0.333333333333334, 0.288675134594813, 0.333333333333334, 0.288675134594813, 0.333333333333334, 0.288675134594813, 0.333333333333334, 0.288675134594813, 0.333333333333334, 0.288675134594813, 0.333333333333334, 0.288675134594813, 0.333333333333334, 0.288675134594813, 0.333333333333334, 0.288675134594813, 0.333333333333334, 0.288675134594813, 0.333333333333334, 0.288675134594813, 0.333333333333334, 0.288675134594813, 0.333333333333334, 0.288675134594813, 0.333333333333334, 0.288675134594813, 0.333333333333334, 0.288675134594813, 0.333333333333334, 0.288675134594813, 0.333333333333334, 0.288675134594813, 0.333333333333334, 0.288675134594813, 0.333333333333334, 0.288675134594813, 0.333333333333334, 0.288675134594813, 0.333333333333334, 0.288675134594813, 0.333333333333334, 0.288675134594813, 0.333333333333334, 0.288675134594813, 0.333333333333334, 0.288675134594813, 0.333333333333334, 0.288675134594813, 0.333333333333334, 0.288675134594813, 0.333333333333334, 0.288675134594813, 0.333333333333334, 0.288675134594813, 0.333333333333334, 0.288675134594813, 0.333333333333334, 0.288675134594813, 0.333333333333334, 0.288675134594813, 0.333333333333334, 0.288675134594813, 0.333333333333334, 0.288675134594813, 0.333333333333334, 0.288675134594813, 0.333333333333334, 0.288675134594813, 0.333333333333334, 0.288675134594813, 0.333333333333334, 0.288675134594813, 0.333333333333334, 0.288675134594813, 0.333333333333334, 0.288675134594813, 0.333333333333334, 0.288675134594813, 0.333333333333334, 0.288675134594813, 0.333333333333334, 0.288675134594813, 0.333333333333334, 0.288675134594813, 0.333333333333334, 0.288675134594813, 0.333333333333334, 0.288675134594813, 0.333333333333334, 0.288675134594813, 0.333333333333334, 0.288675134594813, 0.333333333333334, 0.288675134594813, 0.333333333333334, 0.288675134594813, 0.333333333333334, 0.288675134594813, 0.333333333333334, 0.288675134594813, 0.333333333333334, 0.288675134594813, 0.333333333333334, 0.288675134594813, 0.333333333333334, 0.288675134594813, 0.333333333333334, 0.288675134594813, 0.333333333333334, 0.288675134594813, 0.333333333333334, 0.288675134594813, 0.333333333333334, 0.288675134594813, 0.333333333333334, 0.288675134594813, 0.333333333333334, 0.288675134594813, 0.333333333333334, 0.288675134594813, 0.333333333333334, 0.288675134594813, 0.333333333333334, 0.288675134594813, 0.333333333333334, 0.288675134594813, 0.333333333333334, 0.288675134594813, 0.333333333333334, 0.288675134594813, 0.333333333333334, 0.288675134594813, 0.333333333333334, 0.288675134594813, 0.333333333333334, 0.288675134594813, 0.333333333333334, 0.288675134594813, 0.333333333333334, 0.288675134594813, 0.333333333333334, 0.288675134594813, 0.333333333333334, 0.288675134594813, 0.333333333333334, 0.288675134594813, 0.333333333333334, 0.288675134594813, 0.333333333333334, 0.288675134594813, 0.333333333333334, 0.288675134594813, 0.333333333333334, 0.288675134594813, 0.333333333333334, 0.288675134594813, 0.333333333333334, 0.288675134594813, 0.333333333333334, 0.288675134594813, 0.333333333333334, 0.288675134594813, 0.333333333333334, 0.288675134594813, 0.333333333333334, 0.288675134594813, 0.333333333333334, 0.288675134594813, 0.333333333333334, 0.288675134594813, 0.333333333333334, 0.288675134594813, 0.333333333333334, 0.288675134594813, 0.333333333333334, 0.288675134594813, 0.333333333333334, 0.288675134594813, 0.333333333333334, 0.288675134594813, 0.333333333333334, 0.288675134594813, 0.333333333333334, 0.288675134594813, 0.333333333333334, 0.288675134594813, 0.333333333333334, 0.288675134594813, 0.333333333333334, 0.288675134594813, 0.333333333333334, 0.288675134594813, 0.333333333333334, 0.288675134594813, 0.333333333333334, 0.288675134594813, 0.333333333333334, 0.288675134594813, 0.333333333333334, 0.288675134594813, 0.333333333333334, 0.288675134594813, 0.333333333333334, 0.288675134594813, 0.333333333333334, 0.288675134594813, 0.333333333333334, 0.288675134594813, 0.333333333333334, 0.288675134594813, 0.333333333333334, 0.288675134594813, 0.333333333333334, 0.288675134594813, 0.333333333333334, 0.288675134594813, 0.333333333333334, 0.288675134594813, 0.333333333333334, 0.288675134594813, 0.333333333333334, 0.288675134594813, 0.333333333333334 ), ( 1.00000000000000, 0.866025403784439, 1.00000000000000, 0.866025403784439, 1.00000000000000, 0.866025403784439, 1.00000000000000, 0.866025403784439, 1.00000000000000, 0.866025403784439, 1.00000000000000, 0.866025403784439, 1.00000000000000, 0.866025403784439, 1.00000000000000, 0.866025403784439, 1.00000000000000, 0.866025403784439, 1.00000000000000, 0.866025403784439, 1.00000000000000, 0.866025403784439, 1.00000000000000, 0.866025403784439, 1.00000000000000, 0.866025403784439, 1.00000000000000, 0.866025403784439, 1.00000000000000, 0.866025403784439, 1.00000000000000, 0.866025403784439, 1.00000000000000, 0.866025403784439, 1.00000000000000, 0.866025403784439, 1.00000000000000, 0.866025403784439, 1.00000000000000, 0.866025403784439, 1.00000000000000, 0.866025403784439, 1.00000000000000, 0.866025403784439, 1.00000000000000, 0.866025403784439, 1.00000000000000, 0.866025403784439, 1.00000000000000, 0.866025403784439, 1.00000000000000, 0.866025403784439, 1.00000000000000, 0.866025403784439, 1.00000000000000, 0.866025403784439, 1.00000000000000, 0.866025403784439, 1.00000000000000, 0.866025403784439, 1.00000000000000, 0.866025403784439, 1.00000000000000, 0.866025403784439, 1.00000000000000, 0.866025403784439, 1.00000000000000, 0.866025403784439, 1.00000000000000, 0.866025403784439, 1.00000000000000, 0.866025403784439, 1.00000000000000, 0.866025403784439, 1.00000000000000, 0.866025403784439, 1.00000000000000, 0.866025403784439, 1.00000000000000, 0.866025403784439, 1.00000000000000, 0.866025403784439, 1.00000000000000, 0.866025403784439, 1.00000000000000, 0.866025403784439, 1.00000000000000, 0.866025403784439, 1.00000000000000, 0.866025403784439, 1.00000000000000, 0.866025403784439, 1.00000000000000, 0.866025403784439, 1.00000000000000, 0.866025403784439, 1.00000000000000, 0.866025403784439, 1.00000000000000, 0.866025403784439, 1.00000000000000, 0.866025403784439, 1.00000000000000, 0.866025403784439, 1.00000000000000, 0.866025403784439, 1.00000000000000, 0.866025403784439, 1.00000000000000, 0.866025403784439, 1.00000000000000, 0.866025403784439, 1.00000000000000, 0.866025403784439, 1.00000000000000, 0.866025403784439, 1.00000000000000, 0.866025403784439, 1.00000000000000, 0.866025403784439, 1.00000000000000, 0.866025403784439, 1.00000000000000, 0.866025403784439, 1.00000000000000, 0.866025403784439, 1.00000000000000, 0.866025403784439, 1.00000000000000, 0.866025403784439, 1.00000000000000, 0.866025403784439, 1.00000000000000, 0.866025403784439, 1.00000000000000, 0.866025403784439, 1.00000000000000, 0.866025403784439, 1.00000000000000, 0.866025403784439, 1.00000000000000, 0.866025403784439, 1.00000000000000, 0.866025403784439, 1.00000000000000, 0.866025403784439, 1.00000000000000, 0.866025403784439, 1.00000000000000, 0.866025403784439, 1.00000000000000, 0.866025403784439, 1.00000000000000, 0.866025403784439, 1.00000000000000, 0.866025403784439, 1.00000000000000, 0.866025403784439, 1.00000000000000, 0.866025403784439, 1.00000000000000, 0.866025403784439, 1.00000000000000, 0.866025403784439, 1.00000000000000, 0.866025403784439, 1.00000000000000, 0.866025403784439, 1.00000000000000, 0.866025403784439, 1.00000000000000, 0.866025403784439, 1.00000000000000, 0.866025403784439, 1.00000000000000, 0.866025403784439, 1.00000000000000, 0.866025403784439, 1.00000000000000, 0.866025403784439, 1.00000000000000, 0.866025403784439, 1.00000000000000, 0.866025403784439, 1.00000000000000, 0.866025403784439, 1.00000000000000, 0.866025403784439, 1.00000000000000, 0.866025403784439, 1.00000000000000, 0.866025403784439, 1.00000000000000, 0.866025403784439, 1.00000000000000, 0.866025403784439, 1.00000000000000, 0.866025403784439, 1.00000000000000, 0.866025403784439, 1.00000000000000, 0.866025403784439, 1.00000000000000, 0.866025403784439, 1.00000000000000, 0.866025403784439, 1.00000000000000, 0.866025403784439, 1.00000000000000, 0.866025403784439, 1.00000000000000, 0.866025403784439, 1.00000000000000, 0.866025403784439, 1.00000000000000, 0.866025403784439, 1.00000000000000, 0.866025403784439, 1.00000000000000, 0.866025403784439, 1.00000000000000, 0.866025403784439, 1.00000000000000, 0.866025403784439, 1.00000000000000, 0.866025403784439, 1.00000000000000, 0.866025403784439, 1.00000000000000, 0.866025403784439, 1.00000000000000, 0.866025403784439, 1.00000000000000, 0.866025403784439, 1.00000000000000, 0.866025403784439, 1.00000000000000, 0.866025403784439, 1.00000000000000, 0.866025403784439, 1.00000000000000, 0.866025403784439, 1.00000000000000, 0.866025403784439, 1.00000000000000, 0.866025403784439, 1.00000000000000, 0.866025403784439, 1.00000000000000, 0.866025403784439, 1.00000000000000, 0.866025403784439, 1.00000000000000, 0.866025403784439, 1.00000000000000, 0.866025403784439, 1.00000000000000, 0.866025403784439, 1.00000000000000, 0.866025403784439, 1.00000000000000, 0.866025403784439, 1.00000000000000, 0.866025403784439, 1.00000000000000 ) ) )REPRESENTATION_ITEM( '' )SURFACE(  ) );
#929 = SURFACE_STYLE_USAGE( .BOTH., #3289 );
#930 = FACE_OUTER_BOUND( '', #3290, .T. );
#931 = PLANE( '', #3291 );
#932 = SURFACE_STYLE_USAGE( .BOTH., #3292 );
#933 = FACE_OUTER_BOUND( '', #3293, .T. );
#934 = FACE_BOUND( '', #3294, .T. );
#935 = PLANE( '', #3295 );
#936 = SURFACE_STYLE_USAGE( .BOTH., #3296 );
#937 = FACE_OUTER_BOUND( '', #3297, .T. );
#938 = PLANE( '', #3298 );
#939 = SURFACE_STYLE_USAGE( .BOTH., #3299 );
#940 = FACE_OUTER_BOUND( '', #3300, .T. );
#941 = PLANE( '', #3301 );
#942 = SURFACE_STYLE_USAGE( .BOTH., #3302 );
#943 = FACE_OUTER_BOUND( '', #3303, .T. );
#944 = PLANE( '', #3304 );
#945 = SURFACE_STYLE_USAGE( .BOTH., #3305 );
#946 = FACE_OUTER_BOUND( '', #3306, .T. );
#947 = PLANE( '', #3307 );
#948 = SURFACE_STYLE_USAGE( .BOTH., #3308 );
#949 = FACE_OUTER_BOUND( '', #3309, .T. );
#950 = PLANE( '', #3310 );
#951 = SURFACE_STYLE_USAGE( .BOTH., #3311 );
#952 = FACE_OUTER_BOUND( '', #3312, .T. );
#953 = PLANE( '', #3313 );
#954 = SURFACE_STYLE_USAGE( .BOTH., #3314 );
#955 = FACE_OUTER_BOUND( '', #3315, .T. );
#956 = SURFACE_OF_LINEAR_EXTRUSION( '', #3316, #3317 );
#957 = SURFACE_STYLE_USAGE( .BOTH., #3318 );
#958 = FACE_OUTER_BOUND( '', #3319, .T. );
#959 = PLANE( '', #3320 );
#960 = SURFACE_STYLE_USAGE( .BOTH., #3321 );
#961 = FACE_OUTER_BOUND( '', #3322, .T. );
#962 = PLANE( '', #3323 );
#963 = SURFACE_STYLE_USAGE( .BOTH., #3324 );
#964 = FACE_OUTER_BOUND( '', #3325, .T. );
#965 = PLANE( '', #3326 );
#966 = SURFACE_STYLE_USAGE( .BOTH., #3327 );
#967 = FACE_OUTER_BOUND( '', #3328, .T. );
#968 = PLANE( '', #3329 );
#969 = SURFACE_STYLE_USAGE( .BOTH., #3330 );
#970 = FACE_OUTER_BOUND( '', #3331, .T. );
#971 = PLANE( '', #3332 );
#972 = SURFACE_STYLE_USAGE( .BOTH., #3333 );
#973 = FACE_OUTER_BOUND( '', #3334, .T. );
#974 = PLANE( '', #3335 );
#975 = SURFACE_STYLE_USAGE( .BOTH., #3336 );
#976 = FACE_OUTER_BOUND( '', #3337, .T. );
#977 = PLANE( '', #3338 );
#978 = SURFACE_STYLE_USAGE( .BOTH., #3339 );
#979 = FACE_OUTER_BOUND( '', #3340, .T. );
#980 = PLANE( '', #3341 );
#981 = SURFACE_STYLE_USAGE( .BOTH., #3342 );
#982 = FACE_OUTER_BOUND( '', #3343, .T. );
#983 = PLANE( '', #3344 );
#984 = SURFACE_STYLE_USAGE( .BOTH., #3345 );
#985 = FACE_BOUND( '', #3346, .T. );
#986 = FACE_BOUND( '', #3347, .T. );
#987 = FACE_BOUND( '', #3348, .T. );
#988 = FACE_BOUND( '', #3349, .T. );
#989 = FACE_OUTER_BOUND( '', #3350, .T. );
#990 = FACE_BOUND( '', #3351, .T. );
#991 = FACE_BOUND( '', #3352, .T. );
#992 = FACE_BOUND( '', #3353, .T. );
#993 = FACE_BOUND( '', #3354, .T. );
#994 = PLANE( '', #3355 );
#995 = SURFACE_STYLE_USAGE( .BOTH., #3356 );
#996 = FACE_OUTER_BOUND( '', #3357, .T. );
#997 = CYLINDRICAL_SURFACE( '', #3358, 0.250000000000000 );
#998 = SURFACE_STYLE_USAGE( .BOTH., #3359 );
#999 = FACE_OUTER_BOUND( '', #3360, .T. );
#1000 = PLANE( '', #3361 );
#1001 = SURFACE_STYLE_USAGE( .BOTH., #3362 );
#1002 = FACE_OUTER_BOUND( '', #3363, .T. );
#1003 = PLANE( '', #3364 );
#1004 = SURFACE_STYLE_USAGE( .BOTH., #3365 );
#1005 = FACE_BOUND( '', #3366, .T. );
#1006 = FACE_OUTER_BOUND( '', #3367, .T. );
#1007 = PLANE( '', #3368 );
#1008 = SURFACE_STYLE_USAGE( .BOTH., #3369 );
#1009 = FACE_OUTER_BOUND( '', #3370, .T. );
#1010 = PLANE( '', #3371 );
#1011 = SURFACE_STYLE_USAGE( .BOTH., #3372 );
#1012 = FACE_OUTER_BOUND( '', #3373, .T. );
#1013 = SURFACE_OF_LINEAR_EXTRUSION( '', #3374, #3375 );
#1014 = SURFACE_STYLE_USAGE( .BOTH., #3376 );
#1015 = FACE_OUTER_BOUND( '', #3377, .T. );
#1016 = PLANE( '', #3378 );
#1017 = SURFACE_STYLE_USAGE( .BOTH., #3379 );
#1018 = FACE_OUTER_BOUND( '', #3380, .T. );
#1019 = PLANE( '', #3381 );
#1020 = SURFACE_STYLE_USAGE( .BOTH., #3382 );
#1021 = FACE_OUTER_BOUND( '', #3383, .T. );
#1022 = PLANE( '', #3384 );
#1023 = SURFACE_STYLE_USAGE( .BOTH., #3385 );
#1024 = FACE_OUTER_BOUND( '', #3386, .T. );
#1025 = PLANE( '', #3387 );
#1026 = SURFACE_STYLE_USAGE( .BOTH., #3388 );
#1027 = FACE_OUTER_BOUND( '', #3389, .T. );
#1028 = PLANE( '', #3390 );
#1029 = SURFACE_STYLE_USAGE( .BOTH., #3391 );
#1030 = FACE_OUTER_BOUND( '', #3392, .T. );
#1031 = SURFACE_OF_LINEAR_EXTRUSION( '', #3393, #3394 );
#1032 = SURFACE_STYLE_USAGE( .BOTH., #3395 );
#1033 = FACE_OUTER_BOUND( '', #3396, .T. );
#1034 = SURFACE_OF_LINEAR_EXTRUSION( '', #3397, #3398 );
#1035 = SURFACE_STYLE_USAGE( .BOTH., #3399 );
#1036 = FACE_OUTER_BOUND( '', #3400, .T. );
#1037 = PLANE( '', #3401 );
#1038 = SURFACE_STYLE_USAGE( .BOTH., #3402 );
#1039 = FACE_OUTER_BOUND( '', #3403, .T. );
#1040 = PLANE( '', #3404 );
#1041 = SURFACE_STYLE_USAGE( .BOTH., #3405 );
#1042 = FACE_OUTER_BOUND( '', #3406, .T. );
#1043 = FACE_OUTER_BOUND( '', #3407, .T. );
#1044 = CYLINDRICAL_SURFACE( '', #3408, 0.400000000000000 );
#1045 = SURFACE_STYLE_USAGE( .BOTH., #3409 );
#1046 = FACE_OUTER_BOUND( '', #3410, .T. );
#1047 = PLANE( '', #3411 );
#1048 = SURFACE_STYLE_USAGE( .BOTH., #3412 );
#1049 = FACE_OUTER_BOUND( '', #3413, .T. );
#1050 = PLANE( '', #3414 );
#1051 =  ( LENGTH_UNIT(  )NAMED_UNIT( #542 )SI_UNIT( .MILLI., .METRE. ) );
#1054 = LENGTH_MEASURE_WITH_UNIT( LENGTH_MEASURE( 1.00000000000000 ), #3416 );
#1057 = DIMENSIONAL_EXPONENTS( 1.00000000000000, 0.000000000000000, 0.000000000000000, 0.000000000000000, 0.000000000000000, 0.000000000000000, 0.000000000000000 );
#1059 = DIMENSIONAL_EXPONENTS( 0.000000000000000, 0.000000000000000, 0.000000000000000, 0.000000000000000, 0.000000000000000, 0.000000000000000, 0.000000000000000 );
#1065 = SURFACE_SIDE_STYLE( '', ( #3417 ) );
#1066 = EDGE_LOOP( '', ( #3418, #3419, #3420, #3421, #3422, #3423 ) );
#1067 = AXIS2_PLACEMENT_3D( '', #3424, #3425, #3426 );
#1068 = SURFACE_SIDE_STYLE( '', ( #3427 ) );
#1069 = EDGE_LOOP( '', ( #3428, #3429, #3430, #3431 ) );
#1070 = AXIS2_PLACEMENT_3D( '', #3432, #3433, #3434 );
#1071 = SURFACE_SIDE_STYLE( '', ( #3435 ) );
#1072 = EDGE_LOOP( '', ( #3436, #3437, #3438, #3439 ) );
#1073 = B_SPLINE_CURVE_WITH_KNOTS( '', 3, ( #3440, #3441, #3442, #3443, #3444, #3445, #3446, #3447, #3448, #3449, #3450, #3451, #3452, #3453, #3454 ), .UNSPECIFIED., .F., .F., ( 4, 2, 3, 3, 3, 4 ), ( 0.610615742799227, 0.649515610191698, 0.683995038107752, 0.719625121518288, 0.782799083170768, 0.947219656909034 ), .UNSPECIFIED. );
#1074 = VECTOR( '', #3455, 1000.00000000000 );
#1075 = SURFACE_SIDE_STYLE( '', ( #3456 ) );
#1076 = EDGE_LOOP( '', ( #3457, #3458, #3459, #3460 ) );
#1077 = AXIS2_PLACEMENT_3D( '', #3461, #3462, #3463 );
#1078 = SURFACE_SIDE_STYLE( '', ( #3464 ) );
#1079 = EDGE_LOOP( '', ( #3465, #3466, #3467, #3468 ) );
#1080 = AXIS2_PLACEMENT_3D( '', #3469, #3470, #3471 );
#1081 = SURFACE_SIDE_STYLE( '', ( #3472 ) );
#1082 = EDGE_LOOP( '', ( #3473, #3474, #3475 ) );
#1083 = AXIS2_PLACEMENT_3D( '', #3476, #3477, #3478 );
#1084 = SURFACE_SIDE_STYLE( '', ( #3479 ) );
#1085 = EDGE_LOOP( '', ( #3480, #3481, #3482, #3483 ) );
#1086 = AXIS2_PLACEMENT_3D( '', #3484, #3485, #3486 );
#1087 = SURFACE_SIDE_STYLE( '', ( #3487 ) );
#1088 = EDGE_LOOP( '', ( #3488, #3489, #3490, #3491 ) );
#1089 = AXIS2_PLACEMENT_3D( '', #3492, #3493, #3494 );
#1090 = SURFACE_SIDE_STYLE( '', ( #3495 ) );
#1091 = EDGE_LOOP( '', ( #3496, #3497, #3498, #3499, #3500, #3501, #3502, #3503 ) );
#1092 = AXIS2_PLACEMENT_3D( '', #3504, #3505, #3506 );
#1093 = SURFACE_SIDE_STYLE( '', ( #3507 ) );
#1094 = EDGE_LOOP( '', ( #3508, #3509, #3510, #3511, #3512, #3513, #3514 ) );
#1095 = AXIS2_PLACEMENT_3D( '', #3515, #3516, #3517 );
#1096 = SURFACE_SIDE_STYLE( '', ( #3518 ) );
#1097 = EDGE_LOOP( '', ( #3519, #3520, #3521, #3522 ) );
#1098 = AXIS2_PLACEMENT_3D( '', #3523, #3524, #3525 );
#1099 = SURFACE_SIDE_STYLE( '', ( #3526 ) );
#1100 = EDGE_LOOP( '', ( #3527, #3528, #3529, #3530 ) );
#1101 = B_SPLINE_CURVE_WITH_KNOTS( '', 3, ( #3531, #3532, #3533, #3534, #3535, #3536, #3537, #3538, #3539, #3540, #3541, #3542, #3543, #3544, #3545, #3546, #3547, #3548, #3549, #3550, #3551, #3552, #3553, #3554, #3555, #3556, #3557, #3558, #3559 ), .UNSPECIFIED., .F., .F., ( 4, 3, 3, 2, 3, 2, 3, 3, 3, 3, 4 ), ( 0.552703734267950, 0.591087798597977, 0.628264512461586, 0.673559569258793, 0.718372763749648, 0.745662116123218, 0.772951468496788, 0.804970043029894, 0.851074147843539, 0.911992415995526, 0.937795278096468 ), .UNSPECIFIED. );
#1102 = VECTOR( '', #3560, 1000.00000000000 );
#1103 = SURFACE_SIDE_STYLE( '', ( #3561 ) );
#1104 = EDGE_LOOP( '', ( #3562, #3563, #3564, #3565 ) );
#1105 = AXIS2_PLACEMENT_3D( '', #3566, #3567, #3568 );
#1106 = SURFACE_SIDE_STYLE( '', ( #3569 ) );
#1107 = EDGE_LOOP( '', ( #3570, #3571, #3572, #3573, #3574, #3575, #3576, #3577 ) );
#1108 = AXIS2_PLACEMENT_3D( '', #3578, #3579, #3580 );
#1109 = SURFACE_SIDE_STYLE( '', ( #3581 ) );
#1110 = EDGE_LOOP( '', ( #3582, #3583 ) );
#1111 = AXIS2_PLACEMENT_3D( '', #3584, #3585, #3586 );
#1112 = SURFACE_SIDE_STYLE( '', ( #3587 ) );
#1113 = EDGE_LOOP( '', ( #3588, #3589, #3590, #3591 ) );
#1114 = AXIS2_PLACEMENT_3D( '', #3592, #3593, #3594 );
#1115 = SURFACE_SIDE_STYLE( '', ( #3595 ) );
#1116 = EDGE_LOOP( '', ( #3596, #3597, #3598, #3599 ) );
#1117 = AXIS2_PLACEMENT_3D( '', #3600, #3601, #3602 );
#1118 = SURFACE_SIDE_STYLE( '', ( #3603 ) );
#1119 = EDGE_LOOP( '', ( #3604, #3605, #3606, #3607 ) );
#1120 = AXIS2_PLACEMENT_3D( '', #3608, #3609, #3610 );
#1121 = SURFACE_SIDE_STYLE( '', ( #3611 ) );
#1122 = EDGE_LOOP( '', ( #3612, #3613 ) );
#1123 = AXIS2_PLACEMENT_3D( '', #3614, #3615, #3616 );
#1124 = SURFACE_SIDE_STYLE( '', ( #3617 ) );
#1125 = EDGE_LOOP( '', ( #3618, #3619, #3620, #3621 ) );
#1126 = AXIS2_PLACEMENT_3D( '', #3622, #3623, #3624 );
#1127 = SURFACE_SIDE_STYLE( '', ( #3625 ) );
#1128 = EDGE_LOOP( '', ( #3626, #3627, #3628, #3629, #3630, #3631, #3632 ) );
#1129 = AXIS2_PLACEMENT_3D( '', #3633, #3634, #3635 );
#1130 = SURFACE_SIDE_STYLE( '', ( #3636 ) );
#1131 = EDGE_LOOP( '', ( #3637, #3638, #3639, #3640 ) );
#1132 = B_SPLINE_CURVE_WITH_KNOTS( '', 3, ( #3641, #3642, #3643, #3644, #3645, #3646, #3647, #3648, #3649, #3650, #3651, #3652, #3653, #3654, #3655, #3656, #3657, #3658, #3659, #3660 ), .UNSPECIFIED., .F., .F., ( 4, 3, 3, 2, 3, 2, 3, 4 ), ( 0.582301816735135, 0.697897258735781, 0.727682193021292, 0.749965873996903, 0.772249554972515, 0.818209178399425, 0.864168801826335, 0.967967528120303 ), .UNSPECIFIED. );
#1133 = VECTOR( '', #3661, 1000.00000000000 );
#1134 = SURFACE_SIDE_STYLE( '', ( #3662 ) );
#1135 = EDGE_LOOP( '', ( #3663, #3664, #3665, #3666 ) );
#1136 = AXIS2_PLACEMENT_3D( '', #3667, #3668, #3669 );
#1137 = SURFACE_SIDE_STYLE( '', ( #3670 ) );
#1138 = EDGE_LOOP( '', ( #3671, #3672, #3673, #3674 ) );
#1139 = AXIS2_PLACEMENT_3D( '', #3675, #3676, #3677 );
#1140 = SURFACE_SIDE_STYLE( '', ( #3678 ) );
#1141 = EDGE_LOOP( '', ( #3679, #3680 ) );
#1142 = AXIS2_PLACEMENT_3D( '', #3681, #3682, #3683 );
#1143 = SURFACE_SIDE_STYLE( '', ( #3684 ) );
#1144 = EDGE_LOOP( '', ( #3685, #3686, #3687, #3688, #3689, #3690, #3691, #3692 ) );
#1145 = AXIS2_PLACEMENT_3D( '', #3693, #3694, #3695 );
#1146 = SURFACE_SIDE_STYLE( '', ( #3696 ) );
#1147 = EDGE_LOOP( '', ( #3697, #3698, #3699, #3700 ) );
#1148 = AXIS2_PLACEMENT_3D( '', #3701, #3702, #3703 );
#1149 = SURFACE_SIDE_STYLE( '', ( #3704 ) );
#1150 = EDGE_LOOP( '', ( #3705, #3706, #3707, #3708 ) );
#1151 = AXIS2_PLACEMENT_3D( '', #3709, #3710, #3711 );
#1152 = SURFACE_SIDE_STYLE( '', ( #3712 ) );
#1153 = EDGE_LOOP( '', ( #3713, #3714, #3715, #3716 ) );
#1154 = AXIS2_PLACEMENT_3D( '', #3717, #3718, #3719 );
#1155 = SURFACE_SIDE_STYLE( '', ( #3720 ) );
#1156 = EDGE_LOOP( '', ( #3721, #3722, #3723, #3724 ) );
#1157 = AXIS2_PLACEMENT_3D( '', #3725, #3726, #3727 );
#1158 = SURFACE_SIDE_STYLE( '', ( #3728 ) );
#1159 = EDGE_LOOP( '', ( #3729, #3730, #3731, #3732, #3733, #3734, #3735 ) );
#1160 = AXIS2_PLACEMENT_3D( '', #3736, #3737, #3738 );
#1161 = SURFACE_SIDE_STYLE( '', ( #3739 ) );
#1162 = EDGE_LOOP( '', ( #3740 ) );
#1163 = EDGE_LOOP( '', ( #3741, #3742, #3743, #3744 ) );
#1164 = EDGE_LOOP( '', ( #3745, #3746, #3747, #3748 ) );
#1165 = EDGE_LOOP( '', ( #3749 ) );
#1166 = AXIS2_PLACEMENT_3D( '', #3750, #3751, #3752 );
#1167 = SURFACE_SIDE_STYLE( '', ( #3753 ) );
#1168 = EDGE_LOOP( '', ( #3754, #3755, #3756, #3757 ) );
#1169 = AXIS2_PLACEMENT_3D( '', #3758, #3759, #3760 );
#1170 = SURFACE_SIDE_STYLE( '', ( #3761 ) );
#1171 = EDGE_LOOP( '', ( #3762, #3763 ) );
#1172 = AXIS2_PLACEMENT_3D( '', #3764, #3765, #3766 );
#1173 = SURFACE_SIDE_STYLE( '', ( #3767 ) );
#1174 = EDGE_LOOP( '', ( #3768, #3769, #3770, #3771 ) );
#1175 = AXIS2_PLACEMENT_3D( '', #3772, #3773, #3774 );
#1176 = SURFACE_SIDE_STYLE( '', ( #3775 ) );
#1177 = EDGE_LOOP( '', ( #3776, #3777, #3778 ) );
#1178 = AXIS2_PLACEMENT_3D( '', #3779, #3780, #3781 );
#1179 = SURFACE_SIDE_STYLE( '', ( #3782 ) );
#1180 = EDGE_LOOP( '', ( #3783, #3784, #3785, #3786 ) );
#1181 = AXIS2_PLACEMENT_3D( '', #3787, #3788, #3789 );
#1182 = SURFACE_SIDE_STYLE( '', ( #3790 ) );
#1183 = EDGE_LOOP( '', ( #3791, #3792, #3793, #3794 ) );
#1184 = B_SPLINE_CURVE_WITH_KNOTS( '', 3, ( #3795, #3796, #3797, #3798, #3799, #3800, #3801, #3802, #3803, #3804, #3805, #3806, #3807, #3808, #3809, #3810, #3811, #3812 ), .UNSPECIFIED., .F., .F., ( 4, 2, 3, 2, 3, 2, 2, 4 ), ( 0.182838976793792, 0.235524243111121, 0.301819869893760, 0.369369061871496, 0.415142527487989, 0.458299330204614, 0.501456132921240, 0.558850231379431 ), .UNSPECIFIED. );
#1185 = VECTOR( '', #3813, 1000.00000000000 );
#1186 = SURFACE_SIDE_STYLE( '', ( #3814 ) );
#1187 = EDGE_LOOP( '', ( #3815, #3816, #3817, #3818, #3819, #3820 ) );
#1188 = AXIS2_PLACEMENT_3D( '', #3821, #3822, #3823 );
#1189 = SURFACE_SIDE_STYLE( '', ( #3824 ) );
#1190 = EDGE_LOOP( '', ( #3825, #3826, #3827, #3828 ) );
#1191 = AXIS2_PLACEMENT_3D( '', #3829, #3830, #3831 );
#1192 = SURFACE_SIDE_STYLE( '', ( #3832 ) );
#1193 = EDGE_LOOP( '', ( #3833, #3834, #3835 ) );
#1194 = AXIS2_PLACEMENT_3D( '', #3836, #3837, #3838 );
#1195 = SURFACE_SIDE_STYLE( '', ( #3839 ) );
#1196 = EDGE_LOOP( '', ( #3840 ) );
#1197 = EDGE_LOOP( '', ( #3841 ) );
#1198 = AXIS2_PLACEMENT_3D( '', #3842, #3843, #3844 );
#1199 = SURFACE_SIDE_STYLE( '', ( #3845 ) );
#1200 = EDGE_LOOP( '', ( #3846, #3847, #3848, #3849 ) );
#1201 = AXIS2_PLACEMENT_3D( '', #3850, #3851, #3852 );
#1202 = SURFACE_SIDE_STYLE( '', ( #3853 ) );
#1203 = EDGE_LOOP( '', ( #3854, #3855, #3856, #3857 ) );
#1204 = AXIS2_PLACEMENT_3D( '', #3858, #3859, #3860 );
#1205 = SURFACE_SIDE_STYLE( '', ( #3861 ) );
#1206 = EDGE_LOOP( '', ( #3862, #3863, #3864, #3865, #3866, #3867, #3868, #3869, #3870, #3871, #3872, #3873, #3874 ) );
#1207 = AXIS2_PLACEMENT_3D( '', #3875, #3876, #3877 );
#1208 = SURFACE_SIDE_STYLE( '', ( #3878 ) );
#1209 = EDGE_LOOP( '', ( #3879, #3880, #3881, #3882 ) );
#1210 = B_SPLINE_CURVE_WITH_KNOTS( '', 3, ( #3883, #3884, #3885, #3886, #3887, #3888, #3889, #3890, #3891, #3892, #3893, #3894, #3895, #3896, #3897 ), .UNSPECIFIED., .F., .F., ( 4, 3, 3, 3, 2, 4 ), ( 0.000000000000000, 0.192720247722041, 0.295769340488981, 0.355183468830475, 0.411410445403417, 0.499265096298639 ), .UNSPECIFIED. );
#1211 = VECTOR( '', #3898, 1000.00000000000 );
#1212 = SURFACE_SIDE_STYLE( '', ( #3899 ) );
#1213 = EDGE_LOOP( '', ( #3900, #3901, #3902 ) );
#1214 = AXIS2_PLACEMENT_3D( '', #3903, #3904, #3905 );
#1215 = SURFACE_SIDE_STYLE( '', ( #3906 ) );
#1216 = EDGE_LOOP( '', ( #3907, #3908, #3909, #3910, #3911, #3912, #3913, #3914, #3915, #3916 ) );
#1217 = AXIS2_PLACEMENT_3D( '', #3917, #3918, #3919 );
#1218 = SURFACE_SIDE_STYLE( '', ( #3920 ) );
#1219 = EDGE_LOOP( '', ( #3921, #3922, #3923, #3924 ) );
#1220 = B_SPLINE_CURVE_WITH_KNOTS( '', 3, ( #3925, #3926, #3927, #3928, #3929, #3930, #3931, #3932, #3933, #3934, #3935, #3936, #3937, #3938, #3939, #3940, #3941 ), .UNSPECIFIED., .F., .F., ( 4, 3, 3, 2, 2, 3, 4 ), ( 0.606665047240643, 0.756803569044848, 0.815199863785841, 0.858155349706570, 0.901110835627300, 0.951876409897253, 1.00000000000000 ), .UNSPECIFIED. );
#1221 = VECTOR( '', #3942, 1000.00000000000 );
#1222 = SURFACE_SIDE_STYLE( '', ( #3943 ) );
#1223 = EDGE_LOOP( '', ( #3944, #3945, #3946, #3947 ) );
#1224 = AXIS2_PLACEMENT_3D( '', #3948, #3949, #3950 );
#1225 = SURFACE_SIDE_STYLE( '', ( #3951 ) );
#1226 = EDGE_LOOP( '', ( #3952, #3953, #3954, #3955 ) );
#1227 = AXIS2_PLACEMENT_3D( '', #3956, #3957, #3958 );
#1228 = SURFACE_SIDE_STYLE( '', ( #3959 ) );
#1229 = EDGE_LOOP( '', ( #3960, #3961, #3962, #3963 ) );
#1230 = AXIS2_PLACEMENT_3D( '', #3964, #3965, #3966 );
#1231 = SURFACE_SIDE_STYLE( '', ( #3967 ) );
#1232 = EDGE_LOOP( '', ( #3968, #3969, #3970, #3971 ) );
#1233 = AXIS2_PLACEMENT_3D( '', #3972, #3973, #3974 );
#1234 = SURFACE_SIDE_STYLE( '', ( #3975 ) );
#1235 = EDGE_LOOP( '', ( #3976, #3977, #3978, #3979 ) );
#1236 = AXIS2_PLACEMENT_3D( '', #3980, #3981, #3982 );
#1237 = SURFACE_SIDE_STYLE( '', ( #3983 ) );
#1238 = EDGE_LOOP( '', ( #3984, #3985, #3986, #3987, #3988, #3989 ) );
#1239 = AXIS2_PLACEMENT_3D( '', #3990, #3991, #3992 );
#1240 = SURFACE_SIDE_STYLE( '', ( #3993 ) );
#1241 = EDGE_LOOP( '', ( #3994, #3995, #3996, #3997 ) );
#1242 = AXIS2_PLACEMENT_3D( '', #3998, #3999, #4000 );
#1243 = SURFACE_SIDE_STYLE( '', ( #4001 ) );
#1244 = EDGE_LOOP( '', ( #4002, #4003, #4004, #4005 ) );
#1245 = AXIS2_PLACEMENT_3D( '', #4006, #4007, #4008 );
#1246 = SURFACE_SIDE_STYLE( '', ( #4009 ) );
#1247 = EDGE_LOOP( '', ( #4010 ) );
#1248 = EDGE_LOOP( '', ( #4011 ) );
#1249 = AXIS2_PLACEMENT_3D( '', #4012, #4013, #4014 );
#1250 = SURFACE_SIDE_STYLE( '', ( #4015 ) );
#1251 = EDGE_LOOP( '', ( #4016, #4017, #4018, #4019 ) );
#1252 = AXIS2_PLACEMENT_3D( '', #4020, #4021, #4022 );
#1253 = SURFACE_SIDE_STYLE( '', ( #4023 ) );
#1254 = EDGE_LOOP( '', ( #4024, #4025, #4026, #4027 ) );
#1255 = AXIS2_PLACEMENT_3D( '', #4028, #4029, #4030 );
#1256 = SURFACE_SIDE_STYLE( '', ( #4031 ) );
#1257 = EDGE_LOOP( '', ( #4032, #4033, #4034, #4035 ) );
#1258 = AXIS2_PLACEMENT_3D( '', #4036, #4037, #4038 );
#1259 = SURFACE_SIDE_STYLE( '', ( #4039 ) );
#1260 = EDGE_LOOP( '', ( #4040, #4041, #4042, #4043 ) );
#1261 = AXIS2_PLACEMENT_3D( '', #4044, #4045, #4046 );
#1262 = SURFACE_SIDE_STYLE( '', ( #4047 ) );
#1263 = EDGE_LOOP( '', ( #4048, #4049, #4050, #4051, #4052, #4053 ) );
#1264 = AXIS2_PLACEMENT_3D( '', #4054, #4055, #4056 );
#1265 = SURFACE_SIDE_STYLE( '', ( #4057 ) );
#1266 = EDGE_LOOP( '', ( #4058, #4059, #4060, #4061 ) );
#1267 = B_SPLINE_CURVE_WITH_KNOTS( '', 3, ( #4062, #4063, #4064, #4065, #4066, #4067, #4068, #4069, #4070, #4071, #4072, #4073, #4074, #4075, #4076, #4077 ), .UNSPECIFIED., .F., .F., ( 4, 3, 3, 3, 3, 4 ), ( 0.499265096298639, 0.607595818716467, 0.730441237094497, 0.841672752430367, 0.958533283835744, 1.00000000000000 ), .UNSPECIFIED. );
#1268 = VECTOR( '', #4078, 1000.00000000000 );
#1269 = SURFACE_SIDE_STYLE( '', ( #4079 ) );
#1270 = EDGE_LOOP( '', ( #4080, #4081, #4082, #4083 ) );
#1271 = B_SPLINE_CURVE_WITH_KNOTS( '', 3, ( #4084, #4085, #4086, #4087, #4088, #4089, #4090, #4091, #4092, #4093, #4094, #4095, #4096, #4097 ), .UNSPECIFIED., .F., .F., ( 4, 3, 2, 2, 3, 4 ), ( 0.0289427784437565, 0.0517557706347697, 0.0811537898240827, 0.113124135692461, 0.145094481560838, 0.182838976793792 ), .UNSPECIFIED. );
#1272 = VECTOR( '', #4098, 1000.00000000000 );
#1273 = SURFACE_SIDE_STYLE( '', ( #4099 ) );
#1274 = EDGE_LOOP( '', ( #4100, #4101 ) );
#1275 = AXIS2_PLACEMENT_3D( '', #4102, #4103, #4104 );
#1276 = SURFACE_SIDE_STYLE( '', ( #4105 ) );
#1277 = EDGE_LOOP( '', ( #4106, #4107, #4108, #4109 ) );
#1278 = AXIS2_PLACEMENT_3D( '', #4110, #4111, #4112 );
#1279 = SURFACE_SIDE_STYLE( '', ( #4113 ) );
#1280 = EDGE_LOOP( '', ( #4114, #4115, #4116, #4117 ) );
#1281 = AXIS2_PLACEMENT_3D( '', #4118, #4119, #4120 );
#1282 = SURFACE_SIDE_STYLE( '', ( #4121 ) );
#1283 = EDGE_LOOP( '', ( #4122, #4123, #4124, #4125 ) );
#1284 = AXIS2_PLACEMENT_3D( '', #4126, #4127, #4128 );
#1285 = SURFACE_SIDE_STYLE( '', ( #4129 ) );
#1286 = EDGE_LOOP( '', ( #4130, #4131, #4132, #4133 ) );
#1287 = AXIS2_PLACEMENT_3D( '', #4134, #4135, #4136 );
#1288 = SURFACE_SIDE_STYLE( '', ( #4137 ) );
#1289 = EDGE_LOOP( '', ( #4138, #4139, #4140, #4141 ) );
#1290 = AXIS2_PLACEMENT_3D( '', #4142, #4143, #4144 );
#1291 = SURFACE_SIDE_STYLE( '', ( #4145 ) );
#1292 = EDGE_LOOP( '', ( #4146, #4147, #4148, #4149 ) );
#1293 = AXIS2_PLACEMENT_3D( '', #4150, #4151, #4152 );
#1294 = SURFACE_SIDE_STYLE( '', ( #4153 ) );
#1295 = EDGE_LOOP( '', ( #4154, #4155, #4156, #4157, #4158, #4159 ) );
#1296 = AXIS2_PLACEMENT_3D( '', #4160, #4161, #4162 );
#1297 = SURFACE_SIDE_STYLE( '', ( #4163 ) );
#1298 = EDGE_LOOP( '', ( #4164, #4165, #4166, #4167 ) );
#1299 = AXIS2_PLACEMENT_3D( '', #4168, #4169, #4170 );
#1300 = SURFACE_SIDE_STYLE( '', ( #4171 ) );
#1301 = EDGE_LOOP( '', ( #4172, #4173, #4174, #4175 ) );
#1302 = AXIS2_PLACEMENT_3D( '', #4176, #4177, #4178 );
#1303 = SURFACE_SIDE_STYLE( '', ( #4179 ) );
#1304 = EDGE_LOOP( '', ( #4180, #4181, #4182, #4183, #4184, #4185, #4186 ) );
#1305 = AXIS2_PLACEMENT_3D( '', #4187, #4188, #4189 );
#1306 = SURFACE_SIDE_STYLE( '', ( #4190 ) );
#1307 = EDGE_LOOP( '', ( #4191, #4192, #4193, #4194 ) );
#1308 = AXIS2_PLACEMENT_3D( '', #4195, #4196, #4197 );
#1309 = SURFACE_SIDE_STYLE( '', ( #4198 ) );
#1310 = EDGE_LOOP( '', ( #4199 ) );
#1311 = AXIS2_PLACEMENT_3D( '', #4200, #4201, #4202 );
#1312 = SURFACE_SIDE_STYLE( '', ( #4203 ) );
#1313 = EDGE_LOOP( '', ( #4204, #4205, #4206, #4207 ) );
#1314 = AXIS2_PLACEMENT_3D( '', #4208, #4209, #4210 );
#1315 = SURFACE_SIDE_STYLE( '', ( #4211 ) );
#1316 = EDGE_LOOP( '', ( #4212, #4213, #4214, #4215 ) );
#1317 = B_SPLINE_CURVE_WITH_KNOTS( '', 3, ( #4216, #4217, #4218, #4219, #4220, #4221, #4222, #4223, #4224 ), .UNSPECIFIED., .F., .F., ( 4, 3, 2, 4 ), ( 0.409840806187226, 0.465242072542818, 0.502901973289724, 0.558495160106586 ), .UNSPECIFIED. );
#1318 = VECTOR( '', #4225, 1000.00000000000 );
#1319 = SURFACE_SIDE_STYLE( '', ( #4226 ) );
#1320 = EDGE_LOOP( '', ( #4227, #4228, #4229, #4230 ) );
#1321 = B_SPLINE_CURVE_WITH_KNOTS( '', 3, ( #4231, #4232, #4233, #4234, #4235, #4236, #4237, #4238, #4239, #4240, #4241, #4242, #4243, #4244, #4245, #4246, #4247, #4248 ), .UNSPECIFIED., .F., .F., ( 4, 2, 3, 3, 3, 3, 4 ), ( 0.245640314251374, 0.317563337196489, 0.348999890271838, 0.376335385920032, 0.402372375392432, 0.433633459013528, 0.550269344855437 ), .UNSPECIFIED. );
#1322 = VECTOR( '', #4249, 1000.00000000000 );
#1323 = SURFACE_SIDE_STYLE( '', ( #4250 ) );
#1324 = EDGE_LOOP( '', ( #4251, #4252, #4253, #4254, #4255, #4256 ) );
#1325 = AXIS2_PLACEMENT_3D( '', #4257, #4258, #4259 );
#1326 = SURFACE_SIDE_STYLE( '', ( #4260 ) );
#1327 = EDGE_LOOP( '', ( #4261, #4262, #4263, #4264, #4265, #4266, #4267, #4268, #4269, #4270, #4271, #4272 ) );
#1328 = AXIS2_PLACEMENT_3D( '', #4273, #4274, #4275 );
#1329 = SURFACE_SIDE_STYLE( '', ( #4276 ) );
#1330 = EDGE_LOOP( '', ( #4277, #4278, #4279, #4280, #4281, #4282 ) );
#1331 = AXIS2_PLACEMENT_3D( '', #4283, #4284, #4285 );
#1332 = SURFACE_SIDE_STYLE( '', ( #4286 ) );
#1333 = EDGE_LOOP( '', ( #4287, #4288, #4289, #4290 ) );
#1334 = AXIS2_PLACEMENT_3D( '', #4291, #4292, #4293 );
#1335 = SURFACE_SIDE_STYLE( '', ( #4294 ) );
#1336 = EDGE_LOOP( '', ( #4295, #4296, #4297, #4298 ) );
#1337 = AXIS2_PLACEMENT_3D( '', #4299, #4300, #4301 );
#1338 = SURFACE_SIDE_STYLE( '', ( #4302 ) );
#1339 = EDGE_LOOP( '', ( #4303, #4304, #4305, #4306, #4307, #4308, #4309, #4310 ) );
#1340 = AXIS2_PLACEMENT_3D( '', #4311, #4312, #4313 );
#1341 = SURFACE_SIDE_STYLE( '', ( #4314 ) );
#1342 = EDGE_LOOP( '', ( #4315, #4316 ) );
#1343 = AXIS2_PLACEMENT_3D( '', #4317, #4318, #4319 );
#1344 = SURFACE_SIDE_STYLE( '', ( #4320 ) );
#1345 = EDGE_LOOP( '', ( #4321, #4322, #4323, #4324 ) );
#1346 = AXIS2_PLACEMENT_3D( '', #4325, #4326, #4327 );
#1347 = SURFACE_SIDE_STYLE( '', ( #4328 ) );
#1348 = EDGE_LOOP( '', ( #4329, #4330, #4331, #4332 ) );
#1349 = AXIS2_PLACEMENT_3D( '', #4333, #4334, #4335 );
#1350 = SURFACE_SIDE_STYLE( '', ( #4336 ) );
#1351 = EDGE_LOOP( '', ( #4337, #4338, #4339, #4340 ) );
#1352 = AXIS2_PLACEMENT_3D( '', #4341, #4342, #4343 );
#1353 = SURFACE_SIDE_STYLE( '', ( #4344 ) );
#1354 = EDGE_LOOP( '', ( #4345, #4346, #4347, #4348 ) );
#1355 = AXIS2_PLACEMENT_3D( '', #4349, #4350, #4351 );
#1356 = SURFACE_SIDE_STYLE( '', ( #4352 ) );
#1357 = EDGE_LOOP( '', ( #4353, #4354, #4355 ) );
#1358 = AXIS2_PLACEMENT_3D( '', #4356, #4357, #4358 );
#1359 = SURFACE_SIDE_STYLE( '', ( #4359 ) );
#1360 = EDGE_LOOP( '', ( #4360, #4361, #4362 ) );
#1361 = AXIS2_PLACEMENT_3D( '', #4363, #4364, #4365 );
#1362 = SURFACE_SIDE_STYLE( '', ( #4366 ) );
#1363 = EDGE_LOOP( '', ( #4367, #4368, #4369, #4370, #4371, #4372, #4373, #4374, #4375, #4376 ) );
#1364 = AXIS2_PLACEMENT_3D( '', #4377, #4378, #4379 );
#1365 = SURFACE_SIDE_STYLE( '', ( #4380 ) );
#1366 = EDGE_LOOP( '', ( #4381, #4382 ) );
#1367 = EDGE_LOOP( '', ( #4383, #4384, #4385, #4386, #4387, #4388 ) );
#1368 = AXIS2_PLACEMENT_3D( '', #4389, #4390, #4391 );
#1369 = SURFACE_SIDE_STYLE( '', ( #4392 ) );
#1370 = EDGE_LOOP( '', ( #4393, #4394, #4395, #4396 ) );
#1371 = AXIS2_PLACEMENT_3D( '', #4397, #4398, #4399 );
#1372 = SURFACE_SIDE_STYLE( '', ( #4400 ) );
#1373 = EDGE_LOOP( '', ( #4401 ) );
#1374 = EDGE_LOOP( '', ( #4402, #4403, #4404, #4405 ) );
#1375 = AXIS2_PLACEMENT_3D( '', #4406, #4407, #4408 );
#1376 = SURFACE_SIDE_STYLE( '', ( #4409 ) );
#1377 = EDGE_LOOP( '', ( #4410, #4411, #4412, #4413 ) );
#1378 = AXIS2_PLACEMENT_3D( '', #4414, #4415, #4416 );
#1379 = SURFACE_SIDE_STYLE( '', ( #4417 ) );
#1380 = EDGE_LOOP( '', ( #4418, #4419, #4420, #4421, #4422, #4423, #4424 ) );
#1381 = AXIS2_PLACEMENT_3D( '', #4425, #4426, #4427 );
#1382 = SURFACE_SIDE_STYLE( '', ( #4428 ) );
#1383 = EDGE_LOOP( '', ( #4429, #4430 ) );
#1384 = AXIS2_PLACEMENT_3D( '', #4431, #4432, #4433 );
#1385 = SURFACE_SIDE_STYLE( '', ( #4434 ) );
#1386 = EDGE_LOOP( '', ( #4435, #4436, #4437, #4438 ) );
#1387 = AXIS2_PLACEMENT_3D( '', #4439, #4440, #4441 );
#1388 = SURFACE_SIDE_STYLE( '', ( #4442 ) );
#1389 = EDGE_LOOP( '', ( #4443, #4444, #4445, #4446 ) );
#1390 = B_SPLINE_CURVE_WITH_KNOTS( '', 3, ( #4447, #4448, #4449, #4450, #4451, #4452, #4453 ), .UNSPECIFIED., .F., .F., ( 4, 3, 4 ), ( 0.149069852529666, 0.242039240282829, 0.261468230552944 ), .UNSPECIFIED. );
#1391 = VECTOR( '', #4454, 1000.00000000000 );
#1392 = SURFACE_SIDE_STYLE( '', ( #4455 ) );
#1393 = EDGE_LOOP( '', ( #4456, #4457, #4458, #4459 ) );
#1394 = AXIS2_PLACEMENT_3D( '', #4460, #4461, #4462 );
#1395 = SURFACE_SIDE_STYLE( '', ( #4463 ) );
#1396 = EDGE_LOOP( '', ( #4464 ) );
#1397 = EDGE_LOOP( '', ( #4465 ) );
#1398 = B_SPLINE_CURVE_WITH_KNOTS( '', 3, ( #4466, #4467, #4468, #4469, #4470, #4471, #4472, #4473, #4474, #4475, #4476, #4477, #4478, #4479, #4480, #4481, #4482, #4483, #4484, #4485, #4486, #4487 ), .UNSPECIFIED., .T., .F., ( 4, 2, 2, 3, 2, 3, 3, 3, 4 ), ( 0.000000000000000, 0.119629600204718, 0.239259200409437, 0.360296207675392, 0.506488056325201, 0.646414540032877, 0.754586018311960, 0.860643409138521, 1.00000000000000 ), .UNSPECIFIED. );
#1399 = VECTOR( '', #4488, 1000.00000000000 );
#1400 = SURFACE_SIDE_STYLE( '', ( #4489 ) );
#1401 = EDGE_LOOP( '', ( #4490, #4491, #4492, #4493 ) );
#1402 = AXIS2_PLACEMENT_3D( '', #4494, #4495, #4496 );
#1403 = SURFACE_SIDE_STYLE( '', ( #4497 ) );
#1404 = EDGE_LOOP( '', ( #4498, #4499, #4500, #4501 ) );
#1405 = AXIS2_PLACEMENT_3D( '', #4502, #4503, #4504 );
#1406 = SURFACE_SIDE_STYLE( '', ( #4505 ) );
#1407 = EDGE_LOOP( '', ( #4506, #4507, #4508, #4509 ) );
#1408 = AXIS2_PLACEMENT_3D( '', #4510, #4511, #4512 );
#1409 = SURFACE_SIDE_STYLE( '', ( #4513 ) );
#1410 = EDGE_LOOP( '', ( #4514, #4515, #4516, #4517 ) );
#1411 = AXIS2_PLACEMENT_3D( '', #4518, #4519, #4520 );
#1412 = SURFACE_SIDE_STYLE( '', ( #4521 ) );
#1413 = EDGE_LOOP( '', ( #4522, #4523, #4524, #4525 ) );
#1414 = AXIS2_PLACEMENT_3D( '', #4526, #4527, #4528 );
#1415 = SURFACE_SIDE_STYLE( '', ( #4529 ) );
#1416 = EDGE_LOOP( '', ( #4530, #4531, #4532 ) );
#1417 = AXIS2_PLACEMENT_3D( '', #4533, #4534, #4535 );
#1418 = SURFACE_SIDE_STYLE( '', ( #4536 ) );
#1419 = EDGE_LOOP( '', ( #4537, #4538, #4539, #4540 ) );
#1420 = AXIS2_PLACEMENT_3D( '', #4541, #4542, #4543 );
#1421 = SURFACE_SIDE_STYLE( '', ( #4544 ) );
#1422 = EDGE_LOOP( '', ( #4545, #4546, #4547, #4548 ) );
#1423 = AXIS2_PLACEMENT_3D( '', #4549, #4550, #4551 );
#1424 = SURFACE_SIDE_STYLE( '', ( #4552 ) );
#1425 = EDGE_LOOP( '', ( #4553 ) );
#1426 = EDGE_LOOP( '', ( #4554 ) );
#1429 = CARTESIAN_POINT( '', ( -0.700000000000000, 0.000000000000000, 0.295000000000004 ) );
#1430 = CARTESIAN_POINT( '', ( -0.694166666666667, -0.170318329410942, 0.295000000000004 ) );
#1431 = CARTESIAN_POINT( '', ( -0.688333333333333, -0.255477494116413, 0.147500000000002 ) );
#1432 = CARTESIAN_POINT( '', ( -0.682500000000001, -0.340636658821883, 2.08579796949234E-017 ) );
#1433 = CARTESIAN_POINT( '', ( -0.676666666666667, -0.255477494116413, -0.147500000000002 ) );
#1434 = CARTESIAN_POINT( '', ( -0.670833333333333, -0.170318329410942, -0.295000000000004 ) );
#1435 = CARTESIAN_POINT( '', ( -0.665000000000000, -3.61270805748474E-017, -0.295000000000004 ) );
#1436 = CARTESIAN_POINT( '', ( -0.659166666666667, 0.170318329410942, -0.295000000000004 ) );
#1437 = CARTESIAN_POINT( '', ( -0.653333333333334, 0.255477494116413, -0.147500000000002 ) );
#1438 = CARTESIAN_POINT( '', ( -0.647500000000000, 0.340636658821883, -6.25739390847703E-017 ) );
#1439 = CARTESIAN_POINT( '', ( -0.641666666666667, 0.255477494116413, 0.147500000000002 ) );
#1440 = CARTESIAN_POINT( '', ( -0.635833333333334, 0.170318329410942, 0.295000000000004 ) );
#1441 = CARTESIAN_POINT( '', ( -0.630000000000000, 0.000000000000000, 0.295000000000004 ) );
#1442 = CARTESIAN_POINT( '', ( -0.624166666666666, -0.170318329410942, 0.295000000000004 ) );
#1443 = CARTESIAN_POINT( '', ( -0.618333333333333, -0.255477494116413, 0.147500000000002 ) );
#1444 = CARTESIAN_POINT( '', ( -0.612500000000000, -0.340636658821883, 2.08579796949234E-017 ) );
#1445 = CARTESIAN_POINT( '', ( -0.606666666666667, -0.255477494116413, -0.147500000000002 ) );
#1446 = CARTESIAN_POINT( '', ( -0.600833333333333, -0.170318329410942, -0.295000000000004 ) );
#1447 = CARTESIAN_POINT( '', ( -0.595000000000000, -3.61270805748474E-017, -0.295000000000004 ) );
#1448 = CARTESIAN_POINT( '', ( -0.589166666666667, 0.170318329410942, -0.295000000000004 ) );
#1449 = CARTESIAN_POINT( '', ( -0.583333333333333, 0.255477494116413, -0.147500000000002 ) );
#1450 = CARTESIAN_POINT( '', ( -0.577499999999999, 0.340636658821883, -6.25739390847703E-017 ) );
#1451 = CARTESIAN_POINT( '', ( -0.571666666666667, 0.255477494116413, 0.147500000000002 ) );
#1452 = CARTESIAN_POINT( '', ( -0.565833333333333, 0.170318329410942, 0.295000000000004 ) );
#1453 = CARTESIAN_POINT( '', ( -0.560000000000000, 0.000000000000000, 0.295000000000004 ) );
#1454 = CARTESIAN_POINT( '', ( -0.554166666666667, -0.170318329410942, 0.295000000000004 ) );
#1455 = CARTESIAN_POINT( '', ( -0.548333333333333, -0.255477494116413, 0.147500000000002 ) );
#1456 = CARTESIAN_POINT( '', ( -0.542500000000000, -0.340636658821883, 2.08579796949234E-017 ) );
#1457 = CARTESIAN_POINT( '', ( -0.536666666666667, -0.255477494116413, -0.147500000000002 ) );
#1458 = CARTESIAN_POINT( '', ( -0.530833333333334, -0.170318329410942, -0.295000000000004 ) );
#1459 = CARTESIAN_POINT( '', ( -0.525000000000000, -3.61270805748474E-017, -0.295000000000004 ) );
#1460 = CARTESIAN_POINT( '', ( -0.519166666666666, 0.170318329410942, -0.295000000000004 ) );
#1461 = CARTESIAN_POINT( '', ( -0.513333333333333, 0.255477494116413, -0.147500000000002 ) );
#1462 = CARTESIAN_POINT( '', ( -0.507500000000000, 0.340636658821883, -6.25739390847703E-017 ) );
#1463 = CARTESIAN_POINT( '', ( -0.501666666666667, 0.255477494116413, 0.147500000000002 ) );
#1464 = CARTESIAN_POINT( '', ( -0.495833333333334, 0.170318329410942, 0.295000000000004 ) );
#1465 = CARTESIAN_POINT( '', ( -0.490000000000000, 0.000000000000000, 0.295000000000004 ) );
#1466 = CARTESIAN_POINT( '', ( -0.484166666666667, -0.170318329410942, 0.295000000000004 ) );
#1467 = CARTESIAN_POINT( '', ( -0.478333333333333, -0.255477494116413, 0.147500000000002 ) );
#1468 = CARTESIAN_POINT( '', ( -0.472500000000000, -0.340636658821883, 2.08579796949234E-017 ) );
#1469 = CARTESIAN_POINT( '', ( -0.466666666666667, -0.255477494116413, -0.147500000000002 ) );
#1470 = CARTESIAN_POINT( '', ( -0.460833333333333, -0.170318329410942, -0.295000000000004 ) );
#1471 = CARTESIAN_POINT( '', ( -0.455000000000000, -3.61270805748474E-017, -0.295000000000004 ) );
#1472 = CARTESIAN_POINT( '', ( -0.449166666666667, 0.170318329410942, -0.295000000000004 ) );
#1473 = CARTESIAN_POINT( '', ( -0.443333333333334, 0.255477494116413, -0.147500000000002 ) );
#1474 = CARTESIAN_POINT( '', ( -0.437500000000000, 0.340636658821883, -6.25739390847703E-017 ) );
#1475 = CARTESIAN_POINT( '', ( -0.431666666666667, 0.255477494116413, 0.147500000000002 ) );
#1476 = CARTESIAN_POINT( '', ( -0.425833333333333, 0.170318329410942, 0.295000000000004 ) );
#1477 = CARTESIAN_POINT( '', ( -0.420000000000000, 0.000000000000000, 0.295000000000004 ) );
#1478 = CARTESIAN_POINT( '', ( -0.414166666666667, -0.170318329410942, 0.295000000000004 ) );
#1479 = CARTESIAN_POINT( '', ( -0.408333333333333, -0.255477494116413, 0.147500000000002 ) );
#1480 = CARTESIAN_POINT( '', ( -0.402500000000000, -0.340636658821883, 2.08579796949234E-017 ) );
#1481 = CARTESIAN_POINT( '', ( -0.396666666666667, -0.255477494116413, -0.147500000000002 ) );
#1482 = CARTESIAN_POINT( '', ( -0.390833333333333, -0.170318329410942, -0.295000000000004 ) );
#1483 = CARTESIAN_POINT( '', ( -0.385000000000000, -3.61270805748474E-017, -0.295000000000004 ) );
#1484 = CARTESIAN_POINT( '', ( -0.379166666666667, 0.170318329410942, -0.295000000000004 ) );
#1485 = CARTESIAN_POINT( '', ( -0.373333333333334, 0.255477494116413, -0.147500000000002 ) );
#1486 = CARTESIAN_POINT( '', ( -0.367500000000000, 0.340636658821883, -6.25739390847703E-017 ) );
#1487 = CARTESIAN_POINT( '', ( -0.361666666666666, 0.255477494116413, 0.147500000000002 ) );
#1488 = CARTESIAN_POINT( '', ( -0.355833333333333, 0.170318329410942, 0.295000000000004 ) );
#1489 = CARTESIAN_POINT( '', ( -0.350000000000000, 0.000000000000000, 0.295000000000004 ) );
#1490 = CARTESIAN_POINT( '', ( -0.344166666666667, -0.170318329410942, 0.295000000000004 ) );
#1491 = CARTESIAN_POINT( '', ( -0.338333333333333, -0.255477494116413, 0.147500000000002 ) );
#1492 = CARTESIAN_POINT( '', ( -0.332500000000000, -0.340636658821883, 2.08579796949234E-017 ) );
#1493 = CARTESIAN_POINT( '', ( -0.326666666666667, -0.255477494116413, -0.147500000000002 ) );
#1494 = CARTESIAN_POINT( '', ( -0.320833333333333, -0.170318329410942, -0.295000000000004 ) );
#1495 = CARTESIAN_POINT( '', ( -0.315000000000000, -3.61270805748474E-017, -0.295000000000004 ) );
#1496 = CARTESIAN_POINT( '', ( -0.309166666666667, 0.170318329410942, -0.295000000000004 ) );
#1497 = CARTESIAN_POINT( '', ( -0.303333333333334, 0.255477494116413, -0.147500000000002 ) );
#1498 = CARTESIAN_POINT( '', ( -0.297500000000000, 0.340636658821883, -6.25739390847703E-017 ) );
#1499 = CARTESIAN_POINT( '', ( -0.291666666666667, 0.255477494116413, 0.147500000000002 ) );
#1500 = CARTESIAN_POINT( '', ( -0.285833333333333, 0.170318329410942, 0.295000000000004 ) );
#1501 = CARTESIAN_POINT( '', ( -0.280000000000000, 0.000000000000000, 0.295000000000004 ) );
#1502 = CARTESIAN_POINT( '', ( -0.274166666666667, -0.170318329410942, 0.295000000000004 ) );
#1503 = CARTESIAN_POINT( '', ( -0.268333333333334, -0.255477494116413, 0.147500000000002 ) );
#1504 = CARTESIAN_POINT( '', ( -0.262500000000000, -0.340636658821883, 2.08579796949234E-017 ) );
#1505 = CARTESIAN_POINT( '', ( -0.256666666666666, -0.255477494116413, -0.147500000000002 ) );
#1506 = CARTESIAN_POINT( '', ( -0.250833333333333, -0.170318329410942, -0.295000000000004 ) );
#1507 = CARTESIAN_POINT( '', ( -0.245000000000000, -3.61270805748474E-017, -0.295000000000004 ) );
#1508 = CARTESIAN_POINT( '', ( -0.239166666666667, 0.170318329410942, -0.295000000000004 ) );
#1509 = CARTESIAN_POINT( '', ( -0.233333333333334, 0.255477494116413, -0.147500000000002 ) );
#1510 = CARTESIAN_POINT( '', ( -0.227500000000000, 0.340636658821883, -6.25739390847703E-017 ) );
#1511 = CARTESIAN_POINT( '', ( -0.221666666666667, 0.255477494116413, 0.147500000000002 ) );
#1512 = CARTESIAN_POINT( '', ( -0.215833333333333, 0.170318329410942, 0.295000000000004 ) );
#1513 = CARTESIAN_POINT( '', ( -0.210000000000000, 0.000000000000000, 0.295000000000004 ) );
#1514 = CARTESIAN_POINT( '', ( -0.204166666666667, -0.170318329410942, 0.295000000000004 ) );
#1515 = CARTESIAN_POINT( '', ( -0.198333333333334, -0.255477494116413, 0.147500000000002 ) );
#1516 = CARTESIAN_POINT( '', ( -0.192500000000000, -0.340636658821883, 2.08579796949234E-017 ) );
#1517 = CARTESIAN_POINT( '', ( -0.186666666666667, -0.255477494116413, -0.147500000000002 ) );
#1518 = CARTESIAN_POINT( '', ( -0.180833333333333, -0.170318329410942, -0.295000000000004 ) );
#1519 = CARTESIAN_POINT( '', ( -0.175000000000000, -3.61270805748474E-017, -0.295000000000004 ) );
#1520 = CARTESIAN_POINT( '', ( -0.169166666666667, 0.170318329410942, -0.295000000000004 ) );
#1521 = CARTESIAN_POINT( '', ( -0.163333333333334, 0.255477494116413, -0.147500000000002 ) );
#1522 = CARTESIAN_POINT( '', ( -0.157500000000000, 0.340636658821883, -6.25739390847703E-017 ) );
#1523 = CARTESIAN_POINT( '', ( -0.151666666666667, 0.255477494116413, 0.147500000000002 ) );
#1524 = CARTESIAN_POINT( '', ( -0.145833333333333, 0.170318329410942, 0.295000000000004 ) );
#1525 = CARTESIAN_POINT( '', ( -0.140000000000000, 0.000000000000000, 0.295000000000004 ) );
#1526 = CARTESIAN_POINT( '', ( -0.134166666666667, -0.170318329410942, 0.295000000000004 ) );
#1527 = CARTESIAN_POINT( '', ( -0.128333333333333, -0.255477494116413, 0.147500000000002 ) );
#1528 = CARTESIAN_POINT( '', ( -0.122500000000000, -0.340636658821883, 2.08579796949234E-017 ) );
#1529 = CARTESIAN_POINT( '', ( -0.116666666666667, -0.255477494116413, -0.147500000000002 ) );
#1530 = CARTESIAN_POINT( '', ( -0.110833333333333, -0.170318329410942, -0.295000000000004 ) );
#1531 = CARTESIAN_POINT( '', ( -0.105000000000000, -3.61270805748474E-017, -0.295000000000004 ) );
#1532 = CARTESIAN_POINT( '', ( -0.0991666666666666, 0.170318329410942, -0.295000000000004 ) );
#1533 = CARTESIAN_POINT( '', ( -0.0933333333333334, 0.255477494116413, -0.147500000000002 ) );
#1534 = CARTESIAN_POINT( '', ( -0.0875000000000000, 0.340636658821883, -6.25739390847703E-017 ) );
#1535 = CARTESIAN_POINT( '', ( -0.0816666666666667, 0.255477494116413, 0.147500000000002 ) );
#1536 = CARTESIAN_POINT( '', ( -0.0758333333333334, 0.170318329410942, 0.295000000000004 ) );
#1537 = CARTESIAN_POINT( '', ( -0.0700000000000000, 0.000000000000000, 0.295000000000004 ) );
#1538 = CARTESIAN_POINT( '', ( -0.0641666666666667, -0.170318329410942, 0.295000000000004 ) );
#1539 = CARTESIAN_POINT( '', ( -0.0583333333333334, -0.255477494116413, 0.147500000000002 ) );
#1540 = CARTESIAN_POINT( '', ( -0.0525000000000001, -0.340636658821883, 2.08579796949234E-017 ) );
#1541 = CARTESIAN_POINT( '', ( -0.0466666666666666, -0.255477494116413, -0.147500000000002 ) );
#1542 = CARTESIAN_POINT( '', ( -0.0408333333333333, -0.170318329410942, -0.295000000000004 ) );
#1543 = CARTESIAN_POINT( '', ( -0.0350000000000000, -3.61270805748474E-017, -0.295000000000004 ) );
#1544 = CARTESIAN_POINT( '', ( -0.0291666666666667, 0.170318329410942, -0.295000000000004 ) );
#1545 = CARTESIAN_POINT( '', ( -0.0233333333333333, 0.255477494116413, -0.147500000000002 ) );
#1546 = CARTESIAN_POINT( '', ( -0.0175000000000000, 0.340636658821883, -6.25739390847703E-017 ) );
#1547 = CARTESIAN_POINT( '', ( -0.0116666666666667, 0.255477494116413, 0.147500000000002 ) );
#1548 = CARTESIAN_POINT( '', ( -0.00583333333333338, 0.170318329410942, 0.295000000000004 ) );
#1549 = CARTESIAN_POINT( '', ( 0.000000000000000, 0.000000000000000, 0.295000000000004 ) );
#1550 = CARTESIAN_POINT( '', ( 0.00583333333333328, -0.170318329410942, 0.295000000000004 ) );
#1551 = CARTESIAN_POINT( '', ( 0.0116666666666667, -0.255477494116413, 0.147500000000002 ) );
#1552 = CARTESIAN_POINT( '', ( 0.0174999999999999, -0.340636658821883, 2.08579796949234E-017 ) );
#1553 = CARTESIAN_POINT( '', ( 0.0233333333333333, -0.255477494116413, -0.147500000000002 ) );
#1554 = CARTESIAN_POINT( '', ( 0.0291666666666666, -0.170318329410942, -0.295000000000004 ) );
#1555 = CARTESIAN_POINT( '', ( 0.0350000000000000, -3.61270805748474E-017, -0.295000000000004 ) );
#1556 = CARTESIAN_POINT( '', ( 0.0408333333333332, 0.170318329410942, -0.295000000000004 ) );
#1557 = CARTESIAN_POINT( '', ( 0.0466666666666666, 0.255477494116413, -0.147500000000002 ) );
#1558 = CARTESIAN_POINT( '', ( 0.0525000000000001, 0.340636658821883, -6.25739390847703E-017 ) );
#1559 = CARTESIAN_POINT( '', ( 0.0583333333333333, 0.255477494116413, 0.147500000000002 ) );
#1560 = CARTESIAN_POINT( '', ( 0.0641666666666667, 0.170318329410942, 0.295000000000004 ) );
#1561 = CARTESIAN_POINT( '', ( 0.0700000000000000, 0.000000000000000, 0.295000000000004 ) );
#1562 = CARTESIAN_POINT( '', ( 0.0758333333333334, -0.170318329410942, 0.295000000000004 ) );
#1563 = CARTESIAN_POINT( '', ( 0.0816666666666666, -0.255477494116413, 0.147500000000002 ) );
#1564 = CARTESIAN_POINT( '', ( 0.0875000000000000, -0.340636658821883, 2.08579796949234E-017 ) );
#1565 = CARTESIAN_POINT( '', ( 0.0933333333333333, -0.255477494116413, -0.147500000000002 ) );
#1566 = CARTESIAN_POINT( '', ( 0.0991666666666666, -0.170318329410942, -0.295000000000004 ) );
#1567 = CARTESIAN_POINT( '', ( 0.105000000000000, -3.61270805748474E-017, -0.295000000000004 ) );
#1568 = CARTESIAN_POINT( '', ( 0.110833333333333, 0.170318329410942, -0.295000000000004 ) );
#1569 = CARTESIAN_POINT( '', ( 0.116666666666667, 0.255477494116413, -0.147500000000002 ) );
#1570 = CARTESIAN_POINT( '', ( 0.122500000000000, 0.340636658821883, -6.25739390847703E-017 ) );
#1571 = CARTESIAN_POINT( '', ( 0.128333333333333, 0.255477494116413, 0.147500000000002 ) );
#1572 = CARTESIAN_POINT( '', ( 0.134166666666667, 0.170318329410942, 0.295000000000004 ) );
#1573 = CARTESIAN_POINT( '', ( 0.140000000000000, 0.000000000000000, 0.295000000000004 ) );
#1574 = CARTESIAN_POINT( '', ( 0.145833333333333, -0.170318329410942, 0.295000000000004 ) );
#1575 = CARTESIAN_POINT( '', ( 0.151666666666667, -0.255477494116413, 0.147500000000002 ) );
#1576 = CARTESIAN_POINT( '', ( 0.157500000000000, -0.340636658821883, 2.08579796949234E-017 ) );
#1577 = CARTESIAN_POINT( '', ( 0.163333333333334, -0.255477494116413, -0.147500000000002 ) );
#1578 = CARTESIAN_POINT( '', ( 0.169166666666666, -0.170318329410942, -0.295000000000004 ) );
#1579 = CARTESIAN_POINT( '', ( 0.175000000000000, -3.61270805748474E-017, -0.295000000000004 ) );
#1580 = CARTESIAN_POINT( '', ( 0.180833333333333, 0.170318329410942, -0.295000000000004 ) );
#1581 = CARTESIAN_POINT( '', ( 0.186666666666667, 0.255477494116413, -0.147500000000002 ) );
#1582 = CARTESIAN_POINT( '', ( 0.192500000000000, 0.340636658821883, -6.25739390847703E-017 ) );
#1583 = CARTESIAN_POINT( '', ( 0.198333333333334, 0.255477494116413, 0.147500000000002 ) );
#1584 = CARTESIAN_POINT( '', ( 0.204166666666667, 0.170318329410942, 0.295000000000004 ) );
#1585 = CARTESIAN_POINT( '', ( 0.210000000000000, 0.000000000000000, 0.295000000000004 ) );
#1586 = CARTESIAN_POINT( '', ( 0.215833333333333, -0.170318329410942, 0.295000000000004 ) );
#1587 = CARTESIAN_POINT( '', ( 0.221666666666667, -0.255477494116413, 0.147500000000002 ) );
#1588 = CARTESIAN_POINT( '', ( 0.227500000000000, -0.340636658821883, 2.08579796949234E-017 ) );
#1589 = CARTESIAN_POINT( '', ( 0.233333333333334, -0.255477494116413, -0.147500000000002 ) );
#1590 = CARTESIAN_POINT( '', ( 0.239166666666667, -0.170318329410942, -0.295000000000004 ) );
#1591 = CARTESIAN_POINT( '', ( 0.245000000000000, -3.61270805748474E-017, -0.295000000000004 ) );
#1592 = CARTESIAN_POINT( '', ( 0.250833333333333, 0.170318329410942, -0.295000000000004 ) );
#1593 = CARTESIAN_POINT( '', ( 0.256666666666666, 0.255477494116413, -0.147500000000002 ) );
#1594 = CARTESIAN_POINT( '', ( 0.262500000000000, 0.340636658821883, -6.25739390847703E-017 ) );
#1595 = CARTESIAN_POINT( '', ( 0.268333333333334, 0.255477494116413, 0.147500000000002 ) );
#1596 = CARTESIAN_POINT( '', ( 0.274166666666667, 0.170318329410942, 0.295000000000004 ) );
#1597 = CARTESIAN_POINT( '', ( 0.280000000000000, 0.000000000000000, 0.295000000000004 ) );
#1598 = CARTESIAN_POINT( '', ( 0.285833333333333, -0.170318329410942, 0.295000000000004 ) );
#1599 = CARTESIAN_POINT( '', ( 0.291666666666666, -0.255477494116413, 0.147500000000002 ) );
#1600 = CARTESIAN_POINT( '', ( 0.297500000000000, -0.340636658821883, 2.08579796949234E-017 ) );
#1601 = CARTESIAN_POINT( '', ( 0.303333333333334, -0.255477494116413, -0.147500000000002 ) );
#1602 = CARTESIAN_POINT( '', ( 0.309166666666667, -0.170318329410942, -0.295000000000004 ) );
#1603 = CARTESIAN_POINT( '', ( 0.315000000000000, -3.61270805748474E-017, -0.295000000000004 ) );
#1604 = CARTESIAN_POINT( '', ( 0.320833333333333, 0.170318329410942, -0.295000000000004 ) );
#1605 = CARTESIAN_POINT( '', ( 0.326666666666667, 0.255477494116413, -0.147500000000002 ) );
#1606 = CARTESIAN_POINT( '', ( 0.332500000000000, 0.340636658821883, -6.25739390847703E-017 ) );
#1607 = CARTESIAN_POINT( '', ( 0.338333333333333, 0.255477494116413, 0.147500000000002 ) );
#1608 = CARTESIAN_POINT( '', ( 0.344166666666667, 0.170318329410942, 0.295000000000004 ) );
#1609 = CARTESIAN_POINT( '', ( 0.350000000000000, 0.000000000000000, 0.295000000000004 ) );
#1610 = CARTESIAN_POINT( '', ( 0.355833333333333, -0.170318329410942, 0.295000000000004 ) );
#1611 = CARTESIAN_POINT( '', ( 0.361666666666666, -0.255477494116413, 0.147500000000002 ) );
#1612 = CARTESIAN_POINT( '', ( 0.367500000000000, -0.340636658821883, 2.08579796949234E-017 ) );
#1613 = CARTESIAN_POINT( '', ( 0.373333333333334, -0.255477494116413, -0.147500000000002 ) );
#1614 = CARTESIAN_POINT( '', ( 0.379166666666667, -0.170318329410942, -0.295000000000004 ) );
#1615 = CARTESIAN_POINT( '', ( 0.385000000000000, -3.61270805748474E-017, -0.295000000000004 ) );
#1616 = CARTESIAN_POINT( '', ( 0.390833333333333, 0.170318329410942, -0.295000000000004 ) );
#1617 = CARTESIAN_POINT( '', ( 0.396666666666667, 0.255477494116413, -0.147500000000002 ) );
#1618 = CARTESIAN_POINT( '', ( 0.402500000000000, 0.340636658821883, -6.25739390847703E-017 ) );
#1619 = CARTESIAN_POINT( '', ( 0.408333333333333, 0.255477494116413, 0.147500000000002 ) );
#1620 = CARTESIAN_POINT( '', ( 0.414166666666667, 0.170318329410942, 0.295000000000004 ) );
#1621 = CARTESIAN_POINT( '', ( 0.420000000000000, 0.000000000000000, 0.295000000000004 ) );
#1622 = CARTESIAN_POINT( '', ( 0.425833333333333, -0.170318329410942, 0.295000000000004 ) );
#1623 = CARTESIAN_POINT( '', ( 0.431666666666667, -0.255477494116413, 0.147500000000002 ) );
#1624 = CARTESIAN_POINT( '', ( 0.437500000000000, -0.340636658821883, 2.08579796949234E-017 ) );
#1625 = CARTESIAN_POINT( '', ( 0.443333333333334, -0.255477494116413, -0.147500000000002 ) );
#1626 = CARTESIAN_POINT( '', ( 0.449166666666667, -0.170318329410942, -0.295000000000004 ) );
#1627 = CARTESIAN_POINT( '', ( 0.455000000000000, -3.61270805748474E-017, -0.295000000000004 ) );
#1628 = CARTESIAN_POINT( '', ( 0.460833333333333, 0.170318329410942, -0.295000000000004 ) );
#1629 = CARTESIAN_POINT( '', ( 0.466666666666667, 0.255477494116413, -0.147500000000002 ) );
#1630 = CARTESIAN_POINT( '', ( 0.472500000000000, 0.340636658821883, -6.25739390847703E-017 ) );
#1631 = CARTESIAN_POINT( '', ( 0.478333333333333, 0.255477494116413, 0.147500000000002 ) );
#1632 = CARTESIAN_POINT( '', ( 0.484166666666666, 0.170318329410942, 0.295000000000004 ) );
#1633 = CARTESIAN_POINT( '', ( 0.490000000000000, 0.000000000000000, 0.295000000000004 ) );
#1634 = CARTESIAN_POINT( '', ( 0.495833333333334, -0.170318329410942, 0.295000000000004 ) );
#1635 = CARTESIAN_POINT( '', ( 0.501666666666667, -0.255477494116413, 0.147500000000002 ) );
#1636 = CARTESIAN_POINT( '', ( 0.507500000000000, -0.340636658821883, 2.08579796949234E-017 ) );
#1637 = CARTESIAN_POINT( '', ( 0.513333333333333, -0.255477494116413, -0.147500000000002 ) );
#1638 = CARTESIAN_POINT( '', ( 0.519166666666666, -0.170318329410942, -0.295000000000004 ) );
#1639 = CARTESIAN_POINT( '', ( 0.525000000000000, -3.61270805748474E-017, -0.295000000000004 ) );
#1640 = CARTESIAN_POINT( '', ( 0.530833333333334, 0.170318329410942, -0.295000000000004 ) );
#1641 = CARTESIAN_POINT( '', ( 0.536666666666667, 0.255477494116413, -0.147500000000002 ) );
#1642 = CARTESIAN_POINT( '', ( 0.542500000000000, 0.340636658821883, -6.25739390847703E-017 ) );
#1643 = CARTESIAN_POINT( '', ( 0.548333333333333, 0.255477494116413, 0.147500000000002 ) );
#1644 = CARTESIAN_POINT( '', ( 0.554166666666667, 0.170318329410942, 0.295000000000004 ) );
#1645 = CARTESIAN_POINT( '', ( 0.560000000000000, 0.000000000000000, 0.295000000000004 ) );
#1646 = CARTESIAN_POINT( '', ( 0.565833333333333, -0.170318329410942, 0.295000000000004 ) );
#1647 = CARTESIAN_POINT( '', ( 0.571666666666667, -0.255477494116413, 0.147500000000002 ) );
#1648 = CARTESIAN_POINT( '', ( 0.577499999999999, -0.340636658821883, 2.08579796949234E-017 ) );
#1649 = CARTESIAN_POINT( '', ( 0.583333333333333, -0.255477494116413, -0.147500000000002 ) );
#1650 = CARTESIAN_POINT( '', ( 0.589166666666667, -0.170318329410942, -0.295000000000004 ) );
#1651 = CARTESIAN_POINT( '', ( 0.595000000000000, -3.61270805748474E-017, -0.295000000000004 ) );
#1652 = CARTESIAN_POINT( '', ( 0.600833333333333, 0.170318329410942, -0.295000000000004 ) );
#1653 = CARTESIAN_POINT( '', ( 0.606666666666667, 0.255477494116413, -0.147500000000002 ) );
#1654 = CARTESIAN_POINT( '', ( 0.612500000000000, 0.340636658821883, -6.25739390847703E-017 ) );
#1655 = CARTESIAN_POINT( '', ( 0.618333333333333, 0.255477494116413, 0.147500000000002 ) );
#1656 = CARTESIAN_POINT( '', ( 0.624166666666666, 0.170318329410942, 0.295000000000004 ) );
#1657 = CARTESIAN_POINT( '', ( 0.630000000000000, 0.000000000000000, 0.295000000000004 ) );
#1658 = CARTESIAN_POINT( '', ( 0.635833333333334, -0.170318329410942, 0.295000000000004 ) );
#1659 = CARTESIAN_POINT( '', ( 0.641666666666667, -0.255477494116413, 0.147500000000002 ) );
#1660 = CARTESIAN_POINT( '', ( 0.647500000000000, -0.340636658821883, 2.08579796949234E-017 ) );
#1661 = CARTESIAN_POINT( '', ( 0.653333333333334, -0.255477494116413, -0.147500000000002 ) );
#1662 = CARTESIAN_POINT( '', ( 0.659166666666666, -0.170318329410942, -0.295000000000004 ) );
#1663 = CARTESIAN_POINT( '', ( 0.665000000000000, -3.61270805748474E-017, -0.295000000000004 ) );
#1664 = CARTESIAN_POINT( '', ( 0.670833333333333, 0.170318329410942, -0.295000000000004 ) );
#1665 = CARTESIAN_POINT( '', ( 0.676666666666667, 0.255477494116413, -0.147500000000002 ) );
#1666 = CARTESIAN_POINT( '', ( 0.682499999999999, 0.340636658821883, -6.25739390847703E-017 ) );
#1667 = CARTESIAN_POINT( '', ( 0.688333333333333, 0.255477494116413, 0.147500000000002 ) );
#1668 = CARTESIAN_POINT( '', ( 0.694166666666667, 0.170318329410942, 0.295000000000004 ) );
#1669 = CARTESIAN_POINT( '', ( 0.700000000000000, 0.000000000000000, 0.295000000000004 ) );
#1670 = CARTESIAN_POINT( '', ( 0.705833333333334, -0.170318329410942, 0.295000000000004 ) );
#1671 = CARTESIAN_POINT( '', ( 0.711666666666667, -0.255477494116413, 0.147500000000002 ) );
#1672 = CARTESIAN_POINT( '', ( 0.717500000000000, -0.340636658821883, 2.08579796949234E-017 ) );
#1673 = CARTESIAN_POINT( '', ( 0.723333333333333, -0.255477494116413, -0.147500000000002 ) );
#1674 = CARTESIAN_POINT( '', ( 0.729166666666666, -0.170318329410942, -0.295000000000004 ) );
#1675 = CARTESIAN_POINT( '', ( 0.735000000000000, -3.61270805748474E-017, -0.295000000000004 ) );
#1676 = CARTESIAN_POINT( '', ( 0.740833333333333, 0.170318329410942, -0.295000000000004 ) );
#1677 = CARTESIAN_POINT( '', ( 0.746666666666667, 0.255477494116413, -0.147500000000002 ) );
#1678 = CARTESIAN_POINT( '', ( 0.752500000000000, 0.340636658821883, -6.25739390847703E-017 ) );
#1679 = CARTESIAN_POINT( '', ( 0.758333333333333, 0.255477494116413, 0.147500000000002 ) );
#1680 = CARTESIAN_POINT( '', ( 0.764166666666667, 0.170318329410942, 0.295000000000004 ) );
#1681 = CARTESIAN_POINT( '', ( 0.770000000000000, 0.000000000000000, 0.295000000000004 ) );
#1682 = CARTESIAN_POINT( '', ( 0.775833333333333, -0.170318329410942, 0.295000000000004 ) );
#1683 = CARTESIAN_POINT( '', ( 0.781666666666667, -0.255477494116413, 0.147500000000002 ) );
#1684 = CARTESIAN_POINT( '', ( 0.787500000000000, -0.340636658821883, 2.08579796949234E-017 ) );
#1685 = CARTESIAN_POINT( '', ( 0.793333333333333, -0.255477494116413, -0.147500000000002 ) );
#1686 = CARTESIAN_POINT( '', ( 0.799166666666666, -0.170318329410942, -0.295000000000004 ) );
#1687 = CARTESIAN_POINT( '', ( 0.805000000000000, -3.61270805748474E-017, -0.295000000000004 ) );
#1688 = CARTESIAN_POINT( '', ( 0.810833333333333, 0.170318329410942, -0.295000000000004 ) );
#1689 = CARTESIAN_POINT( '', ( 0.816666666666667, 0.255477494116413, -0.147500000000002 ) );
#1690 = CARTESIAN_POINT( '', ( 0.822500000000000, 0.340636658821883, -6.25739390847703E-017 ) );
#1691 = CARTESIAN_POINT( '', ( 0.828333333333334, 0.255477494116413, 0.147500000000002 ) );
#1692 = CARTESIAN_POINT( '', ( 0.834166666666666, 0.170318329410942, 0.295000000000004 ) );
#1693 = CARTESIAN_POINT( '', ( 0.840000000000000, 0.000000000000000, 0.295000000000004 ) );
#1694 = CARTESIAN_POINT( '', ( -0.700000000000000, 0.000000000000000, 0.245000000000004 ) );
#1695 = CARTESIAN_POINT( '', ( -0.694166666666666, -0.141450815951460, 0.245000000000004 ) );
#1696 = CARTESIAN_POINT( '', ( -0.688333333333333, -0.212176223927190, 0.122500000000002 ) );
#1697 = CARTESIAN_POINT( '', ( -0.682500000000000, -0.282901631902921, 1.73227288991738E-017 ) );
#1698 = CARTESIAN_POINT( '', ( -0.676666666666666, -0.212176223927191, -0.122500000000002 ) );
#1699 = CARTESIAN_POINT( '', ( -0.670833333333333, -0.141450815951461, -0.245000000000004 ) );
#1700 = CARTESIAN_POINT( '', ( -0.664999999999999, -3.00038465791106E-017, -0.245000000000004 ) );
#1701 = CARTESIAN_POINT( '', ( -0.659166666666666, 0.141450815951460, -0.245000000000004 ) );
#1702 = CARTESIAN_POINT( '', ( -0.653333333333334, 0.212176223927190, -0.122500000000002 ) );
#1703 = CARTESIAN_POINT( '', ( -0.647500000000000, 0.282901631902921, -5.19681866975212E-017 ) );
#1704 = CARTESIAN_POINT( '', ( -0.641666666666667, 0.212176223927191, 0.122500000000002 ) );
#1705 = CARTESIAN_POINT( '', ( -0.635833333333333, 0.141450815951461, 0.245000000000004 ) );
#1706 = CARTESIAN_POINT( '', ( -0.630000000000000, 0.000000000000000, 0.245000000000004 ) );
#1707 = CARTESIAN_POINT( '', ( -0.624166666666667, -0.141450815951460, 0.245000000000004 ) );
#1708 = CARTESIAN_POINT( '', ( -0.618333333333333, -0.212176223927190, 0.122500000000002 ) );
#1709 = CARTESIAN_POINT( '', ( -0.612500000000000, -0.282901631902921, 1.73227288991738E-017 ) );
#1710 = CARTESIAN_POINT( '', ( -0.606666666666667, -0.212176223927191, -0.122500000000002 ) );
#1711 = CARTESIAN_POINT( '', ( -0.600833333333333, -0.141450815951461, -0.245000000000004 ) );
#1712 = CARTESIAN_POINT( '', ( -0.595000000000000, -3.00038465791106E-017, -0.245000000000004 ) );
#1713 = CARTESIAN_POINT( '', ( -0.589166666666667, 0.141450815951460, -0.245000000000004 ) );
#1714 = CARTESIAN_POINT( '', ( -0.583333333333333, 0.212176223927190, -0.122500000000002 ) );
#1715 = CARTESIAN_POINT( '', ( -0.577500000000000, 0.282901631902921, -5.19681866975212E-017 ) );
#1716 = CARTESIAN_POINT( '', ( -0.571666666666666, 0.212176223927191, 0.122500000000002 ) );
#1717 = CARTESIAN_POINT( '', ( -0.565833333333333, 0.141450815951461, 0.245000000000004 ) );
#1718 = CARTESIAN_POINT( '', ( -0.559999999999999, 0.000000000000000, 0.245000000000004 ) );
#1719 = CARTESIAN_POINT( '', ( -0.554166666666667, -0.141450815951460, 0.245000000000004 ) );
#1720 = CARTESIAN_POINT( '', ( -0.548333333333334, -0.212176223927190, 0.122500000000002 ) );
#1721 = CARTESIAN_POINT( '', ( -0.542500000000000, -0.282901631902921, 1.73227288991738E-017 ) );
#1722 = CARTESIAN_POINT( '', ( -0.536666666666667, -0.212176223927191, -0.122500000000002 ) );
#1723 = CARTESIAN_POINT( '', ( -0.530833333333332, -0.141450815951461, -0.245000000000004 ) );
#1724 = CARTESIAN_POINT( '', ( -0.525000000000000, -3.00038465791106E-017, -0.245000000000004 ) );
#1725 = CARTESIAN_POINT( '', ( -0.519166666666667, 0.141450815951460, -0.245000000000004 ) );
#1726 = CARTESIAN_POINT( '', ( -0.513333333333333, 0.212176223927190, -0.122500000000002 ) );
#1727 = CARTESIAN_POINT( '', ( -0.507500000000000, 0.282901631902921, -5.19681866975212E-017 ) );
#1728 = CARTESIAN_POINT( '', ( -0.501666666666667, 0.212176223927191, 0.122500000000002 ) );
#1729 = CARTESIAN_POINT( '', ( -0.495833333333333, 0.141450815951461, 0.245000000000004 ) );
#1730 = CARTESIAN_POINT( '', ( -0.490000000000000, 0.000000000000000, 0.245000000000004 ) );
#1731 = CARTESIAN_POINT( '', ( -0.484166666666667, -0.141450815951460, 0.245000000000004 ) );
#1732 = CARTESIAN_POINT( '', ( -0.478333333333333, -0.212176223927190, 0.122500000000002 ) );
#1733 = CARTESIAN_POINT( '', ( -0.472500000000000, -0.282901631902921, 1.73227288991738E-017 ) );
#1734 = CARTESIAN_POINT( '', ( -0.466666666666666, -0.212176223927191, -0.122500000000002 ) );
#1735 = CARTESIAN_POINT( '', ( -0.460833333333333, -0.141450815951461, -0.245000000000004 ) );
#1736 = CARTESIAN_POINT( '', ( -0.454999999999999, -3.00038465791106E-017, -0.245000000000004 ) );
#1737 = CARTESIAN_POINT( '', ( -0.449166666666666, 0.141450815951460, -0.245000000000004 ) );
#1738 = CARTESIAN_POINT( '', ( -0.443333333333333, 0.212176223927190, -0.122500000000002 ) );
#1739 = CARTESIAN_POINT( '', ( -0.437500000000000, 0.282901631902921, -5.19681866975212E-017 ) );
#1740 = CARTESIAN_POINT( '', ( -0.431666666666667, 0.212176223927191, 0.122500000000002 ) );
#1741 = CARTESIAN_POINT( '', ( -0.425833333333334, 0.141450815951461, 0.245000000000004 ) );
#1742 = CARTESIAN_POINT( '', ( -0.420000000000000, 0.000000000000000, 0.245000000000004 ) );
#1743 = CARTESIAN_POINT( '', ( -0.414166666666667, -0.141450815951460, 0.245000000000004 ) );
#1744 = CARTESIAN_POINT( '', ( -0.408333333333333, -0.212176223927190, 0.122500000000002 ) );
#1745 = CARTESIAN_POINT( '', ( -0.402500000000000, -0.282901631902921, 1.73227288991738E-017 ) );
#1746 = CARTESIAN_POINT( '', ( -0.396666666666666, -0.212176223927191, -0.122500000000002 ) );
#1747 = CARTESIAN_POINT( '', ( -0.390833333333333, -0.141450815951461, -0.245000000000004 ) );
#1748 = CARTESIAN_POINT( '', ( -0.385000000000000, -3.00038465791106E-017, -0.245000000000004 ) );
#1749 = CARTESIAN_POINT( '', ( -0.379166666666667, 0.141450815951460, -0.245000000000004 ) );
#1750 = CARTESIAN_POINT( '', ( -0.373333333333333, 0.212176223927190, -0.122500000000002 ) );
#1751 = CARTESIAN_POINT( '', ( -0.367500000000000, 0.282901631902921, -5.19681866975212E-017 ) );
#1752 = CARTESIAN_POINT( '', ( -0.361666666666667, 0.212176223927191, 0.122500000000002 ) );
#1753 = CARTESIAN_POINT( '', ( -0.355833333333334, 0.141450815951461, 0.245000000000004 ) );
#1754 = CARTESIAN_POINT( '', ( -0.350000000000000, 0.000000000000000, 0.245000000000004 ) );
#1755 = CARTESIAN_POINT( '', ( -0.344166666666667, -0.141450815951460, 0.245000000000004 ) );
#1756 = CARTESIAN_POINT( '', ( -0.338333333333333, -0.212176223927190, 0.122500000000002 ) );
#1757 = CARTESIAN_POINT( '', ( -0.332500000000000, -0.282901631902921, 1.73227288991738E-017 ) );
#1758 = CARTESIAN_POINT( '', ( -0.326666666666667, -0.212176223927191, -0.122500000000002 ) );
#1759 = CARTESIAN_POINT( '', ( -0.320833333333333, -0.141450815951461, -0.245000000000004 ) );
#1760 = CARTESIAN_POINT( '', ( -0.315000000000000, -3.00038465791106E-017, -0.245000000000004 ) );
#1761 = CARTESIAN_POINT( '', ( -0.309166666666667, 0.141450815951460, -0.245000000000004 ) );
#1762 = CARTESIAN_POINT( '', ( -0.303333333333333, 0.212176223927190, -0.122500000000002 ) );
#1763 = CARTESIAN_POINT( '', ( -0.297500000000000, 0.282901631902921, -5.19681866975212E-017 ) );
#1764 = CARTESIAN_POINT( '', ( -0.291666666666667, 0.212176223927191, 0.122500000000002 ) );
#1765 = CARTESIAN_POINT( '', ( -0.285833333333333, 0.141450815951461, 0.245000000000004 ) );
#1766 = CARTESIAN_POINT( '', ( -0.280000000000000, 0.000000000000000, 0.245000000000004 ) );
#1767 = CARTESIAN_POINT( '', ( -0.274166666666667, -0.141450815951460, 0.245000000000004 ) );
#1768 = CARTESIAN_POINT( '', ( -0.268333333333333, -0.212176223927190, 0.122500000000002 ) );
#1769 = CARTESIAN_POINT( '', ( -0.262500000000000, -0.282901631902921, 1.73227288991738E-017 ) );
#1770 = CARTESIAN_POINT( '', ( -0.256666666666667, -0.212176223927191, -0.122500000000002 ) );
#1771 = CARTESIAN_POINT( '', ( -0.250833333333333, -0.141450815951461, -0.245000000000004 ) );
#1772 = CARTESIAN_POINT( '', ( -0.245000000000000, -3.00038465791106E-017, -0.245000000000004 ) );
#1773 = CARTESIAN_POINT( '', ( -0.239166666666667, 0.141450815951460, -0.245000000000004 ) );
#1774 = CARTESIAN_POINT( '', ( -0.233333333333333, 0.212176223927190, -0.122500000000002 ) );
#1775 = CARTESIAN_POINT( '', ( -0.227500000000000, 0.282901631902921, -5.19681866975212E-017 ) );
#1776 = CARTESIAN_POINT( '', ( -0.221666666666667, 0.212176223927191, 0.122500000000002 ) );
#1777 = CARTESIAN_POINT( '', ( -0.215833333333333, 0.141450815951461, 0.245000000000004 ) );
#1778 = CARTESIAN_POINT( '', ( -0.210000000000000, 0.000000000000000, 0.245000000000004 ) );
#1779 = CARTESIAN_POINT( '', ( -0.204166666666667, -0.141450815951460, 0.245000000000004 ) );
#1780 = CARTESIAN_POINT( '', ( -0.198333333333333, -0.212176223927190, 0.122500000000002 ) );
#1781 = CARTESIAN_POINT( '', ( -0.192500000000000, -0.282901631902921, 1.73227288991738E-017 ) );
#1782 = CARTESIAN_POINT( '', ( -0.186666666666667, -0.212176223927191, -0.122500000000002 ) );
#1783 = CARTESIAN_POINT( '', ( -0.180833333333333, -0.141450815951461, -0.245000000000004 ) );
#1784 = CARTESIAN_POINT( '', ( -0.175000000000000, -3.00038465791106E-017, -0.245000000000004 ) );
#1785 = CARTESIAN_POINT( '', ( -0.169166666666667, 0.141450815951460, -0.245000000000004 ) );
#1786 = CARTESIAN_POINT( '', ( -0.163333333333333, 0.212176223927190, -0.122500000000002 ) );
#1787 = CARTESIAN_POINT( '', ( -0.157500000000000, 0.282901631902921, -5.19681866975212E-017 ) );
#1788 = CARTESIAN_POINT( '', ( -0.151666666666667, 0.212176223927191, 0.122500000000002 ) );
#1789 = CARTESIAN_POINT( '', ( -0.145833333333333, 0.141450815951461, 0.245000000000004 ) );
#1790 = CARTESIAN_POINT( '', ( -0.140000000000000, 0.000000000000000, 0.245000000000004 ) );
#1791 = CARTESIAN_POINT( '', ( -0.134166666666667, -0.141450815951460, 0.245000000000004 ) );
#1792 = CARTESIAN_POINT( '', ( -0.128333333333333, -0.212176223927190, 0.122500000000002 ) );
#1793 = CARTESIAN_POINT( '', ( -0.122500000000000, -0.282901631902921, 1.73227288991738E-017 ) );
#1794 = CARTESIAN_POINT( '', ( -0.116666666666667, -0.212176223927191, -0.122500000000002 ) );
#1795 = CARTESIAN_POINT( '', ( -0.110833333333333, -0.141450815951461, -0.245000000000004 ) );
#1796 = CARTESIAN_POINT( '', ( -0.105000000000000, -3.00038465791106E-017, -0.245000000000004 ) );
#1797 = CARTESIAN_POINT( '', ( -0.0991666666666667, 0.141450815951460, -0.245000000000004 ) );
#1798 = CARTESIAN_POINT( '', ( -0.0933333333333334, 0.212176223927190, -0.122500000000002 ) );
#1799 = CARTESIAN_POINT( '', ( -0.0875000000000001, 0.282901631902921, -5.19681866975212E-017 ) );
#1800 = CARTESIAN_POINT( '', ( -0.0816666666666667, 0.212176223927191, 0.122500000000002 ) );
#1801 = CARTESIAN_POINT( '', ( -0.0758333333333333, 0.141450815951461, 0.245000000000004 ) );
#1802 = CARTESIAN_POINT( '', ( -0.0700000000000000, 0.000000000000000, 0.245000000000004 ) );
#1803 = CARTESIAN_POINT( '', ( -0.0641666666666667, -0.141450815951460, 0.245000000000004 ) );
#1804 = CARTESIAN_POINT( '', ( -0.0583333333333333, -0.212176223927190, 0.122500000000002 ) );
#1805 = CARTESIAN_POINT( '', ( -0.0525000000000001, -0.282901631902921, 1.73227288991738E-017 ) );
#1806 = CARTESIAN_POINT( '', ( -0.0466666666666666, -0.212176223927191, -0.122500000000002 ) );
#1807 = CARTESIAN_POINT( '', ( -0.0408333333333333, -0.141450815951461, -0.245000000000004 ) );
#1808 = CARTESIAN_POINT( '', ( -0.0350000000000000, -3.00038465791106E-017, -0.245000000000004 ) );
#1809 = CARTESIAN_POINT( '', ( -0.0291666666666667, 0.141450815951460, -0.245000000000004 ) );
#1810 = CARTESIAN_POINT( '', ( -0.0233333333333333, 0.212176223927190, -0.122500000000002 ) );
#1811 = CARTESIAN_POINT( '', ( -0.0175000000000000, 0.282901631902921, -5.19681866975212E-017 ) );
#1812 = CARTESIAN_POINT( '', ( -0.0116666666666667, 0.212176223927191, 0.122500000000002 ) );
#1813 = CARTESIAN_POINT( '', ( -0.00583333333333339, 0.141450815951461, 0.245000000000004 ) );
#1814 = CARTESIAN_POINT( '', ( 0.000000000000000, 0.000000000000000, 0.245000000000004 ) );
#1815 = CARTESIAN_POINT( '', ( 0.00583333333333327, -0.141450815951460, 0.245000000000004 ) );
#1816 = CARTESIAN_POINT( '', ( 0.0116666666666667, -0.212176223927190, 0.122500000000002 ) );
#1817 = CARTESIAN_POINT( '', ( 0.0174999999999999, -0.282901631902921, 1.73227288991738E-017 ) );
#1818 = CARTESIAN_POINT( '', ( 0.0233333333333333, -0.212176223927191, -0.122500000000002 ) );
#1819 = CARTESIAN_POINT( '', ( 0.0291666666666666, -0.141450815951461, -0.245000000000004 ) );
#1820 = CARTESIAN_POINT( '', ( 0.0350000000000000, -3.00038465791106E-017, -0.245000000000004 ) );
#1821 = CARTESIAN_POINT( '', ( 0.0408333333333333, 0.141450815951460, -0.245000000000004 ) );
#1822 = CARTESIAN_POINT( '', ( 0.0466666666666666, 0.212176223927190, -0.122500000000002 ) );
#1823 = CARTESIAN_POINT( '', ( 0.0525000000000001, 0.282901631902921, -5.19681866975212E-017 ) );
#1824 = CARTESIAN_POINT( '', ( 0.0583333333333333, 0.212176223927191, 0.122500000000002 ) );
#1825 = CARTESIAN_POINT( '', ( 0.0641666666666667, 0.141450815951461, 0.245000000000004 ) );
#1826 = CARTESIAN_POINT( '', ( 0.0700000000000000, 0.000000000000000, 0.245000000000004 ) );
#1827 = CARTESIAN_POINT( '', ( 0.0758333333333333, -0.141450815951460, 0.245000000000004 ) );
#1828 = CARTESIAN_POINT( '', ( 0.0816666666666666, -0.212176223927190, 0.122500000000002 ) );
#1829 = CARTESIAN_POINT( '', ( 0.0875000000000001, -0.282901631902921, 1.73227288991738E-017 ) );
#1830 = CARTESIAN_POINT( '', ( 0.0933333333333333, -0.212176223927191, -0.122500000000002 ) );
#1831 = CARTESIAN_POINT( '', ( 0.0991666666666667, -0.141450815951461, -0.245000000000004 ) );
#1832 = CARTESIAN_POINT( '', ( 0.105000000000000, -3.00038465791106E-017, -0.245000000000004 ) );
#1833 = CARTESIAN_POINT( '', ( 0.110833333333333, 0.141450815951460, -0.245000000000004 ) );
#1834 = CARTESIAN_POINT( '', ( 0.116666666666667, 0.212176223927190, -0.122500000000002 ) );
#1835 = CARTESIAN_POINT( '', ( 0.122500000000000, 0.282901631902921, -5.19681866975212E-017 ) );
#1836 = CARTESIAN_POINT( '', ( 0.128333333333333, 0.212176223927191, 0.122500000000002 ) );
#1837 = CARTESIAN_POINT( '', ( 0.134166666666667, 0.141450815951461, 0.245000000000004 ) );
#1838 = CARTESIAN_POINT( '', ( 0.140000000000000, 0.000000000000000, 0.245000000000004 ) );
#1839 = CARTESIAN_POINT( '', ( 0.145833333333333, -0.141450815951460, 0.245000000000004 ) );
#1840 = CARTESIAN_POINT( '', ( 0.151666666666667, -0.212176223927190, 0.122500000000002 ) );
#1841 = CARTESIAN_POINT( '', ( 0.157500000000000, -0.282901631902921, 1.73227288991738E-017 ) );
#1842 = CARTESIAN_POINT( '', ( 0.163333333333333, -0.212176223927191, -0.122500000000002 ) );
#1843 = CARTESIAN_POINT( '', ( 0.169166666666667, -0.141450815951461, -0.245000000000004 ) );
#1844 = CARTESIAN_POINT( '', ( 0.175000000000000, -3.00038465791106E-017, -0.245000000000004 ) );
#1845 = CARTESIAN_POINT( '', ( 0.180833333333333, 0.141450815951460, -0.245000000000004 ) );
#1846 = CARTESIAN_POINT( '', ( 0.186666666666667, 0.212176223927190, -0.122500000000002 ) );
#1847 = CARTESIAN_POINT( '', ( 0.192500000000000, 0.282901631902921, -5.19681866975212E-017 ) );
#1848 = CARTESIAN_POINT( '', ( 0.198333333333333, 0.212176223927191, 0.122500000000002 ) );
#1849 = CARTESIAN_POINT( '', ( 0.204166666666667, 0.141450815951461, 0.245000000000004 ) );
#1850 = CARTESIAN_POINT( '', ( 0.210000000000000, 0.000000000000000, 0.245000000000004 ) );
#1851 = CARTESIAN_POINT( '', ( 0.215833333333333, -0.141450815951460, 0.245000000000004 ) );
#1852 = CARTESIAN_POINT( '', ( 0.221666666666667, -0.212176223927190, 0.122500000000002 ) );
#1853 = CARTESIAN_POINT( '', ( 0.227500000000000, -0.282901631902921, 1.73227288991738E-017 ) );
#1854 = CARTESIAN_POINT( '', ( 0.233333333333333, -0.212176223927191, -0.122500000000002 ) );
#1855 = CARTESIAN_POINT( '', ( 0.239166666666667, -0.141450815951461, -0.245000000000004 ) );
#1856 = CARTESIAN_POINT( '', ( 0.245000000000000, -3.00038465791106E-017, -0.245000000000004 ) );
#1857 = CARTESIAN_POINT( '', ( 0.250833333333333, 0.141450815951460, -0.245000000000004 ) );
#1858 = CARTESIAN_POINT( '', ( 0.256666666666667, 0.212176223927190, -0.122500000000002 ) );
#1859 = CARTESIAN_POINT( '', ( 0.262500000000000, 0.282901631902921, -5.19681866975212E-017 ) );
#1860 = CARTESIAN_POINT( '', ( 0.268333333333333, 0.212176223927191, 0.122500000000002 ) );
#1861 = CARTESIAN_POINT( '', ( 0.274166666666667, 0.141450815951461, 0.245000000000004 ) );
#1862 = CARTESIAN_POINT( '', ( 0.280000000000000, 0.000000000000000, 0.245000000000004 ) );
#1863 = CARTESIAN_POINT( '', ( 0.285833333333333, -0.141450815951460, 0.245000000000004 ) );
#1864 = CARTESIAN_POINT( '', ( 0.291666666666666, -0.212176223927190, 0.122500000000002 ) );
#1865 = CARTESIAN_POINT( '', ( 0.297500000000000, -0.282901631902921, 1.73227288991738E-017 ) );
#1866 = CARTESIAN_POINT( '', ( 0.303333333333333, -0.212176223927191, -0.122500000000002 ) );
#1867 = CARTESIAN_POINT( '', ( 0.309166666666666, -0.141450815951461, -0.245000000000004 ) );
#1868 = CARTESIAN_POINT( '', ( 0.315000000000000, -3.00038465791106E-017, -0.245000000000004 ) );
#1869 = CARTESIAN_POINT( '', ( 0.320833333333333, 0.141450815951460, -0.245000000000004 ) );
#1870 = CARTESIAN_POINT( '', ( 0.326666666666667, 0.212176223927190, -0.122500000000002 ) );
#1871 = CARTESIAN_POINT( '', ( 0.332500000000000, 0.282901631902921, -5.19681866975212E-017 ) );
#1872 = CARTESIAN_POINT( '', ( 0.338333333333333, 0.212176223927191, 0.122500000000002 ) );
#1873 = CARTESIAN_POINT( '', ( 0.344166666666667, 0.141450815951461, 0.245000000000004 ) );
#1874 = CARTESIAN_POINT( '', ( 0.350000000000000, 0.000000000000000, 0.245000000000004 ) );
#1875 = CARTESIAN_POINT( '', ( 0.355833333333334, -0.141450815951460, 0.245000000000004 ) );
#1876 = CARTESIAN_POINT( '', ( 0.361666666666667, -0.212176223927190, 0.122500000000002 ) );
#1877 = CARTESIAN_POINT( '', ( 0.367500000000000, -0.282901631902921, 1.73227288991738E-017 ) );
#1878 = CARTESIAN_POINT( '', ( 0.373333333333333, -0.212176223927191, -0.122500000000002 ) );
#1879 = CARTESIAN_POINT( '', ( 0.379166666666667, -0.141450815951461, -0.245000000000004 ) );
#1880 = CARTESIAN_POINT( '', ( 0.384999999999999, -3.00038465791106E-017, -0.245000000000004 ) );
#1881 = CARTESIAN_POINT( '', ( 0.390833333333333, 0.141450815951460, -0.245000000000004 ) );
#1882 = CARTESIAN_POINT( '', ( 0.396666666666666, 0.212176223927190, -0.122500000000002 ) );
#1883 = CARTESIAN_POINT( '', ( 0.402500000000000, 0.282901631902921, -5.19681866975212E-017 ) );
#1884 = CARTESIAN_POINT( '', ( 0.408333333333333, 0.212176223927191, 0.122500000000002 ) );
#1885 = CARTESIAN_POINT( '', ( 0.414166666666667, 0.141450815951461, 0.245000000000004 ) );
#1886 = CARTESIAN_POINT( '', ( 0.420000000000000, 0.000000000000000, 0.245000000000004 ) );
#1887 = CARTESIAN_POINT( '', ( 0.425833333333334, -0.141450815951460, 0.245000000000004 ) );
#1888 = CARTESIAN_POINT( '', ( 0.431666666666667, -0.212176223927190, 0.122500000000002 ) );
#1889 = CARTESIAN_POINT( '', ( 0.437500000000000, -0.282901631902921, 1.73227288991738E-017 ) );
#1890 = CARTESIAN_POINT( '', ( 0.443333333333333, -0.212176223927191, -0.122500000000002 ) );
#1891 = CARTESIAN_POINT( '', ( 0.449166666666666, -0.141450815951461, -0.245000000000004 ) );
#1892 = CARTESIAN_POINT( '', ( 0.454999999999999, -3.00038465791106E-017, -0.245000000000004 ) );
#1893 = CARTESIAN_POINT( '', ( 0.460833333333333, 0.141450815951460, -0.245000000000004 ) );
#1894 = CARTESIAN_POINT( '', ( 0.466666666666666, 0.212176223927190, -0.122500000000002 ) );
#1895 = CARTESIAN_POINT( '', ( 0.472500000000000, 0.282901631902921, -5.19681866975212E-017 ) );
#1896 = CARTESIAN_POINT( '', ( 0.478333333333333, 0.212176223927191, 0.122500000000002 ) );
#1897 = CARTESIAN_POINT( '', ( 0.484166666666667, 0.141450815951461, 0.245000000000004 ) );
#1898 = CARTESIAN_POINT( '', ( 0.490000000000000, 0.000000000000000, 0.245000000000004 ) );
#1899 = CARTESIAN_POINT( '', ( 0.495833333333333, -0.141450815951460, 0.245000000000004 ) );
#1900 = CARTESIAN_POINT( '', ( 0.501666666666667, -0.212176223927190, 0.122500000000002 ) );
#1901 = CARTESIAN_POINT( '', ( 0.507500000000000, -0.282901631902921, 1.73227288991738E-017 ) );
#1902 = CARTESIAN_POINT( '', ( 0.513333333333333, -0.212176223927191, -0.122500000000002 ) );
#1903 = CARTESIAN_POINT( '', ( 0.519166666666667, -0.141450815951461, -0.245000000000004 ) );
#1904 = CARTESIAN_POINT( '', ( 0.525000000000000, -3.00038465791106E-017, -0.245000000000004 ) );
#1905 = CARTESIAN_POINT( '', ( 0.530833333333332, 0.141450815951460, -0.245000000000004 ) );
#1906 = CARTESIAN_POINT( '', ( 0.536666666666667, 0.212176223927190, -0.122500000000002 ) );
#1907 = CARTESIAN_POINT( '', ( 0.542500000000000, 0.282901631902921, -5.19681866975212E-017 ) );
#1908 = CARTESIAN_POINT( '', ( 0.548333333333334, 0.212176223927191, 0.122500000000002 ) );
#1909 = CARTESIAN_POINT( '', ( 0.554166666666667, 0.141450815951461, 0.245000000000004 ) );
#1910 = CARTESIAN_POINT( '', ( 0.559999999999999, 0.000000000000000, 0.245000000000004 ) );
#1911 = CARTESIAN_POINT( '', ( 0.565833333333333, -0.141450815951460, 0.245000000000004 ) );
#1912 = CARTESIAN_POINT( '', ( 0.571666666666666, -0.212176223927190, 0.122500000000002 ) );
#1913 = CARTESIAN_POINT( '', ( 0.577500000000000, -0.282901631902921, 1.73227288991738E-017 ) );
#1914 = CARTESIAN_POINT( '', ( 0.583333333333333, -0.212176223927191, -0.122500000000002 ) );
#1915 = CARTESIAN_POINT( '', ( 0.589166666666667, -0.141450815951461, -0.245000000000004 ) );
#1916 = CARTESIAN_POINT( '', ( 0.595000000000000, -3.00038465791106E-017, -0.245000000000004 ) );
#1917 = CARTESIAN_POINT( '', ( 0.600833333333333, 0.141450815951460, -0.245000000000004 ) );
#1918 = CARTESIAN_POINT( '', ( 0.606666666666667, 0.212176223927190, -0.122500000000002 ) );
#1919 = CARTESIAN_POINT( '', ( 0.612500000000000, 0.282901631902921, -5.19681866975212E-017 ) );
#1920 = CARTESIAN_POINT( '', ( 0.618333333333333, 0.212176223927191, 0.122500000000002 ) );
#1921 = CARTESIAN_POINT( '', ( 0.624166666666667, 0.141450815951461, 0.245000000000004 ) );
#1922 = CARTESIAN_POINT( '', ( 0.630000000000000, 0.000000000000000, 0.245000000000004 ) );
#1923 = CARTESIAN_POINT( '', ( 0.635833333333333, -0.141450815951460, 0.245000000000004 ) );
#1924 = CARTESIAN_POINT( '', ( 0.641666666666667, -0.212176223927190, 0.122500000000002 ) );
#1925 = CARTESIAN_POINT( '', ( 0.647500000000000, -0.282901631902921, 1.73227288991738E-017 ) );
#1926 = CARTESIAN_POINT( '', ( 0.653333333333334, -0.212176223927191, -0.122500000000002 ) );
#1927 = CARTESIAN_POINT( '', ( 0.659166666666666, -0.141450815951461, -0.245000000000004 ) );
#1928 = CARTESIAN_POINT( '', ( 0.664999999999999, -3.00038465791106E-017, -0.245000000000004 ) );
#1929 = CARTESIAN_POINT( '', ( 0.670833333333333, 0.141450815951460, -0.245000000000004 ) );
#1930 = CARTESIAN_POINT( '', ( 0.676666666666666, 0.212176223927190, -0.122500000000002 ) );
#1931 = CARTESIAN_POINT( '', ( 0.682500000000000, 0.282901631902921, -5.19681866975212E-017 ) );
#1932 = CARTESIAN_POINT( '', ( 0.688333333333333, 0.212176223927191, 0.122500000000002 ) );
#1933 = CARTESIAN_POINT( '', ( 0.694166666666666, 0.141450815951461, 0.245000000000004 ) );
#1934 = CARTESIAN_POINT( '', ( 0.700000000000000, 0.000000000000000, 0.245000000000004 ) );
#1935 = CARTESIAN_POINT( '', ( 0.705833333333333, -0.141450815951460, 0.245000000000004 ) );
#1936 = CARTESIAN_POINT( '', ( 0.711666666666667, -0.212176223927190, 0.122500000000002 ) );
#1937 = CARTESIAN_POINT( '', ( 0.717500000000001, -0.282901631902921, 1.73227288991738E-017 ) );
#1938 = CARTESIAN_POINT( '', ( 0.723333333333333, -0.212176223927191, -0.122500000000002 ) );
#1939 = CARTESIAN_POINT( '', ( 0.729166666666666, -0.141450815951461, -0.245000000000004 ) );
#1940 = CARTESIAN_POINT( '', ( 0.735000000000000, -3.00038465791106E-017, -0.245000000000004 ) );
#1941 = CARTESIAN_POINT( '', ( 0.740833333333333, 0.141450815951460, -0.245000000000004 ) );
#1942 = CARTESIAN_POINT( '', ( 0.746666666666666, 0.212176223927190, -0.122500000000002 ) );
#1943 = CARTESIAN_POINT( '', ( 0.752500000000001, 0.282901631902921, -5.19681866975212E-017 ) );
#1944 = CARTESIAN_POINT( '', ( 0.758333333333334, 0.212176223927191, 0.122500000000002 ) );
#1945 = CARTESIAN_POINT( '', ( 0.764166666666666, 0.141450815951461, 0.245000000000004 ) );
#1946 = CARTESIAN_POINT( '', ( 0.769999999999999, 0.000000000000000, 0.245000000000004 ) );
#1947 = CARTESIAN_POINT( '', ( 0.775833333333334, -0.141450815951460, 0.245000000000004 ) );
#1948 = CARTESIAN_POINT( '', ( 0.781666666666666, -0.212176223927190, 0.122500000000002 ) );
#1949 = CARTESIAN_POINT( '', ( 0.787499999999999, -0.282901631902921, 1.73227288991738E-017 ) );
#1950 = CARTESIAN_POINT( '', ( 0.793333333333333, -0.212176223927191, -0.122500000000002 ) );
#1951 = CARTESIAN_POINT( '', ( 0.799166666666666, -0.141450815951461, -0.245000000000004 ) );
#1952 = CARTESIAN_POINT( '', ( 0.805000000000000, -3.00038465791106E-017, -0.245000000000004 ) );
#1953 = CARTESIAN_POINT( '', ( 0.810833333333334, 0.141450815951460, -0.245000000000004 ) );
#1954 = CARTESIAN_POINT( '', ( 0.816666666666667, 0.212176223927190, -0.122500000000002 ) );
#1955 = CARTESIAN_POINT( '', ( 0.822499999999999, 0.282901631902921, -5.19681866975212E-017 ) );
#1956 = CARTESIAN_POINT( '', ( 0.828333333333332, 0.212176223927191, 0.122500000000002 ) );
#1957 = CARTESIAN_POINT( '', ( 0.834166666666667, 0.141450815951461, 0.245000000000004 ) );
#1958 = CARTESIAN_POINT( '', ( 0.839999999999999, 0.000000000000000, 0.245000000000004 ) );
#1959 = CARTESIAN_POINT( '', ( -0.750000000000000, 0.000000000000000, 0.245000000000004 ) );
#1960 = CARTESIAN_POINT( '', ( -0.744166666666667, -0.141450815951460, 0.245000000000004 ) );
#1961 = CARTESIAN_POINT( '', ( -0.738333333333333, -0.212176223927190, 0.122500000000002 ) );
#1962 = CARTESIAN_POINT( '', ( -0.732500000000000, -0.282901631902921, 1.73227288991738E-017 ) );
#1963 = CARTESIAN_POINT( '', ( -0.726666666666667, -0.212176223927191, -0.122500000000002 ) );
#1964 = CARTESIAN_POINT( '', ( -0.720833333333333, -0.141450815951461, -0.245000000000004 ) );
#1965 = CARTESIAN_POINT( '', ( -0.715000000000000, -3.00038465791106E-017, -0.245000000000004 ) );
#1966 = CARTESIAN_POINT( '', ( -0.709166666666667, 0.141450815951460, -0.245000000000004 ) );
#1967 = CARTESIAN_POINT( '', ( -0.703333333333333, 0.212176223927190, -0.122500000000002 ) );
#1968 = CARTESIAN_POINT( '', ( -0.697500000000000, 0.282901631902921, -5.19681866975212E-017 ) );
#1969 = CARTESIAN_POINT( '', ( -0.691666666666666, 0.212176223927191, 0.122500000000002 ) );
#1970 = CARTESIAN_POINT( '', ( -0.685833333333334, 0.141450815951461, 0.245000000000004 ) );
#1971 = CARTESIAN_POINT( '', ( -0.680000000000001, 0.000000000000000, 0.245000000000004 ) );
#1972 = CARTESIAN_POINT( '', ( -0.674166666666667, -0.141450815951460, 0.245000000000004 ) );
#1973 = CARTESIAN_POINT( '', ( -0.668333333333334, -0.212176223927190, 0.122500000000002 ) );
#1974 = CARTESIAN_POINT( '', ( -0.662500000000000, -0.282901631902921, 1.73227288991738E-017 ) );
#1975 = CARTESIAN_POINT( '', ( -0.656666666666667, -0.212176223927191, -0.122500000000002 ) );
#1976 = CARTESIAN_POINT( '', ( -0.650833333333334, -0.141450815951461, -0.245000000000004 ) );
#1977 = CARTESIAN_POINT( '', ( -0.645000000000000, -3.00038465791106E-017, -0.245000000000004 ) );
#1978 = CARTESIAN_POINT( '', ( -0.639166666666667, 0.141450815951460, -0.245000000000004 ) );
#1979 = CARTESIAN_POINT( '', ( -0.633333333333333, 0.212176223927190, -0.122500000000002 ) );
#1980 = CARTESIAN_POINT( '', ( -0.627500000000000, 0.282901631902921, -5.19681866975212E-017 ) );
#1981 = CARTESIAN_POINT( '', ( -0.621666666666667, 0.212176223927191, 0.122500000000002 ) );
#1982 = CARTESIAN_POINT( '', ( -0.615833333333334, 0.141450815951461, 0.245000000000004 ) );
#1983 = CARTESIAN_POINT( '', ( -0.610000000000000, 0.000000000000000, 0.245000000000004 ) );
#1984 = CARTESIAN_POINT( '', ( -0.604166666666667, -0.141450815951460, 0.245000000000004 ) );
#1985 = CARTESIAN_POINT( '', ( -0.598333333333333, -0.212176223927190, 0.122500000000002 ) );
#1986 = CARTESIAN_POINT( '', ( -0.592499999999999, -0.282901631902921, 1.73227288991738E-017 ) );
#1987 = CARTESIAN_POINT( '', ( -0.586666666666666, -0.212176223927191, -0.122500000000002 ) );
#1988 = CARTESIAN_POINT( '', ( -0.580833333333334, -0.141450815951461, -0.245000000000004 ) );
#1989 = CARTESIAN_POINT( '', ( -0.574999999999999, -3.00038465791106E-017, -0.245000000000004 ) );
#1990 = CARTESIAN_POINT( '', ( -0.569166666666666, 0.141450815951460, -0.245000000000004 ) );
#1991 = CARTESIAN_POINT( '', ( -0.563333333333334, 0.212176223927190, -0.122500000000002 ) );
#1992 = CARTESIAN_POINT( '', ( -0.557499999999999, 0.282901631902921, -5.19681866975212E-017 ) );
#1993 = CARTESIAN_POINT( '', ( -0.551666666666667, 0.212176223927191, 0.122500000000002 ) );
#1994 = CARTESIAN_POINT( '', ( -0.545833333333334, 0.141450815951461, 0.245000000000004 ) );
#1995 = CARTESIAN_POINT( '', ( -0.540000000000000, 0.000000000000000, 0.245000000000004 ) );
#1996 = CARTESIAN_POINT( '', ( -0.534166666666666, -0.141450815951460, 0.245000000000004 ) );
#1997 = CARTESIAN_POINT( '', ( -0.528333333333333, -0.212176223927190, 0.122500000000002 ) );
#1998 = CARTESIAN_POINT( '', ( -0.522500000000001, -0.282901631902921, 1.73227288991738E-017 ) );
#1999 = CARTESIAN_POINT( '', ( -0.516666666666667, -0.212176223927191, -0.122500000000002 ) );
#2000 = CARTESIAN_POINT( '', ( -0.510833333333333, -0.141450815951461, -0.245000000000004 ) );
#2001 = CARTESIAN_POINT( '', ( -0.505000000000000, -3.00038465791106E-017, -0.245000000000004 ) );
#2002 = CARTESIAN_POINT( '', ( -0.499166666666667, 0.141450815951460, -0.245000000000004 ) );
#2003 = CARTESIAN_POINT( '', ( -0.493333333333333, 0.212176223927190, -0.122500000000002 ) );
#2004 = CARTESIAN_POINT( '', ( -0.487500000000000, 0.282901631902921, -5.19681866975212E-017 ) );
#2005 = CARTESIAN_POINT( '', ( -0.481666666666666, 0.212176223927191, 0.122500000000002 ) );
#2006 = CARTESIAN_POINT( '', ( -0.475833333333333, 0.141450815951461, 0.245000000000004 ) );
#2007 = CARTESIAN_POINT( '', ( -0.469999999999999, 0.000000000000000, 0.245000000000004 ) );
#2008 = CARTESIAN_POINT( '', ( -0.464166666666666, -0.141450815951460, 0.245000000000004 ) );
#2009 = CARTESIAN_POINT( '', ( -0.458333333333334, -0.212176223927190, 0.122500000000002 ) );
#2010 = CARTESIAN_POINT( '', ( -0.452500000000000, -0.282901631902921, 1.73227288991738E-017 ) );
#2011 = CARTESIAN_POINT( '', ( -0.446666666666667, -0.212176223927191, -0.122500000000002 ) );
#2012 = CARTESIAN_POINT( '', ( -0.440833333333333, -0.141450815951461, -0.245000000000004 ) );
#2013 = CARTESIAN_POINT( '', ( -0.435000000000000, -3.00038465791106E-017, -0.245000000000004 ) );
#2014 = CARTESIAN_POINT( '', ( -0.429166666666666, 0.141450815951460, -0.245000000000004 ) );
#2015 = CARTESIAN_POINT( '', ( -0.423333333333333, 0.212176223927190, -0.122500000000002 ) );
#2016 = CARTESIAN_POINT( '', ( -0.417500000000000, 0.282901631902921, -5.19681866975212E-017 ) );
#2017 = CARTESIAN_POINT( '', ( -0.411666666666666, 0.212176223927191, 0.122500000000002 ) );
#2018 = CARTESIAN_POINT( '', ( -0.405833333333333, 0.141450815951461, 0.245000000000004 ) );
#2019 = CARTESIAN_POINT( '', ( -0.400000000000000, 0.000000000000000, 0.245000000000004 ) );
#2020 = CARTESIAN_POINT( '', ( -0.394166666666667, -0.141450815951460, 0.245000000000004 ) );
#2021 = CARTESIAN_POINT( '', ( -0.388333333333333, -0.212176223927190, 0.122500000000002 ) );
#2022 = CARTESIAN_POINT( '', ( -0.382500000000000, -0.282901631902921, 1.73227288991738E-017 ) );
#2023 = CARTESIAN_POINT( '', ( -0.376666666666667, -0.212176223927191, -0.122500000000002 ) );
#2024 = CARTESIAN_POINT( '', ( -0.370833333333334, -0.141450815951461, -0.245000000000004 ) );
#2025 = CARTESIAN_POINT( '', ( -0.365000000000000, -3.00038465791106E-017, -0.245000000000004 ) );
#2026 = CARTESIAN_POINT( '', ( -0.359166666666666, 0.141450815951460, -0.245000000000004 ) );
#2027 = CARTESIAN_POINT( '', ( -0.353333333333333, 0.212176223927190, -0.122500000000002 ) );
#2028 = CARTESIAN_POINT( '', ( -0.347500000000000, 0.282901631902921, -5.19681866975212E-017 ) );
#2029 = CARTESIAN_POINT( '', ( -0.341666666666667, 0.212176223927191, 0.122500000000002 ) );
#2030 = CARTESIAN_POINT( '', ( -0.335833333333333, 0.141450815951461, 0.245000000000004 ) );
#2031 = CARTESIAN_POINT( '', ( -0.330000000000000, 0.000000000000000, 0.245000000000004 ) );
#2032 = CARTESIAN_POINT( '', ( -0.324166666666667, -0.141450815951460, 0.245000000000004 ) );
#2033 = CARTESIAN_POINT( '', ( -0.318333333333333, -0.212176223927190, 0.122500000000002 ) );
#2034 = CARTESIAN_POINT( '', ( -0.312500000000000, -0.282901631902921, 1.73227288991738E-017 ) );
#2035 = CARTESIAN_POINT( '', ( -0.306666666666666, -0.212176223927191, -0.122500000000002 ) );
#2036 = CARTESIAN_POINT( '', ( -0.300833333333334, -0.141450815951461, -0.245000000000004 ) );
#2037 = CARTESIAN_POINT( '', ( -0.295000000000000, -3.00038465791106E-017, -0.245000000000004 ) );
#2038 = CARTESIAN_POINT( '', ( -0.289166666666667, 0.141450815951460, -0.245000000000004 ) );
#2039 = CARTESIAN_POINT( '', ( -0.283333333333333, 0.212176223927190, -0.122500000000002 ) );
#2040 = CARTESIAN_POINT( '', ( -0.277500000000000, 0.282901631902921, -5.19681866975212E-017 ) );
#2041 = CARTESIAN_POINT( '', ( -0.271666666666667, 0.212176223927191, 0.122500000000002 ) );
#2042 = CARTESIAN_POINT( '', ( -0.265833333333333, 0.141450815951461, 0.245000000000004 ) );
#2043 = CARTESIAN_POINT( '', ( -0.260000000000000, 0.000000000000000, 0.245000000000004 ) );
#2044 = CARTESIAN_POINT( '', ( -0.254166666666667, -0.141450815951460, 0.245000000000004 ) );
#2045 = CARTESIAN_POINT( '', ( -0.248333333333333, -0.212176223927190, 0.122500000000002 ) );
#2046 = CARTESIAN_POINT( '', ( -0.242500000000000, -0.282901631902921, 1.73227288991738E-017 ) );
#2047 = CARTESIAN_POINT( '', ( -0.236666666666667, -0.212176223927191, -0.122500000000002 ) );
#2048 = CARTESIAN_POINT( '', ( -0.230833333333334, -0.141450815951461, -0.245000000000004 ) );
#2049 = CARTESIAN_POINT( '', ( -0.225000000000000, -3.00038465791106E-017, -0.245000000000004 ) );
#2050 = CARTESIAN_POINT( '', ( -0.219166666666667, 0.141450815951460, -0.245000000000004 ) );
#2051 = CARTESIAN_POINT( '', ( -0.213333333333333, 0.212176223927190, -0.122500000000002 ) );
#2052 = CARTESIAN_POINT( '', ( -0.207500000000000, 0.282901631902921, -5.19681866975212E-017 ) );
#2053 = CARTESIAN_POINT( '', ( -0.201666666666667, 0.212176223927191, 0.122500000000002 ) );
#2054 = CARTESIAN_POINT( '', ( -0.195833333333333, 0.141450815951461, 0.245000000000004 ) );
#2055 = CARTESIAN_POINT( '', ( -0.190000000000000, 0.000000000000000, 0.245000000000004 ) );
#2056 = CARTESIAN_POINT( '', ( -0.184166666666667, -0.141450815951460, 0.245000000000004 ) );
#2057 = CARTESIAN_POINT( '', ( -0.178333333333333, -0.212176223927190, 0.122500000000002 ) );
#2058 = CARTESIAN_POINT( '', ( -0.172500000000000, -0.282901631902921, 1.73227288991738E-017 ) );
#2059 = CARTESIAN_POINT( '', ( -0.166666666666667, -0.212176223927191, -0.122500000000002 ) );
#2060 = CARTESIAN_POINT( '', ( -0.160833333333333, -0.141450815951461, -0.245000000000004 ) );
#2061 = CARTESIAN_POINT( '', ( -0.155000000000000, -3.00038465791106E-017, -0.245000000000004 ) );
#2062 = CARTESIAN_POINT( '', ( -0.149166666666667, 0.141450815951460, -0.245000000000004 ) );
#2063 = CARTESIAN_POINT( '', ( -0.143333333333333, 0.212176223927190, -0.122500000000002 ) );
#2064 = CARTESIAN_POINT( '', ( -0.137500000000000, 0.282901631902921, -5.19681866975212E-017 ) );
#2065 = CARTESIAN_POINT( '', ( -0.131666666666667, 0.212176223927191, 0.122500000000002 ) );
#2066 = CARTESIAN_POINT( '', ( -0.125833333333333, 0.141450815951461, 0.245000000000004 ) );
#2067 = CARTESIAN_POINT( '', ( -0.120000000000000, 0.000000000000000, 0.245000000000004 ) );
#2068 = CARTESIAN_POINT( '', ( -0.114166666666667, -0.141450815951460, 0.245000000000004 ) );
#2069 = CARTESIAN_POINT( '', ( -0.108333333333333, -0.212176223927190, 0.122500000000002 ) );
#2070 = CARTESIAN_POINT( '', ( -0.102500000000000, -0.282901631902921, 1.73227288991738E-017 ) );
#2071 = CARTESIAN_POINT( '', ( -0.0966666666666667, -0.212176223927191, -0.122500000000002 ) );
#2072 = CARTESIAN_POINT( '', ( -0.0908333333333335, -0.141450815951461, -0.245000000000004 ) );
#2073 = CARTESIAN_POINT( '', ( -0.0850000000000000, -3.00038465791106E-017, -0.245000000000004 ) );
#2074 = CARTESIAN_POINT( '', ( -0.0791666666666667, 0.141450815951460, -0.245000000000004 ) );
#2075 = CARTESIAN_POINT( '', ( -0.0733333333333333, 0.212176223927190, -0.122500000000002 ) );
#2076 = CARTESIAN_POINT( '', ( -0.0675000000000001, 0.282901631902921, -5.19681866975212E-017 ) );
#2077 = CARTESIAN_POINT( '', ( -0.0616666666666666, 0.212176223927191, 0.122500000000002 ) );
#2078 = CARTESIAN_POINT( '', ( -0.0558333333333335, 0.141450815951461, 0.245000000000004 ) );
#2079 = CARTESIAN_POINT( '', ( -0.0500000000000001, 0.000000000000000, 0.245000000000004 ) );
#2080 = CARTESIAN_POINT( '', ( -0.0441666666666667, -0.141450815951460, 0.245000000000004 ) );
#2081 = CARTESIAN_POINT( '', ( -0.0383333333333334, -0.212176223927190, 0.122500000000002 ) );
#2082 = CARTESIAN_POINT( '', ( -0.0325000000000001, -0.282901631902921, 1.73227288991738E-017 ) );
#2083 = CARTESIAN_POINT( '', ( -0.0266666666666667, -0.212176223927191, -0.122500000000002 ) );
#2084 = CARTESIAN_POINT( '', ( -0.0208333333333334, -0.141450815951461, -0.245000000000004 ) );
#2085 = CARTESIAN_POINT( '', ( -0.0150000000000000, -3.00038465791106E-017, -0.245000000000004 ) );
#2086 = CARTESIAN_POINT( '', ( -0.00916666666666677, 0.141450815951460, -0.245000000000004 ) );
#2087 = CARTESIAN_POINT( '', ( -0.00333333333333338, 0.212176223927190, -0.122500000000002 ) );
#2088 = CARTESIAN_POINT( '', ( 0.00250000000000001, 0.282901631902921, -5.19681866975212E-017 ) );
#2089 = CARTESIAN_POINT( '', ( 0.00833333333333328, 0.212176223927191, 0.122500000000002 ) );
#2090 = CARTESIAN_POINT( '', ( 0.0141666666666667, 0.141450815951461, 0.245000000000004 ) );
#2091 = CARTESIAN_POINT( '', ( 0.0199999999999999, 0.000000000000000, 0.245000000000004 ) );
#2092 = CARTESIAN_POINT( '', ( 0.0258333333333333, -0.141450815951460, 0.245000000000004 ) );
#2093 = CARTESIAN_POINT( '', ( 0.0316666666666666, -0.212176223927190, 0.122500000000002 ) );
#2094 = CARTESIAN_POINT( '', ( 0.0375000000000000, -0.282901631902921, 1.73227288991738E-017 ) );
#2095 = CARTESIAN_POINT( '', ( 0.0433333333333332, -0.212176223927191, -0.122500000000002 ) );
#2096 = CARTESIAN_POINT( '', ( 0.0491666666666667, -0.141450815951461, -0.245000000000004 ) );
#2097 = CARTESIAN_POINT( '', ( 0.0549999999999999, -3.00038465791106E-017, -0.245000000000004 ) );
#2098 = CARTESIAN_POINT( '', ( 0.0608333333333333, 0.141450815951460, -0.245000000000004 ) );
#2099 = CARTESIAN_POINT( '', ( 0.0666666666666666, 0.212176223927190, -0.122500000000002 ) );
#2100 = CARTESIAN_POINT( '', ( 0.0725000000000000, 0.282901631902921, -5.19681866975212E-017 ) );
#2101 = CARTESIAN_POINT( '', ( 0.0783333333333333, 0.212176223927191, 0.122500000000002 ) );
#2102 = CARTESIAN_POINT( '', ( 0.0841666666666666, 0.141450815951461, 0.245000000000004 ) );
#2103 = CARTESIAN_POINT( '', ( 0.0900000000000000, 0.000000000000000, 0.245000000000004 ) );
#2104 = CARTESIAN_POINT( '', ( 0.0958333333333332, -0.141450815951460, 0.245000000000004 ) );
#2105 = CARTESIAN_POINT( '', ( 0.101666666666667, -0.212176223927190, 0.122500000000002 ) );
#2106 = CARTESIAN_POINT( '', ( 0.107500000000000, -0.282901631902921, 1.73227288991738E-017 ) );
#2107 = CARTESIAN_POINT( '', ( 0.113333333333333, -0.212176223927191, -0.122500000000002 ) );
#2108 = CARTESIAN_POINT( '', ( 0.119166666666667, -0.141450815951461, -0.245000000000004 ) );
#2109 = CARTESIAN_POINT( '', ( 0.125000000000000, -3.00038465791106E-017, -0.245000000000004 ) );
#2110 = CARTESIAN_POINT( '', ( 0.130833333333333, 0.141450815951460, -0.245000000000004 ) );
#2111 = CARTESIAN_POINT( '', ( 0.136666666666667, 0.212176223927190, -0.122500000000002 ) );
#2112 = CARTESIAN_POINT( '', ( 0.142500000000000, 0.282901631902921, -5.19681866975212E-017 ) );
#2113 = CARTESIAN_POINT( '', ( 0.148333333333333, 0.212176223927191, 0.122500000000002 ) );
#2114 = CARTESIAN_POINT( '', ( 0.154166666666667, 0.141450815951461, 0.245000000000004 ) );
#2115 = CARTESIAN_POINT( '', ( 0.160000000000000, 0.000000000000000, 0.245000000000004 ) );
#2116 = CARTESIAN_POINT( '', ( 0.165833333333333, -0.141450815951460, 0.245000000000004 ) );
#2117 = CARTESIAN_POINT( '', ( 0.171666666666667, -0.212176223927190, 0.122500000000002 ) );
#2118 = CARTESIAN_POINT( '', ( 0.177500000000000, -0.282901631902921, 1.73227288991738E-017 ) );
#2119 = CARTESIAN_POINT( '', ( 0.183333333333333, -0.212176223927191, -0.122500000000002 ) );
#2120 = CARTESIAN_POINT( '', ( 0.189166666666667, -0.141450815951461, -0.245000000000004 ) );
#2121 = CARTESIAN_POINT( '', ( 0.195000000000000, -3.00038465791106E-017, -0.245000000000004 ) );
#2122 = CARTESIAN_POINT( '', ( 0.200833333333333, 0.141450815951460, -0.245000000000004 ) );
#2123 = CARTESIAN_POINT( '', ( 0.206666666666667, 0.212176223927190, -0.122500000000002 ) );
#2124 = CARTESIAN_POINT( '', ( 0.212500000000000, 0.282901631902921, -5.19681866975212E-017 ) );
#2125 = CARTESIAN_POINT( '', ( 0.218333333333333, 0.212176223927191, 0.122500000000002 ) );
#2126 = CARTESIAN_POINT( '', ( 0.224166666666667, 0.141450815951461, 0.245000000000004 ) );
#2127 = CARTESIAN_POINT( '', ( 0.230000000000000, 0.000000000000000, 0.245000000000004 ) );
#2128 = CARTESIAN_POINT( '', ( 0.235833333333333, -0.141450815951460, 0.245000000000004 ) );
#2129 = CARTESIAN_POINT( '', ( 0.241666666666666, -0.212176223927190, 0.122500000000002 ) );
#2130 = CARTESIAN_POINT( '', ( 0.247500000000000, -0.282901631902921, 1.73227288991738E-017 ) );
#2131 = CARTESIAN_POINT( '', ( 0.253333333333333, -0.212176223927191, -0.122500000000002 ) );
#2132 = CARTESIAN_POINT( '', ( 0.259166666666667, -0.141450815951461, -0.245000000000004 ) );
#2133 = CARTESIAN_POINT( '', ( 0.265000000000000, -3.00038465791106E-017, -0.245000000000004 ) );
#2134 = CARTESIAN_POINT( '', ( 0.270833333333333, 0.141450815951460, -0.245000000000004 ) );
#2135 = CARTESIAN_POINT( '', ( 0.276666666666666, 0.212176223927190, -0.122500000000002 ) );
#2136 = CARTESIAN_POINT( '', ( 0.282500000000000, 0.282901631902921, -5.19681866975212E-017 ) );
#2137 = CARTESIAN_POINT( '', ( 0.288333333333333, 0.212176223927191, 0.122500000000002 ) );
#2138 = CARTESIAN_POINT( '', ( 0.294166666666667, 0.141450815951461, 0.245000000000004 ) );
#2139 = CARTESIAN_POINT( '', ( 0.300000000000000, 0.000000000000000, 0.245000000000004 ) );
#2140 = CARTESIAN_POINT( '', ( 0.305833333333333, -0.141450815951460, 0.245000000000004 ) );
#2141 = CARTESIAN_POINT( '', ( 0.311666666666667, -0.212176223927190, 0.122500000000002 ) );
#2142 = CARTESIAN_POINT( '', ( 0.317500000000000, -0.282901631902921, 1.73227288991738E-017 ) );
#2143 = CARTESIAN_POINT( '', ( 0.323333333333333, -0.212176223927191, -0.122500000000002 ) );
#2144 = CARTESIAN_POINT( '', ( 0.329166666666667, -0.141450815951461, -0.245000000000004 ) );
#2145 = CARTESIAN_POINT( '', ( 0.335000000000000, -3.00038465791106E-017, -0.245000000000004 ) );
#2146 = CARTESIAN_POINT( '', ( 0.340833333333333, 0.141450815951460, -0.245000000000004 ) );
#2147 = CARTESIAN_POINT( '', ( 0.346666666666667, 0.212176223927190, -0.122500000000002 ) );
#2148 = CARTESIAN_POINT( '', ( 0.352500000000000, 0.282901631902921, -5.19681866975212E-017 ) );
#2149 = CARTESIAN_POINT( '', ( 0.358333333333333, 0.212176223927191, 0.122500000000002 ) );
#2150 = CARTESIAN_POINT( '', ( 0.364166666666667, 0.141450815951461, 0.245000000000004 ) );
#2151 = CARTESIAN_POINT( '', ( 0.370000000000000, 0.000000000000000, 0.245000000000004 ) );
#2152 = CARTESIAN_POINT( '', ( 0.375833333333333, -0.141450815951460, 0.245000000000004 ) );
#2153 = CARTESIAN_POINT( '', ( 0.381666666666666, -0.212176223927190, 0.122500000000002 ) );
#2154 = CARTESIAN_POINT( '', ( 0.387500000000000, -0.282901631902921, 1.73227288991738E-017 ) );
#2155 = CARTESIAN_POINT( '', ( 0.393333333333333, -0.212176223927191, -0.122500000000002 ) );
#2156 = CARTESIAN_POINT( '', ( 0.399166666666667, -0.141450815951461, -0.245000000000004 ) );
#2157 = CARTESIAN_POINT( '', ( 0.405000000000000, -3.00038465791106E-017, -0.245000000000004 ) );
#2158 = CARTESIAN_POINT( '', ( 0.410833333333333, 0.141450815951460, -0.245000000000004 ) );
#2159 = CARTESIAN_POINT( '', ( 0.416666666666667, 0.212176223927190, -0.122500000000002 ) );
#2160 = CARTESIAN_POINT( '', ( 0.422500000000000, 0.282901631902921, -5.19681866975212E-017 ) );
#2161 = CARTESIAN_POINT( '', ( 0.428333333333333, 0.212176223927191, 0.122500000000002 ) );
#2162 = CARTESIAN_POINT( '', ( 0.434166666666666, 0.141450815951461, 0.245000000000004 ) );
#2163 = CARTESIAN_POINT( '', ( 0.440000000000000, 0.000000000000000, 0.245000000000004 ) );
#2164 = CARTESIAN_POINT( '', ( 0.445833333333333, -0.141450815951460, 0.245000000000004 ) );
#2165 = CARTESIAN_POINT( '', ( 0.451666666666666, -0.212176223927190, 0.122500000000002 ) );
#2166 = CARTESIAN_POINT( '', ( 0.457500000000000, -0.282901631902921, 1.73227288991738E-017 ) );
#2167 = CARTESIAN_POINT( '', ( 0.463333333333333, -0.212176223927191, -0.122500000000002 ) );
#2168 = CARTESIAN_POINT( '', ( 0.469166666666667, -0.141450815951461, -0.245000000000004 ) );
#2169 = CARTESIAN_POINT( '', ( 0.475000000000000, -3.00038465791106E-017, -0.245000000000004 ) );
#2170 = CARTESIAN_POINT( '', ( 0.480833333333333, 0.141450815951460, -0.245000000000004 ) );
#2171 = CARTESIAN_POINT( '', ( 0.486666666666666, 0.212176223927190, -0.122500000000002 ) );
#2172 = CARTESIAN_POINT( '', ( 0.492500000000000, 0.282901631902921, -5.19681866975212E-017 ) );
#2173 = CARTESIAN_POINT( '', ( 0.498333333333333, 0.212176223927191, 0.122500000000002 ) );
#2174 = CARTESIAN_POINT( '', ( 0.504166666666667, 0.141450815951461, 0.245000000000004 ) );
#2175 = CARTESIAN_POINT( '', ( 0.510000000000000, 0.000000000000000, 0.245000000000004 ) );
#2176 = CARTESIAN_POINT( '', ( 0.515833333333333, -0.141450815951460, 0.245000000000004 ) );
#2177 = CARTESIAN_POINT( '', ( 0.521666666666667, -0.212176223927190, 0.122500000000002 ) );
#2178 = CARTESIAN_POINT( '', ( 0.527500000000001, -0.282901631902921, 1.73227288991738E-017 ) );
#2179 = CARTESIAN_POINT( '', ( 0.533333333333334, -0.212176223927191, -0.122500000000002 ) );
#2180 = CARTESIAN_POINT( '', ( 0.539166666666666, -0.141450815951461, -0.245000000000004 ) );
#2181 = CARTESIAN_POINT( '', ( 0.544999999999999, -3.00038465791106E-017, -0.245000000000004 ) );
#2182 = CARTESIAN_POINT( '', ( 0.550833333333333, 0.141450815951460, -0.245000000000004 ) );
#2183 = CARTESIAN_POINT( '', ( 0.556666666666666, 0.212176223927190, -0.122500000000002 ) );
#2184 = CARTESIAN_POINT( '', ( 0.562500000000001, 0.282901631902921, -5.19681866975212E-017 ) );
#2185 = CARTESIAN_POINT( '', ( 0.568333333333333, 0.212176223927191, 0.122500000000002 ) );
#2186 = CARTESIAN_POINT( '', ( 0.574166666666666, 0.141450815951461, 0.245000000000004 ) );
#2187 = CARTESIAN_POINT( '', ( 0.580000000000000, 0.000000000000000, 0.245000000000004 ) );
#2188 = CARTESIAN_POINT( '', ( 0.585833333333334, -0.141450815951460, 0.245000000000004 ) );
#2189 = CARTESIAN_POINT( '', ( 0.591666666666667, -0.212176223927190, 0.122500000000002 ) );
#2190 = CARTESIAN_POINT( '', ( 0.597499999999999, -0.282901631902921, 1.73227288991738E-017 ) );
#2191 = CARTESIAN_POINT( '', ( 0.603333333333333, -0.212176223927191, -0.122500000000002 ) );
#2192 = CARTESIAN_POINT( '', ( 0.609166666666666, -0.141450815951461, -0.245000000000004 ) );
#2193 = CARTESIAN_POINT( '', ( 0.615000000000000, -3.00038465791106E-017, -0.245000000000004 ) );
#2194 = CARTESIAN_POINT( '', ( 0.620833333333334, 0.141450815951460, -0.245000000000004 ) );
#2195 = CARTESIAN_POINT( '', ( 0.626666666666667, 0.212176223927190, -0.122500000000002 ) );
#2196 = CARTESIAN_POINT( '', ( 0.632499999999999, 0.282901631902921, -5.19681866975212E-017 ) );
#2197 = CARTESIAN_POINT( '', ( 0.638333333333334, 0.212176223927191, 0.122500000000002 ) );
#2198 = CARTESIAN_POINT( '', ( 0.644166666666667, 0.141450815951461, 0.245000000000004 ) );
#2199 = CARTESIAN_POINT( '', ( 0.649999999999999, 0.000000000000000, 0.245000000000004 ) );
#2200 = CARTESIAN_POINT( '', ( 0.655833333333334, -0.141450815951460, 0.245000000000004 ) );
#2201 = CARTESIAN_POINT( '', ( 0.661666666666666, -0.212176223927190, 0.122500000000002 ) );
#2202 = CARTESIAN_POINT( '', ( 0.667499999999999, -0.282901631902921, 1.73227288991738E-017 ) );
#2203 = CARTESIAN_POINT( '', ( 0.673333333333333, -0.212176223927191, -0.122500000000002 ) );
#2204 = CARTESIAN_POINT( '', ( 0.679166666666667, -0.141450815951461, -0.245000000000004 ) );
#2205 = CARTESIAN_POINT( '', ( 0.685000000000000, -3.00038465791106E-017, -0.245000000000004 ) );
#2206 = CARTESIAN_POINT( '', ( 0.690833333333334, 0.141450815951460, -0.245000000000004 ) );
#2207 = CARTESIAN_POINT( '', ( 0.696666666666667, 0.212176223927190, -0.122500000000002 ) );
#2208 = CARTESIAN_POINT( '', ( 0.702500000000000, 0.282901631902921, -5.19681866975212E-017 ) );
#2209 = CARTESIAN_POINT( '', ( 0.708333333333333, 0.212176223927191, 0.122500000000002 ) );
#2210 = CARTESIAN_POINT( '', ( 0.714166666666667, 0.141450815951461, 0.245000000000004 ) );
#2211 = CARTESIAN_POINT( '', ( 0.720000000000000, 0.000000000000000, 0.245000000000004 ) );
#2212 = CARTESIAN_POINT( '', ( 0.725833333333334, -0.141450815951460, 0.245000000000004 ) );
#2213 = CARTESIAN_POINT( '', ( 0.731666666666666, -0.212176223927190, 0.122500000000002 ) );
#2214 = CARTESIAN_POINT( '', ( 0.737500000000000, -0.282901631902921, 1.73227288991738E-017 ) );
#2215 = CARTESIAN_POINT( '', ( 0.743333333333334, -0.212176223927191, -0.122500000000002 ) );
#2216 = CARTESIAN_POINT( '', ( 0.749166666666667, -0.141450815951461, -0.245000000000004 ) );
#2217 = CARTESIAN_POINT( '', ( 0.755000000000001, -3.00038465791106E-017, -0.245000000000004 ) );
#2218 = CARTESIAN_POINT( '', ( 0.760833333333333, 0.141450815951460, -0.245000000000004 ) );
#2219 = CARTESIAN_POINT( '', ( 0.766666666666666, 0.212176223927190, -0.122500000000002 ) );
#2220 = CARTESIAN_POINT( '', ( 0.772500000000000, 0.282901631902921, -5.19681866975212E-017 ) );
#2221 = CARTESIAN_POINT( '', ( 0.778333333333333, 0.212176223927191, 0.122500000000002 ) );
#2222 = CARTESIAN_POINT( '', ( 0.784166666666667, 0.141450815951461, 0.245000000000004 ) );
#2223 = CARTESIAN_POINT( '', ( 0.790000000000000, 0.000000000000000, 0.245000000000004 ) );
#2224 = CARTESIAN_POINT( '', ( -0.750000000000000, 0.000000000000000, 0.295000000000004 ) );
#2225 = CARTESIAN_POINT( '', ( -0.744166666666667, -0.170318329410942, 0.295000000000004 ) );
#2226 = CARTESIAN_POINT( '', ( -0.738333333333333, -0.255477494116413, 0.147500000000002 ) );
#2227 = CARTESIAN_POINT( '', ( -0.732499999999999, -0.340636658821883, 2.08579796949234E-017 ) );
#2228 = CARTESIAN_POINT( '', ( -0.726666666666667, -0.255477494116413, -0.147500000000002 ) );
#2229 = CARTESIAN_POINT( '', ( -0.720833333333333, -0.170318329410942, -0.295000000000004 ) );
#2230 = CARTESIAN_POINT( '', ( -0.715000000000000, -3.61270805748474E-017, -0.295000000000004 ) );
#2231 = CARTESIAN_POINT( '', ( -0.709166666666666, 0.170318329410942, -0.295000000000004 ) );
#2232 = CARTESIAN_POINT( '', ( -0.703333333333333, 0.255477494116413, -0.147500000000002 ) );
#2233 = CARTESIAN_POINT( '', ( -0.697500000000000, 0.340636658821883, -6.25739390847703E-017 ) );
#2234 = CARTESIAN_POINT( '', ( -0.691666666666667, 0.255477494116413, 0.147500000000002 ) );
#2235 = CARTESIAN_POINT( '', ( -0.685833333333334, 0.170318329410942, 0.295000000000004 ) );
#2236 = CARTESIAN_POINT( '', ( -0.680000000000000, 0.000000000000000, 0.295000000000004 ) );
#2237 = CARTESIAN_POINT( '', ( -0.674166666666666, -0.170318329410942, 0.295000000000004 ) );
#2238 = CARTESIAN_POINT( '', ( -0.668333333333333, -0.255477494116413, 0.147500000000002 ) );
#2239 = CARTESIAN_POINT( '', ( -0.662500000000000, -0.340636658821883, 2.08579796949234E-017 ) );
#2240 = CARTESIAN_POINT( '', ( -0.656666666666667, -0.255477494116413, -0.147500000000002 ) );
#2241 = CARTESIAN_POINT( '', ( -0.650833333333333, -0.170318329410942, -0.295000000000004 ) );
#2242 = CARTESIAN_POINT( '', ( -0.645000000000000, -3.61270805748474E-017, -0.295000000000004 ) );
#2243 = CARTESIAN_POINT( '', ( -0.639166666666667, 0.170318329410942, -0.295000000000004 ) );
#2244 = CARTESIAN_POINT( '', ( -0.633333333333333, 0.255477494116413, -0.147500000000002 ) );
#2245 = CARTESIAN_POINT( '', ( -0.627499999999999, 0.340636658821883, -6.25739390847703E-017 ) );
#2246 = CARTESIAN_POINT( '', ( -0.621666666666667, 0.255477494116413, 0.147500000000002 ) );
#2247 = CARTESIAN_POINT( '', ( -0.615833333333333, 0.170318329410942, 0.295000000000004 ) );
#2248 = CARTESIAN_POINT( '', ( -0.610000000000000, 0.000000000000000, 0.295000000000004 ) );
#2249 = CARTESIAN_POINT( '', ( -0.604166666666666, -0.170318329410942, 0.295000000000004 ) );
#2250 = CARTESIAN_POINT( '', ( -0.598333333333333, -0.255477494116413, 0.147500000000002 ) );
#2251 = CARTESIAN_POINT( '', ( -0.592500000000000, -0.340636658821883, 2.08579796949234E-017 ) );
#2252 = CARTESIAN_POINT( '', ( -0.586666666666667, -0.255477494116413, -0.147500000000002 ) );
#2253 = CARTESIAN_POINT( '', ( -0.580833333333334, -0.170318329410942, -0.295000000000004 ) );
#2254 = CARTESIAN_POINT( '', ( -0.575000000000000, -3.61270805748474E-017, -0.295000000000004 ) );
#2255 = CARTESIAN_POINT( '', ( -0.569166666666666, 0.170318329410942, -0.295000000000004 ) );
#2256 = CARTESIAN_POINT( '', ( -0.563333333333333, 0.255477494116413, -0.147500000000002 ) );
#2257 = CARTESIAN_POINT( '', ( -0.557500000000000, 0.340636658821883, -6.25739390847703E-017 ) );
#2258 = CARTESIAN_POINT( '', ( -0.551666666666667, 0.255477494116413, 0.147500000000002 ) );
#2259 = CARTESIAN_POINT( '', ( -0.545833333333333, 0.170318329410942, 0.295000000000004 ) );
#2260 = CARTESIAN_POINT( '', ( -0.540000000000000, 0.000000000000000, 0.295000000000004 ) );
#2261 = CARTESIAN_POINT( '', ( -0.534166666666667, -0.170318329410942, 0.295000000000004 ) );
#2262 = CARTESIAN_POINT( '', ( -0.528333333333333, -0.255477494116413, 0.147500000000002 ) );
#2263 = CARTESIAN_POINT( '', ( -0.522500000000000, -0.340636658821883, 2.08579796949234E-017 ) );
#2264 = CARTESIAN_POINT( '', ( -0.516666666666667, -0.255477494116413, -0.147500000000002 ) );
#2265 = CARTESIAN_POINT( '', ( -0.510833333333333, -0.170318329410942, -0.295000000000004 ) );
#2266 = CARTESIAN_POINT( '', ( -0.505000000000000, -3.61270805748474E-017, -0.295000000000004 ) );
#2267 = CARTESIAN_POINT( '', ( -0.499166666666667, 0.170318329410942, -0.295000000000004 ) );
#2268 = CARTESIAN_POINT( '', ( -0.493333333333333, 0.255477494116413, -0.147500000000002 ) );
#2269 = CARTESIAN_POINT( '', ( -0.487500000000000, 0.340636658821883, -6.25739390847703E-017 ) );
#2270 = CARTESIAN_POINT( '', ( -0.481666666666667, 0.255477494116413, 0.147500000000002 ) );
#2271 = CARTESIAN_POINT( '', ( -0.475833333333333, 0.170318329410942, 0.295000000000004 ) );
#2272 = CARTESIAN_POINT( '', ( -0.470000000000000, 0.000000000000000, 0.295000000000004 ) );
#2273 = CARTESIAN_POINT( '', ( -0.464166666666667, -0.170318329410942, 0.295000000000004 ) );
#2274 = CARTESIAN_POINT( '', ( -0.458333333333333, -0.255477494116413, 0.147500000000002 ) );
#2275 = CARTESIAN_POINT( '', ( -0.452500000000000, -0.340636658821883, 2.08579796949234E-017 ) );
#2276 = CARTESIAN_POINT( '', ( -0.446666666666666, -0.255477494116413, -0.147500000000002 ) );
#2277 = CARTESIAN_POINT( '', ( -0.440833333333333, -0.170318329410942, -0.295000000000004 ) );
#2278 = CARTESIAN_POINT( '', ( -0.435000000000000, -3.61270805748474E-017, -0.295000000000004 ) );
#2279 = CARTESIAN_POINT( '', ( -0.429166666666666, 0.170318329410942, -0.295000000000004 ) );
#2280 = CARTESIAN_POINT( '', ( -0.423333333333334, 0.255477494116413, -0.147500000000002 ) );
#2281 = CARTESIAN_POINT( '', ( -0.417500000000000, 0.340636658821883, -6.25739390847703E-017 ) );
#2282 = CARTESIAN_POINT( '', ( -0.411666666666666, 0.255477494116413, 0.147500000000002 ) );
#2283 = CARTESIAN_POINT( '', ( -0.405833333333333, 0.170318329410942, 0.295000000000004 ) );
#2284 = CARTESIAN_POINT( '', ( -0.400000000000000, 0.000000000000000, 0.295000000000004 ) );
#2285 = CARTESIAN_POINT( '', ( -0.394166666666667, -0.170318329410942, 0.295000000000004 ) );
#2286 = CARTESIAN_POINT( '', ( -0.388333333333334, -0.255477494116413, 0.147500000000002 ) );
#2287 = CARTESIAN_POINT( '', ( -0.382500000000000, -0.340636658821883, 2.08579796949234E-017 ) );
#2288 = CARTESIAN_POINT( '', ( -0.376666666666666, -0.255477494116413, -0.147500000000002 ) );
#2289 = CARTESIAN_POINT( '', ( -0.370833333333333, -0.170318329410942, -0.295000000000004 ) );
#2290 = CARTESIAN_POINT( '', ( -0.365000000000000, -3.61270805748474E-017, -0.295000000000004 ) );
#2291 = CARTESIAN_POINT( '', ( -0.359166666666667, 0.170318329410942, -0.295000000000004 ) );
#2292 = CARTESIAN_POINT( '', ( -0.353333333333334, 0.255477494116413, -0.147500000000002 ) );
#2293 = CARTESIAN_POINT( '', ( -0.347500000000000, 0.340636658821883, -6.25739390847703E-017 ) );
#2294 = CARTESIAN_POINT( '', ( -0.341666666666667, 0.255477494116413, 0.147500000000002 ) );
#2295 = CARTESIAN_POINT( '', ( -0.335833333333333, 0.170318329410942, 0.295000000000004 ) );
#2296 = CARTESIAN_POINT( '', ( -0.330000000000000, 0.000000000000000, 0.295000000000004 ) );
#2297 = CARTESIAN_POINT( '', ( -0.324166666666667, -0.170318329410942, 0.295000000000004 ) );
#2298 = CARTESIAN_POINT( '', ( -0.318333333333334, -0.255477494116413, 0.147500000000002 ) );
#2299 = CARTESIAN_POINT( '', ( -0.312500000000000, -0.340636658821883, 2.08579796949234E-017 ) );
#2300 = CARTESIAN_POINT( '', ( -0.306666666666666, -0.255477494116413, -0.147500000000002 ) );
#2301 = CARTESIAN_POINT( '', ( -0.300833333333333, -0.170318329410942, -0.295000000000004 ) );
#2302 = CARTESIAN_POINT( '', ( -0.295000000000000, -3.61270805748474E-017, -0.295000000000004 ) );
#2303 = CARTESIAN_POINT( '', ( -0.289166666666666, 0.170318329410942, -0.295000000000004 ) );
#2304 = CARTESIAN_POINT( '', ( -0.283333333333333, 0.255477494116413, -0.147500000000002 ) );
#2305 = CARTESIAN_POINT( '', ( -0.277500000000000, 0.340636658821883, -6.25739390847703E-017 ) );
#2306 = CARTESIAN_POINT( '', ( -0.271666666666667, 0.255477494116413, 0.147500000000002 ) );
#2307 = CARTESIAN_POINT( '', ( -0.265833333333334, 0.170318329410942, 0.295000000000004 ) );
#2308 = CARTESIAN_POINT( '', ( -0.260000000000000, 0.000000000000000, 0.295000000000004 ) );
#2309 = CARTESIAN_POINT( '', ( -0.254166666666667, -0.170318329410942, 0.295000000000004 ) );
#2310 = CARTESIAN_POINT( '', ( -0.248333333333334, -0.255477494116413, 0.147500000000002 ) );
#2311 = CARTESIAN_POINT( '', ( -0.242500000000000, -0.340636658821883, 2.08579796949234E-017 ) );
#2312 = CARTESIAN_POINT( '', ( -0.236666666666667, -0.255477494116413, -0.147500000000002 ) );
#2313 = CARTESIAN_POINT( '', ( -0.230833333333333, -0.170318329410942, -0.295000000000004 ) );
#2314 = CARTESIAN_POINT( '', ( -0.225000000000000, -3.61270805748474E-017, -0.295000000000004 ) );
#2315 = CARTESIAN_POINT( '', ( -0.219166666666667, 0.170318329410942, -0.295000000000004 ) );
#2316 = CARTESIAN_POINT( '', ( -0.213333333333333, 0.255477494116413, -0.147500000000002 ) );
#2317 = CARTESIAN_POINT( '', ( -0.207500000000000, 0.340636658821883, -6.25739390847703E-017 ) );
#2318 = CARTESIAN_POINT( '', ( -0.201666666666667, 0.255477494116413, 0.147500000000002 ) );
#2319 = CARTESIAN_POINT( '', ( -0.195833333333333, 0.170318329410942, 0.295000000000004 ) );
#2320 = CARTESIAN_POINT( '', ( -0.190000000000000, 0.000000000000000, 0.295000000000004 ) );
#2321 = CARTESIAN_POINT( '', ( -0.184166666666666, -0.170318329410942, 0.295000000000004 ) );
#2322 = CARTESIAN_POINT( '', ( -0.178333333333333, -0.255477494116413, 0.147500000000002 ) );
#2323 = CARTESIAN_POINT( '', ( -0.172500000000000, -0.340636658821883, 2.08579796949234E-017 ) );
#2324 = CARTESIAN_POINT( '', ( -0.166666666666666, -0.255477494116413, -0.147500000000002 ) );
#2325 = CARTESIAN_POINT( '', ( -0.160833333333333, -0.170318329410942, -0.295000000000004 ) );
#2326 = CARTESIAN_POINT( '', ( -0.155000000000000, -3.61270805748474E-017, -0.295000000000004 ) );
#2327 = CARTESIAN_POINT( '', ( -0.149166666666666, 0.170318329410942, -0.295000000000004 ) );
#2328 = CARTESIAN_POINT( '', ( -0.143333333333333, 0.255477494116413, -0.147500000000002 ) );
#2329 = CARTESIAN_POINT( '', ( -0.137500000000000, 0.340636658821883, -6.25739390847703E-017 ) );
#2330 = CARTESIAN_POINT( '', ( -0.131666666666667, 0.255477494116413, 0.147500000000002 ) );
#2331 = CARTESIAN_POINT( '', ( -0.125833333333333, 0.170318329410942, 0.295000000000004 ) );
#2332 = CARTESIAN_POINT( '', ( -0.120000000000000, 0.000000000000000, 0.295000000000004 ) );
#2333 = CARTESIAN_POINT( '', ( -0.114166666666667, -0.170318329410942, 0.295000000000004 ) );
#2334 = CARTESIAN_POINT( '', ( -0.108333333333333, -0.255477494116413, 0.147500000000002 ) );
#2335 = CARTESIAN_POINT( '', ( -0.102500000000000, -0.340636658821883, 2.08579796949234E-017 ) );
#2336 = CARTESIAN_POINT( '', ( -0.0966666666666666, -0.255477494116413, -0.147500000000002 ) );
#2337 = CARTESIAN_POINT( '', ( -0.0908333333333333, -0.170318329410942, -0.295000000000004 ) );
#2338 = CARTESIAN_POINT( '', ( -0.0850000000000000, -3.61270805748474E-017, -0.295000000000004 ) );
#2339 = CARTESIAN_POINT( '', ( -0.0791666666666666, 0.170318329410942, -0.295000000000004 ) );
#2340 = CARTESIAN_POINT( '', ( -0.0733333333333332, 0.255477494116413, -0.147500000000002 ) );
#2341 = CARTESIAN_POINT( '', ( -0.0675000000000000, 0.340636658821883, -6.25739390847703E-017 ) );
#2342 = CARTESIAN_POINT( '', ( -0.0616666666666666, 0.255477494116413, 0.147500000000002 ) );
#2343 = CARTESIAN_POINT( '', ( -0.0558333333333332, 0.170318329410942, 0.295000000000004 ) );
#2344 = CARTESIAN_POINT( '', ( -0.0500000000000000, 0.000000000000000, 0.295000000000004 ) );
#2345 = CARTESIAN_POINT( '', ( -0.0441666666666666, -0.170318329410942, 0.295000000000004 ) );
#2346 = CARTESIAN_POINT( '', ( -0.0383333333333332, -0.255477494116413, 0.147500000000002 ) );
#2347 = CARTESIAN_POINT( '', ( -0.0325000000000000, -0.340636658821883, 2.08579796949234E-017 ) );
#2348 = CARTESIAN_POINT( '', ( -0.0266666666666666, -0.255477494116413, -0.147500000000002 ) );
#2349 = CARTESIAN_POINT( '', ( -0.0208333333333333, -0.170318329410942, -0.295000000000004 ) );
#2350 = CARTESIAN_POINT( '', ( -0.0150000000000000, -3.61270805748474E-017, -0.295000000000004 ) );
#2351 = CARTESIAN_POINT( '', ( -0.00916666666666665, 0.170318329410942, -0.295000000000004 ) );
#2352 = CARTESIAN_POINT( '', ( -0.00333333333333327, 0.255477494116413, -0.147500000000002 ) );
#2353 = CARTESIAN_POINT( '', ( 0.00250000000000011, 0.340636658821883, -6.25739390847703E-017 ) );
#2354 = CARTESIAN_POINT( '', ( 0.00833333333333339, 0.255477494116413, 0.147500000000002 ) );
#2355 = CARTESIAN_POINT( '', ( 0.0141666666666668, 0.170318329410942, 0.295000000000004 ) );
#2356 = CARTESIAN_POINT( '', ( 0.0200000000000000, 0.000000000000000, 0.295000000000004 ) );
#2357 = CARTESIAN_POINT( '', ( 0.0258333333333334, -0.170318329410942, 0.295000000000004 ) );
#2358 = CARTESIAN_POINT( '', ( 0.0316666666666667, -0.255477494116413, 0.147500000000002 ) );
#2359 = CARTESIAN_POINT( '', ( 0.0375000000000001, -0.340636658821883, 2.08579796949234E-017 ) );
#2360 = CARTESIAN_POINT( '', ( 0.0433333333333334, -0.255477494116413, -0.147500000000002 ) );
#2361 = CARTESIAN_POINT( '', ( 0.0491666666666668, -0.170318329410942, -0.295000000000004 ) );
#2362 = CARTESIAN_POINT( '', ( 0.0550000000000000, -3.61270805748474E-017, -0.295000000000004 ) );
#2363 = CARTESIAN_POINT( '', ( 0.0608333333333334, 0.170318329410942, -0.295000000000004 ) );
#2364 = CARTESIAN_POINT( '', ( 0.0666666666666667, 0.255477494116413, -0.147500000000002 ) );
#2365 = CARTESIAN_POINT( '', ( 0.0725000000000001, 0.340636658821883, -6.25739390847703E-017 ) );
#2366 = CARTESIAN_POINT( '', ( 0.0783333333333334, 0.255477494116413, 0.147500000000002 ) );
#2367 = CARTESIAN_POINT( '', ( 0.0841666666666667, 0.170318329410942, 0.295000000000004 ) );
#2368 = CARTESIAN_POINT( '', ( 0.0900000000000000, 0.000000000000000, 0.295000000000004 ) );
#2369 = CARTESIAN_POINT( '', ( 0.0958333333333334, -0.170318329410942, 0.295000000000004 ) );
#2370 = CARTESIAN_POINT( '', ( 0.101666666666667, -0.255477494116413, 0.147500000000002 ) );
#2371 = CARTESIAN_POINT( '', ( 0.107500000000000, -0.340636658821883, 2.08579796949234E-017 ) );
#2372 = CARTESIAN_POINT( '', ( 0.113333333333333, -0.255477494116413, -0.147500000000002 ) );
#2373 = CARTESIAN_POINT( '', ( 0.119166666666667, -0.170318329410942, -0.295000000000004 ) );
#2374 = CARTESIAN_POINT( '', ( 0.125000000000000, -3.61270805748474E-017, -0.295000000000004 ) );
#2375 = CARTESIAN_POINT( '', ( 0.130833333333333, 0.170318329410942, -0.295000000000004 ) );
#2376 = CARTESIAN_POINT( '', ( 0.136666666666667, 0.255477494116413, -0.147500000000002 ) );
#2377 = CARTESIAN_POINT( '', ( 0.142500000000000, 0.340636658821883, -6.25739390847703E-017 ) );
#2378 = CARTESIAN_POINT( '', ( 0.148333333333333, 0.255477494116413, 0.147500000000002 ) );
#2379 = CARTESIAN_POINT( '', ( 0.154166666666667, 0.170318329410942, 0.295000000000004 ) );
#2380 = CARTESIAN_POINT( '', ( 0.160000000000000, 0.000000000000000, 0.295000000000004 ) );
#2381 = CARTESIAN_POINT( '', ( 0.165833333333333, -0.170318329410942, 0.295000000000004 ) );
#2382 = CARTESIAN_POINT( '', ( 0.171666666666667, -0.255477494116413, 0.147500000000002 ) );
#2383 = CARTESIAN_POINT( '', ( 0.177500000000000, -0.340636658821883, 2.08579796949234E-017 ) );
#2384 = CARTESIAN_POINT( '', ( 0.183333333333333, -0.255477494116413, -0.147500000000002 ) );
#2385 = CARTESIAN_POINT( '', ( 0.189166666666667, -0.170318329410942, -0.295000000000004 ) );
#2386 = CARTESIAN_POINT( '', ( 0.195000000000000, -3.61270805748474E-017, -0.295000000000004 ) );
#2387 = CARTESIAN_POINT( '', ( 0.200833333333334, 0.170318329410942, -0.295000000000004 ) );
#2388 = CARTESIAN_POINT( '', ( 0.206666666666667, 0.255477494116413, -0.147500000000002 ) );
#2389 = CARTESIAN_POINT( '', ( 0.212500000000000, 0.340636658821883, -6.25739390847703E-017 ) );
#2390 = CARTESIAN_POINT( '', ( 0.218333333333334, 0.255477494116413, 0.147500000000002 ) );
#2391 = CARTESIAN_POINT( '', ( 0.224166666666667, 0.170318329410942, 0.295000000000004 ) );
#2392 = CARTESIAN_POINT( '', ( 0.230000000000000, 0.000000000000000, 0.295000000000004 ) );
#2393 = CARTESIAN_POINT( '', ( 0.235833333333333, -0.170318329410942, 0.295000000000004 ) );
#2394 = CARTESIAN_POINT( '', ( 0.241666666666667, -0.255477494116413, 0.147500000000002 ) );
#2395 = CARTESIAN_POINT( '', ( 0.247500000000000, -0.340636658821883, 2.08579796949234E-017 ) );
#2396 = CARTESIAN_POINT( '', ( 0.253333333333333, -0.255477494116413, -0.147500000000002 ) );
#2397 = CARTESIAN_POINT( '', ( 0.259166666666667, -0.170318329410942, -0.295000000000004 ) );
#2398 = CARTESIAN_POINT( '', ( 0.265000000000000, -3.61270805748474E-017, -0.295000000000004 ) );
#2399 = CARTESIAN_POINT( '', ( 0.270833333333333, 0.170318329410942, -0.295000000000004 ) );
#2400 = CARTESIAN_POINT( '', ( 0.276666666666667, 0.255477494116413, -0.147500000000002 ) );
#2401 = CARTESIAN_POINT( '', ( 0.282500000000000, 0.340636658821883, -6.25739390847703E-017 ) );
#2402 = CARTESIAN_POINT( '', ( 0.288333333333334, 0.255477494116413, 0.147500000000002 ) );
#2403 = CARTESIAN_POINT( '', ( 0.294166666666667, 0.170318329410942, 0.295000000000004 ) );
#2404 = CARTESIAN_POINT( '', ( 0.300000000000000, 0.000000000000000, 0.295000000000004 ) );
#2405 = CARTESIAN_POINT( '', ( 0.305833333333333, -0.170318329410942, 0.295000000000004 ) );
#2406 = CARTESIAN_POINT( '', ( 0.311666666666666, -0.255477494116413, 0.147500000000002 ) );
#2407 = CARTESIAN_POINT( '', ( 0.317500000000000, -0.340636658821883, 2.08579796949234E-017 ) );
#2408 = CARTESIAN_POINT( '', ( 0.323333333333334, -0.255477494116413, -0.147500000000002 ) );
#2409 = CARTESIAN_POINT( '', ( 0.329166666666667, -0.170318329410942, -0.295000000000004 ) );
#2410 = CARTESIAN_POINT( '', ( 0.335000000000000, -3.61270805748474E-017, -0.295000000000004 ) );
#2411 = CARTESIAN_POINT( '', ( 0.340833333333334, 0.170318329410942, -0.295000000000004 ) );
#2412 = CARTESIAN_POINT( '', ( 0.346666666666667, 0.255477494116413, -0.147500000000002 ) );
#2413 = CARTESIAN_POINT( '', ( 0.352500000000000, 0.340636658821883, -6.25739390847703E-017 ) );
#2414 = CARTESIAN_POINT( '', ( 0.358333333333334, 0.255477494116413, 0.147500000000002 ) );
#2415 = CARTESIAN_POINT( '', ( 0.364166666666666, 0.170318329410942, 0.295000000000004 ) );
#2416 = CARTESIAN_POINT( '', ( 0.370000000000000, 0.000000000000000, 0.295000000000004 ) );
#2417 = CARTESIAN_POINT( '', ( 0.375833333333333, -0.170318329410942, 0.295000000000004 ) );
#2418 = CARTESIAN_POINT( '', ( 0.381666666666667, -0.255477494116413, 0.147500000000002 ) );
#2419 = CARTESIAN_POINT( '', ( 0.387500000000000, -0.340636658821883, 2.08579796949234E-017 ) );
#2420 = CARTESIAN_POINT( '', ( 0.393333333333334, -0.255477494116413, -0.147500000000002 ) );
#2421 = CARTESIAN_POINT( '', ( 0.399166666666667, -0.170318329410942, -0.295000000000004 ) );
#2422 = CARTESIAN_POINT( '', ( 0.405000000000000, -3.61270805748474E-017, -0.295000000000004 ) );
#2423 = CARTESIAN_POINT( '', ( 0.410833333333333, 0.170318329410942, -0.295000000000004 ) );
#2424 = CARTESIAN_POINT( '', ( 0.416666666666667, 0.255477494116413, -0.147500000000002 ) );
#2425 = CARTESIAN_POINT( '', ( 0.422500000000000, 0.340636658821883, -6.25739390847703E-017 ) );
#2426 = CARTESIAN_POINT( '', ( 0.428333333333334, 0.255477494116413, 0.147500000000002 ) );
#2427 = CARTESIAN_POINT( '', ( 0.434166666666667, 0.170318329410942, 0.295000000000004 ) );
#2428 = CARTESIAN_POINT( '', ( 0.440000000000000, 0.000000000000000, 0.295000000000004 ) );
#2429 = CARTESIAN_POINT( '', ( 0.445833333333333, -0.170318329410942, 0.295000000000004 ) );
#2430 = CARTESIAN_POINT( '', ( 0.451666666666667, -0.255477494116413, 0.147500000000002 ) );
#2431 = CARTESIAN_POINT( '', ( 0.457500000000000, -0.340636658821883, 2.08579796949234E-017 ) );
#2432 = CARTESIAN_POINT( '', ( 0.463333333333333, -0.255477494116413, -0.147500000000002 ) );
#2433 = CARTESIAN_POINT( '', ( 0.469166666666667, -0.170318329410942, -0.295000000000004 ) );
#2434 = CARTESIAN_POINT( '', ( 0.475000000000000, -3.61270805748474E-017, -0.295000000000004 ) );
#2435 = CARTESIAN_POINT( '', ( 0.480833333333334, 0.170318329410942, -0.295000000000004 ) );
#2436 = CARTESIAN_POINT( '', ( 0.486666666666667, 0.255477494116413, -0.147500000000002 ) );
#2437 = CARTESIAN_POINT( '', ( 0.492500000000000, 0.340636658821883, -6.25739390847703E-017 ) );
#2438 = CARTESIAN_POINT( '', ( 0.498333333333334, 0.255477494116413, 0.147500000000002 ) );
#2439 = CARTESIAN_POINT( '', ( 0.504166666666667, 0.170318329410942, 0.295000000000004 ) );
#2440 = CARTESIAN_POINT( '', ( 0.510000000000000, 0.000000000000000, 0.295000000000004 ) );
#2441 = CARTESIAN_POINT( '', ( 0.515833333333333, -0.170318329410942, 0.295000000000004 ) );
#2442 = CARTESIAN_POINT( '', ( 0.521666666666667, -0.255477494116413, 0.147500000000002 ) );
#2443 = CARTESIAN_POINT( '', ( 0.527500000000001, -0.340636658821883, 2.08579796949234E-017 ) );
#2444 = CARTESIAN_POINT( '', ( 0.533333333333333, -0.255477494116413, -0.147500000000002 ) );
#2445 = CARTESIAN_POINT( '', ( 0.539166666666667, -0.170318329410942, -0.295000000000004 ) );
#2446 = CARTESIAN_POINT( '', ( 0.545000000000000, -3.61270805748474E-017, -0.295000000000004 ) );
#2447 = CARTESIAN_POINT( '', ( 0.550833333333334, 0.170318329410942, -0.295000000000004 ) );
#2448 = CARTESIAN_POINT( '', ( 0.556666666666667, 0.255477494116413, -0.147500000000002 ) );
#2449 = CARTESIAN_POINT( '', ( 0.562500000000000, 0.340636658821883, -6.25739390847703E-017 ) );
#2450 = CARTESIAN_POINT( '', ( 0.568333333333334, 0.255477494116413, 0.147500000000002 ) );
#2451 = CARTESIAN_POINT( '', ( 0.574166666666666, 0.170318329410942, 0.295000000000004 ) );
#2452 = CARTESIAN_POINT( '', ( 0.580000000000000, 0.000000000000000, 0.295000000000004 ) );
#2453 = CARTESIAN_POINT( '', ( 0.585833333333333, -0.170318329410942, 0.295000000000004 ) );
#2454 = CARTESIAN_POINT( '', ( 0.591666666666667, -0.255477494116413, 0.147500000000002 ) );
#2455 = CARTESIAN_POINT( '', ( 0.597500000000000, -0.340636658821883, 2.08579796949234E-017 ) );
#2456 = CARTESIAN_POINT( '', ( 0.603333333333334, -0.255477494116413, -0.147500000000002 ) );
#2457 = CARTESIAN_POINT( '', ( 0.609166666666667, -0.170318329410942, -0.295000000000004 ) );
#2458 = CARTESIAN_POINT( '', ( 0.615000000000000, -3.61270805748474E-017, -0.295000000000004 ) );
#2459 = CARTESIAN_POINT( '', ( 0.620833333333333, 0.170318329410942, -0.295000000000004 ) );
#2460 = CARTESIAN_POINT( '', ( 0.626666666666667, 0.255477494116413, -0.147500000000002 ) );
#2461 = CARTESIAN_POINT( '', ( 0.632500000000000, 0.340636658821883, -6.25739390847703E-017 ) );
#2462 = CARTESIAN_POINT( '', ( 0.638333333333333, 0.255477494116413, 0.147500000000002 ) );
#2463 = CARTESIAN_POINT( '', ( 0.644166666666667, 0.170318329410942, 0.295000000000004 ) );
#2464 = CARTESIAN_POINT( '', ( 0.650000000000000, 0.000000000000000, 0.295000000000004 ) );
#2465 = CARTESIAN_POINT( '', ( 0.655833333333334, -0.170318329410942, 0.295000000000004 ) );
#2466 = CARTESIAN_POINT( '', ( 0.661666666666667, -0.255477494116413, 0.147500000000002 ) );
#2467 = CARTESIAN_POINT( '', ( 0.667500000000000, -0.340636658821883, 2.08579796949234E-017 ) );
#2468 = CARTESIAN_POINT( '', ( 0.673333333333334, -0.255477494116413, -0.147500000000002 ) );
#2469 = CARTESIAN_POINT( '', ( 0.679166666666667, -0.170318329410942, -0.295000000000004 ) );
#2470 = CARTESIAN_POINT( '', ( 0.685000000000000, -3.61270805748474E-017, -0.295000000000004 ) );
#2471 = CARTESIAN_POINT( '', ( 0.690833333333333, 0.170318329410942, -0.295000000000004 ) );
#2472 = CARTESIAN_POINT( '', ( 0.696666666666667, 0.255477494116413, -0.147500000000002 ) );
#2473 = CARTESIAN_POINT( '', ( 0.702500000000000, 0.340636658821883, -6.25739390847703E-017 ) );
#2474 = CARTESIAN_POINT( '', ( 0.708333333333333, 0.255477494116413, 0.147500000000002 ) );
#2475 = CARTESIAN_POINT( '', ( 0.714166666666667, 0.170318329410942, 0.295000000000004 ) );
#2476 = CARTESIAN_POINT( '', ( 0.720000000000000, 0.000000000000000, 0.295000000000004 ) );
#2477 = CARTESIAN_POINT( '', ( 0.725833333333333, -0.170318329410942, 0.295000000000004 ) );
#2478 = CARTESIAN_POINT( '', ( 0.731666666666667, -0.255477494116413, 0.147500000000002 ) );
#2479 = CARTESIAN_POINT( '', ( 0.737500000000000, -0.340636658821883, 2.08579796949234E-017 ) );
#2480 = CARTESIAN_POINT( '', ( 0.743333333333334, -0.255477494116413, -0.147500000000002 ) );
#2481 = CARTESIAN_POINT( '', ( 0.749166666666666, -0.170318329410942, -0.295000000000004 ) );
#2482 = CARTESIAN_POINT( '', ( 0.755000000000000, -3.61270805748474E-017, -0.295000000000004 ) );
#2483 = CARTESIAN_POINT( '', ( 0.760833333333334, 0.170318329410942, -0.295000000000004 ) );
#2484 = CARTESIAN_POINT( '', ( 0.766666666666667, 0.255477494116413, -0.147500000000002 ) );
#2485 = CARTESIAN_POINT( '', ( 0.772500000000000, 0.340636658821883, -6.25739390847703E-017 ) );
#2486 = CARTESIAN_POINT( '', ( 0.778333333333334, 0.255477494116413, 0.147500000000002 ) );
#2487 = CARTESIAN_POINT( '', ( 0.784166666666666, 0.170318329410942, 0.295000000000004 ) );
#2488 = CARTESIAN_POINT( '', ( 0.790000000000000, 0.000000000000000, 0.295000000000004 ) );
#2489 = CARTESIAN_POINT( '', ( -0.750000000000000, 0.000000000000000, 0.345000000000003 ) );
#2490 = CARTESIAN_POINT( '', ( -0.744166666666667, -0.199185842870421, 0.345000000000004 ) );
#2491 = CARTESIAN_POINT( '', ( -0.738333333333333, -0.298778764305634, 0.172500000000000 ) );
#2492 = CARTESIAN_POINT( '', ( -0.732500000000000, -0.398371685740846, 2.43932304906731E-017 ) );
#2493 = CARTESIAN_POINT( '', ( -0.726666666666667, -0.298778764305634, -0.172500000000000 ) );
#2494 = CARTESIAN_POINT( '', ( -0.720833333333333, -0.199185842870421, -0.345000000000004 ) );
#2495 = CARTESIAN_POINT( '', ( -0.715000000000000, -4.22503145705841E-017, -0.345000000000003 ) );
#2496 = CARTESIAN_POINT( '', ( -0.709166666666667, 0.199185842870421, -0.345000000000004 ) );
#2497 = CARTESIAN_POINT( '', ( -0.703333333333333, 0.298778764305634, -0.172500000000002 ) );
#2498 = CARTESIAN_POINT( '', ( -0.697500000000000, 0.398371685740846, -7.31796914720193E-017 ) );
#2499 = CARTESIAN_POINT( '', ( -0.691666666666666, 0.298778764305634, 0.172500000000000 ) );
#2500 = CARTESIAN_POINT( '', ( -0.685833333333334, 0.199185842870423, 0.345000000000004 ) );
#2501 = CARTESIAN_POINT( '', ( -0.680000000000001, 0.000000000000000, 0.345000000000003 ) );
#2502 = CARTESIAN_POINT( '', ( -0.674166666666667, -0.199185842870421, 0.345000000000004 ) );
#2503 = CARTESIAN_POINT( '', ( -0.668333333333334, -0.298778764305634, 0.172500000000000 ) );
#2504 = CARTESIAN_POINT( '', ( -0.662500000000000, -0.398371685740846, 2.43932304906731E-017 ) );
#2505 = CARTESIAN_POINT( '', ( -0.656666666666667, -0.298778764305634, -0.172500000000000 ) );
#2506 = CARTESIAN_POINT( '', ( -0.650833333333334, -0.199185842870421, -0.345000000000004 ) );
#2507 = CARTESIAN_POINT( '', ( -0.645000000000000, -4.22503145705841E-017, -0.345000000000003 ) );
#2508 = CARTESIAN_POINT( '', ( -0.639166666666667, 0.199185842870421, -0.345000000000004 ) );
#2509 = CARTESIAN_POINT( '', ( -0.633333333333333, 0.298778764305634, -0.172500000000002 ) );
#2510 = CARTESIAN_POINT( '', ( -0.627500000000000, 0.398371685740846, -7.31796914720193E-017 ) );
#2511 = CARTESIAN_POINT( '', ( -0.621666666666667, 0.298778764305634, 0.172500000000000 ) );
#2512 = CARTESIAN_POINT( '', ( -0.615833333333334, 0.199185842870423, 0.345000000000004 ) );
#2513 = CARTESIAN_POINT( '', ( -0.610000000000000, 0.000000000000000, 0.345000000000003 ) );
#2514 = CARTESIAN_POINT( '', ( -0.604166666666667, -0.199185842870421, 0.345000000000004 ) );
#2515 = CARTESIAN_POINT( '', ( -0.598333333333333, -0.298778764305634, 0.172500000000000 ) );
#2516 = CARTESIAN_POINT( '', ( -0.592499999999999, -0.398371685740846, 2.43932304906731E-017 ) );
#2517 = CARTESIAN_POINT( '', ( -0.586666666666666, -0.298778764305634, -0.172500000000000 ) );
#2518 = CARTESIAN_POINT( '', ( -0.580833333333334, -0.199185842870421, -0.345000000000004 ) );
#2519 = CARTESIAN_POINT( '', ( -0.574999999999999, -4.22503145705841E-017, -0.345000000000003 ) );
#2520 = CARTESIAN_POINT( '', ( -0.569166666666666, 0.199185842870421, -0.345000000000004 ) );
#2521 = CARTESIAN_POINT( '', ( -0.563333333333334, 0.298778764305634, -0.172500000000002 ) );
#2522 = CARTESIAN_POINT( '', ( -0.557499999999999, 0.398371685740846, -7.31796914720193E-017 ) );
#2523 = CARTESIAN_POINT( '', ( -0.551666666666667, 0.298778764305634, 0.172500000000000 ) );
#2524 = CARTESIAN_POINT( '', ( -0.545833333333334, 0.199185842870423, 0.345000000000004 ) );
#2525 = CARTESIAN_POINT( '', ( -0.540000000000000, 0.000000000000000, 0.345000000000003 ) );
#2526 = CARTESIAN_POINT( '', ( -0.534166666666666, -0.199185842870421, 0.345000000000004 ) );
#2527 = CARTESIAN_POINT( '', ( -0.528333333333333, -0.298778764305634, 0.172500000000000 ) );
#2528 = CARTESIAN_POINT( '', ( -0.522500000000001, -0.398371685740846, 2.43932304906731E-017 ) );
#2529 = CARTESIAN_POINT( '', ( -0.516666666666667, -0.298778764305634, -0.172500000000000 ) );
#2530 = CARTESIAN_POINT( '', ( -0.510833333333333, -0.199185842870421, -0.345000000000004 ) );
#2531 = CARTESIAN_POINT( '', ( -0.505000000000000, -4.22503145705841E-017, -0.345000000000003 ) );
#2532 = CARTESIAN_POINT( '', ( -0.499166666666667, 0.199185842870421, -0.345000000000004 ) );
#2533 = CARTESIAN_POINT( '', ( -0.493333333333333, 0.298778764305634, -0.172500000000002 ) );
#2534 = CARTESIAN_POINT( '', ( -0.487500000000000, 0.398371685740846, -7.31796914720193E-017 ) );
#2535 = CARTESIAN_POINT( '', ( -0.481666666666666, 0.298778764305634, 0.172500000000000 ) );
#2536 = CARTESIAN_POINT( '', ( -0.475833333333333, 0.199185842870423, 0.345000000000004 ) );
#2537 = CARTESIAN_POINT( '', ( -0.469999999999999, 0.000000000000000, 0.345000000000003 ) );
#2538 = CARTESIAN_POINT( '', ( -0.464166666666666, -0.199185842870421, 0.345000000000004 ) );
#2539 = CARTESIAN_POINT( '', ( -0.458333333333334, -0.298778764305634, 0.172500000000000 ) );
#2540 = CARTESIAN_POINT( '', ( -0.452500000000000, -0.398371685740846, 2.43932304906731E-017 ) );
#2541 = CARTESIAN_POINT( '', ( -0.446666666666667, -0.298778764305634, -0.172500000000000 ) );
#2542 = CARTESIAN_POINT( '', ( -0.440833333333333, -0.199185842870421, -0.345000000000004 ) );
#2543 = CARTESIAN_POINT( '', ( -0.435000000000000, -4.22503145705841E-017, -0.345000000000003 ) );
#2544 = CARTESIAN_POINT( '', ( -0.429166666666666, 0.199185842870421, -0.345000000000004 ) );
#2545 = CARTESIAN_POINT( '', ( -0.423333333333333, 0.298778764305634, -0.172500000000002 ) );
#2546 = CARTESIAN_POINT( '', ( -0.417500000000000, 0.398371685740846, -7.31796914720193E-017 ) );
#2547 = CARTESIAN_POINT( '', ( -0.411666666666666, 0.298778764305634, 0.172500000000000 ) );
#2548 = CARTESIAN_POINT( '', ( -0.405833333333333, 0.199185842870423, 0.345000000000004 ) );
#2549 = CARTESIAN_POINT( '', ( -0.400000000000000, 0.000000000000000, 0.345000000000003 ) );
#2550 = CARTESIAN_POINT( '', ( -0.394166666666667, -0.199185842870421, 0.345000000000004 ) );
#2551 = CARTESIAN_POINT( '', ( -0.388333333333333, -0.298778764305634, 0.172500000000000 ) );
#2552 = CARTESIAN_POINT( '', ( -0.382500000000000, -0.398371685740846, 2.43932304906731E-017 ) );
#2553 = CARTESIAN_POINT( '', ( -0.376666666666667, -0.298778764305634, -0.172500000000000 ) );
#2554 = CARTESIAN_POINT( '', ( -0.370833333333334, -0.199185842870421, -0.345000000000004 ) );
#2555 = CARTESIAN_POINT( '', ( -0.365000000000000, -4.22503145705841E-017, -0.345000000000003 ) );
#2556 = CARTESIAN_POINT( '', ( -0.359166666666666, 0.199185842870421, -0.345000000000004 ) );
#2557 = CARTESIAN_POINT( '', ( -0.353333333333333, 0.298778764305634, -0.172500000000002 ) );
#2558 = CARTESIAN_POINT( '', ( -0.347500000000000, 0.398371685740846, -7.31796914720193E-017 ) );
#2559 = CARTESIAN_POINT( '', ( -0.341666666666667, 0.298778764305634, 0.172500000000000 ) );
#2560 = CARTESIAN_POINT( '', ( -0.335833333333333, 0.199185842870423, 0.345000000000004 ) );
#2561 = CARTESIAN_POINT( '', ( -0.330000000000000, 0.000000000000000, 0.345000000000003 ) );
#2562 = CARTESIAN_POINT( '', ( -0.324166666666667, -0.199185842870421, 0.345000000000004 ) );
#2563 = CARTESIAN_POINT( '', ( -0.318333333333333, -0.298778764305634, 0.172500000000000 ) );
#2564 = CARTESIAN_POINT( '', ( -0.312500000000000, -0.398371685740846, 2.43932304906731E-017 ) );
#2565 = CARTESIAN_POINT( '', ( -0.306666666666666, -0.298778764305634, -0.172500000000000 ) );
#2566 = CARTESIAN_POINT( '', ( -0.300833333333334, -0.199185842870421, -0.345000000000004 ) );
#2567 = CARTESIAN_POINT( '', ( -0.295000000000000, -4.22503145705841E-017, -0.345000000000003 ) );
#2568 = CARTESIAN_POINT( '', ( -0.289166666666667, 0.199185842870421, -0.345000000000004 ) );
#2569 = CARTESIAN_POINT( '', ( -0.283333333333333, 0.298778764305634, -0.172500000000002 ) );
#2570 = CARTESIAN_POINT( '', ( -0.277500000000000, 0.398371685740846, -7.31796914720193E-017 ) );
#2571 = CARTESIAN_POINT( '', ( -0.271666666666667, 0.298778764305634, 0.172500000000000 ) );
#2572 = CARTESIAN_POINT( '', ( -0.265833333333333, 0.199185842870423, 0.345000000000004 ) );
#2573 = CARTESIAN_POINT( '', ( -0.260000000000000, 0.000000000000000, 0.345000000000003 ) );
#2574 = CARTESIAN_POINT( '', ( -0.254166666666667, -0.199185842870421, 0.345000000000004 ) );
#2575 = CARTESIAN_POINT( '', ( -0.248333333333333, -0.298778764305634, 0.172500000000000 ) );
#2576 = CARTESIAN_POINT( '', ( -0.242500000000000, -0.398371685740846, 2.43932304906731E-017 ) );
#2577 = CARTESIAN_POINT( '', ( -0.236666666666667, -0.298778764305634, -0.172500000000000 ) );
#2578 = CARTESIAN_POINT( '', ( -0.230833333333334, -0.199185842870421, -0.345000000000004 ) );
#2579 = CARTESIAN_POINT( '', ( -0.225000000000000, -4.22503145705841E-017, -0.345000000000003 ) );
#2580 = CARTESIAN_POINT( '', ( -0.219166666666667, 0.199185842870421, -0.345000000000004 ) );
#2581 = CARTESIAN_POINT( '', ( -0.213333333333333, 0.298778764305634, -0.172500000000002 ) );
#2582 = CARTESIAN_POINT( '', ( -0.207500000000000, 0.398371685740846, -7.31796914720193E-017 ) );
#2583 = CARTESIAN_POINT( '', ( -0.201666666666667, 0.298778764305634, 0.172500000000000 ) );
#2584 = CARTESIAN_POINT( '', ( -0.195833333333333, 0.199185842870423, 0.345000000000004 ) );
#2585 = CARTESIAN_POINT( '', ( -0.190000000000000, 0.000000000000000, 0.345000000000003 ) );
#2586 = CARTESIAN_POINT( '', ( -0.184166666666667, -0.199185842870421, 0.345000000000004 ) );
#2587 = CARTESIAN_POINT( '', ( -0.178333333333333, -0.298778764305634, 0.172500000000000 ) );
#2588 = CARTESIAN_POINT( '', ( -0.172500000000000, -0.398371685740846, 2.43932304906731E-017 ) );
#2589 = CARTESIAN_POINT( '', ( -0.166666666666667, -0.298778764305634, -0.172500000000000 ) );
#2590 = CARTESIAN_POINT( '', ( -0.160833333333333, -0.199185842870421, -0.345000000000004 ) );
#2591 = CARTESIAN_POINT( '', ( -0.155000000000000, -4.22503145705841E-017, -0.345000000000003 ) );
#2592 = CARTESIAN_POINT( '', ( -0.149166666666667, 0.199185842870421, -0.345000000000004 ) );
#2593 = CARTESIAN_POINT( '', ( -0.143333333333333, 0.298778764305634, -0.172500000000002 ) );
#2594 = CARTESIAN_POINT( '', ( -0.137500000000000, 0.398371685740846, -7.31796914720193E-017 ) );
#2595 = CARTESIAN_POINT( '', ( -0.131666666666667, 0.298778764305634, 0.172500000000000 ) );
#2596 = CARTESIAN_POINT( '', ( -0.125833333333333, 0.199185842870423, 0.345000000000004 ) );
#2597 = CARTESIAN_POINT( '', ( -0.120000000000000, 0.000000000000000, 0.345000000000003 ) );
#2598 = CARTESIAN_POINT( '', ( -0.114166666666667, -0.199185842870421, 0.345000000000004 ) );
#2599 = CARTESIAN_POINT( '', ( -0.108333333333333, -0.298778764305634, 0.172500000000000 ) );
#2600 = CARTESIAN_POINT( '', ( -0.102500000000000, -0.398371685740846, 2.43932304906731E-017 ) );
#2601 = CARTESIAN_POINT( '', ( -0.0966666666666667, -0.298778764305634, -0.172500000000000 ) );
#2602 = CARTESIAN_POINT( '', ( -0.0908333333333335, -0.199185842870421, -0.345000000000004 ) );
#2603 = CARTESIAN_POINT( '', ( -0.0850000000000000, -4.22503145705841E-017, -0.345000000000003 ) );
#2604 = CARTESIAN_POINT( '', ( -0.0791666666666667, 0.199185842870421, -0.345000000000004 ) );
#2605 = CARTESIAN_POINT( '', ( -0.0733333333333333, 0.298778764305634, -0.172500000000002 ) );
#2606 = CARTESIAN_POINT( '', ( -0.0675000000000001, 0.398371685740846, -7.31796914720193E-017 ) );
#2607 = CARTESIAN_POINT( '', ( -0.0616666666666666, 0.298778764305634, 0.172500000000000 ) );
#2608 = CARTESIAN_POINT( '', ( -0.0558333333333335, 0.199185842870423, 0.345000000000004 ) );
#2609 = CARTESIAN_POINT( '', ( -0.0500000000000001, 0.000000000000000, 0.345000000000003 ) );
#2610 = CARTESIAN_POINT( '', ( -0.0441666666666667, -0.199185842870421, 0.345000000000004 ) );
#2611 = CARTESIAN_POINT( '', ( -0.0383333333333334, -0.298778764305634, 0.172500000000000 ) );
#2612 = CARTESIAN_POINT( '', ( -0.0325000000000001, -0.398371685740846, 2.43932304906731E-017 ) );
#2613 = CARTESIAN_POINT( '', ( -0.0266666666666667, -0.298778764305634, -0.172500000000000 ) );
#2614 = CARTESIAN_POINT( '', ( -0.0208333333333334, -0.199185842870421, -0.345000000000004 ) );
#2615 = CARTESIAN_POINT( '', ( -0.0150000000000000, -4.22503145705841E-017, -0.345000000000003 ) );
#2616 = CARTESIAN_POINT( '', ( -0.00916666666666677, 0.199185842870421, -0.345000000000004 ) );
#2617 = CARTESIAN_POINT( '', ( -0.00333333333333338, 0.298778764305634, -0.172500000000002 ) );
#2618 = CARTESIAN_POINT( '', ( 0.00250000000000001, 0.398371685740846, -7.31796914720193E-017 ) );
#2619 = CARTESIAN_POINT( '', ( 0.00833333333333328, 0.298778764305634, 0.172500000000000 ) );
#2620 = CARTESIAN_POINT( '', ( 0.0141666666666667, 0.199185842870423, 0.345000000000004 ) );
#2621 = CARTESIAN_POINT( '', ( 0.0199999999999999, 0.000000000000000, 0.345000000000003 ) );
#2622 = CARTESIAN_POINT( '', ( 0.0258333333333333, -0.199185842870421, 0.345000000000004 ) );
#2623 = CARTESIAN_POINT( '', ( 0.0316666666666666, -0.298778764305634, 0.172500000000000 ) );
#2624 = CARTESIAN_POINT( '', ( 0.0375000000000000, -0.398371685740846, 2.43932304906731E-017 ) );
#2625 = CARTESIAN_POINT( '', ( 0.0433333333333332, -0.298778764305634, -0.172500000000000 ) );
#2626 = CARTESIAN_POINT( '', ( 0.0491666666666667, -0.199185842870421, -0.345000000000004 ) );
#2627 = CARTESIAN_POINT( '', ( 0.0549999999999999, -4.22503145705841E-017, -0.345000000000003 ) );
#2628 = CARTESIAN_POINT( '', ( 0.0608333333333333, 0.199185842870421, -0.345000000000004 ) );
#2629 = CARTESIAN_POINT( '', ( 0.0666666666666666, 0.298778764305634, -0.172500000000002 ) );
#2630 = CARTESIAN_POINT( '', ( 0.0725000000000000, 0.398371685740846, -7.31796914720193E-017 ) );
#2631 = CARTESIAN_POINT( '', ( 0.0783333333333333, 0.298778764305634, 0.172500000000000 ) );
#2632 = CARTESIAN_POINT( '', ( 0.0841666666666666, 0.199185842870423, 0.345000000000004 ) );
#2633 = CARTESIAN_POINT( '', ( 0.0900000000000000, 0.000000000000000, 0.345000000000003 ) );
#2634 = CARTESIAN_POINT( '', ( 0.0958333333333332, -0.199185842870421, 0.345000000000004 ) );
#2635 = CARTESIAN_POINT( '', ( 0.101666666666667, -0.298778764305634, 0.172500000000000 ) );
#2636 = CARTESIAN_POINT( '', ( 0.107500000000000, -0.398371685740846, 2.43932304906731E-017 ) );
#2637 = CARTESIAN_POINT( '', ( 0.113333333333333, -0.298778764305634, -0.172500000000000 ) );
#2638 = CARTESIAN_POINT( '', ( 0.119166666666667, -0.199185842870421, -0.345000000000004 ) );
#2639 = CARTESIAN_POINT( '', ( 0.125000000000000, -4.22503145705841E-017, -0.345000000000003 ) );
#2640 = CARTESIAN_POINT( '', ( 0.130833333333333, 0.199185842870421, -0.345000000000004 ) );
#2641 = CARTESIAN_POINT( '', ( 0.136666666666667, 0.298778764305634, -0.172500000000002 ) );
#2642 = CARTESIAN_POINT( '', ( 0.142500000000000, 0.398371685740846, -7.31796914720193E-017 ) );
#2643 = CARTESIAN_POINT( '', ( 0.148333333333333, 0.298778764305634, 0.172500000000000 ) );
#2644 = CARTESIAN_POINT( '', ( 0.154166666666667, 0.199185842870423, 0.345000000000004 ) );
#2645 = CARTESIAN_POINT( '', ( 0.160000000000000, 0.000000000000000, 0.345000000000003 ) );
#2646 = CARTESIAN_POINT( '', ( 0.165833333333333, -0.199185842870421, 0.345000000000004 ) );
#2647 = CARTESIAN_POINT( '', ( 0.171666666666667, -0.298778764305634, 0.172500000000000 ) );
#2648 = CARTESIAN_POINT( '', ( 0.177500000000000, -0.398371685740846, 2.43932304906731E-017 ) );
#2649 = CARTESIAN_POINT( '', ( 0.183333333333333, -0.298778764305634, -0.172500000000000 ) );
#2650 = CARTESIAN_POINT( '', ( 0.189166666666667, -0.199185842870421, -0.345000000000004 ) );
#2651 = CARTESIAN_POINT( '', ( 0.195000000000000, -4.22503145705841E-017, -0.345000000000003 ) );
#2652 = CARTESIAN_POINT( '', ( 0.200833333333333, 0.199185842870421, -0.345000000000004 ) );
#2653 = CARTESIAN_POINT( '', ( 0.206666666666667, 0.298778764305634, -0.172500000000002 ) );
#2654 = CARTESIAN_POINT( '', ( 0.212500000000000, 0.398371685740846, -7.31796914720193E-017 ) );
#2655 = CARTESIAN_POINT( '', ( 0.218333333333333, 0.298778764305634, 0.172500000000000 ) );
#2656 = CARTESIAN_POINT( '', ( 0.224166666666667, 0.199185842870423, 0.345000000000004 ) );
#2657 = CARTESIAN_POINT( '', ( 0.230000000000000, 0.000000000000000, 0.345000000000003 ) );
#2658 = CARTESIAN_POINT( '', ( 0.235833333333333, -0.199185842870421, 0.345000000000004 ) );
#2659 = CARTESIAN_POINT( '', ( 0.241666666666666, -0.298778764305634, 0.172500000000000 ) );
#2660 = CARTESIAN_POINT( '', ( 0.247500000000000, -0.398371685740846, 2.43932304906731E-017 ) );
#2661 = CARTESIAN_POINT( '', ( 0.253333333333333, -0.298778764305634, -0.172500000000000 ) );
#2662 = CARTESIAN_POINT( '', ( 0.259166666666667, -0.199185842870421, -0.345000000000004 ) );
#2663 = CARTESIAN_POINT( '', ( 0.265000000000000, -4.22503145705841E-017, -0.345000000000003 ) );
#2664 = CARTESIAN_POINT( '', ( 0.270833333333333, 0.199185842870421, -0.345000000000004 ) );
#2665 = CARTESIAN_POINT( '', ( 0.276666666666666, 0.298778764305634, -0.172500000000002 ) );
#2666 = CARTESIAN_POINT( '', ( 0.282500000000000, 0.398371685740846, -7.31796914720193E-017 ) );
#2667 = CARTESIAN_POINT( '', ( 0.288333333333333, 0.298778764305634, 0.172500000000000 ) );
#2668 = CARTESIAN_POINT( '', ( 0.294166666666667, 0.199185842870423, 0.345000000000004 ) );
#2669 = CARTESIAN_POINT( '', ( 0.300000000000000, 0.000000000000000, 0.345000000000003 ) );
#2670 = CARTESIAN_POINT( '', ( 0.305833333333333, -0.199185842870421, 0.345000000000004 ) );
#2671 = CARTESIAN_POINT( '', ( 0.311666666666667, -0.298778764305634, 0.172500000000000 ) );
#2672 = CARTESIAN_POINT( '', ( 0.317500000000000, -0.398371685740846, 2.43932304906731E-017 ) );
#2673 = CARTESIAN_POINT( '', ( 0.323333333333333, -0.298778764305634, -0.172500000000000 ) );
#2674 = CARTESIAN_POINT( '', ( 0.329166666666667, -0.199185842870421, -0.345000000000004 ) );
#2675 = CARTESIAN_POINT( '', ( 0.335000000000000, -4.22503145705841E-017, -0.345000000000003 ) );
#2676 = CARTESIAN_POINT( '', ( 0.340833333333333, 0.199185842870421, -0.345000000000004 ) );
#2677 = CARTESIAN_POINT( '', ( 0.346666666666667, 0.298778764305634, -0.172500000000002 ) );
#2678 = CARTESIAN_POINT( '', ( 0.352500000000000, 0.398371685740846, -7.31796914720193E-017 ) );
#2679 = CARTESIAN_POINT( '', ( 0.358333333333333, 0.298778764305634, 0.172500000000000 ) );
#2680 = CARTESIAN_POINT( '', ( 0.364166666666667, 0.199185842870423, 0.345000000000004 ) );
#2681 = CARTESIAN_POINT( '', ( 0.370000000000000, 0.000000000000000, 0.345000000000003 ) );
#2682 = CARTESIAN_POINT( '', ( 0.375833333333333, -0.199185842870421, 0.345000000000004 ) );
#2683 = CARTESIAN_POINT( '', ( 0.381666666666666, -0.298778764305634, 0.172500000000000 ) );
#2684 = CARTESIAN_POINT( '', ( 0.387500000000000, -0.398371685740846, 2.43932304906731E-017 ) );
#2685 = CARTESIAN_POINT( '', ( 0.393333333333333, -0.298778764305634, -0.172500000000000 ) );
#2686 = CARTESIAN_POINT( '', ( 0.399166666666667, -0.199185842870421, -0.345000000000004 ) );
#2687 = CARTESIAN_POINT( '', ( 0.405000000000000, -4.22503145705841E-017, -0.345000000000003 ) );
#2688 = CARTESIAN_POINT( '', ( 0.410833333333333, 0.199185842870421, -0.345000000000004 ) );
#2689 = CARTESIAN_POINT( '', ( 0.416666666666667, 0.298778764305634, -0.172500000000002 ) );
#2690 = CARTESIAN_POINT( '', ( 0.422500000000000, 0.398371685740846, -7.31796914720193E-017 ) );
#2691 = CARTESIAN_POINT( '', ( 0.428333333333333, 0.298778764305634, 0.172500000000000 ) );
#2692 = CARTESIAN_POINT( '', ( 0.434166666666666, 0.199185842870423, 0.345000000000004 ) );
#2693 = CARTESIAN_POINT( '', ( 0.440000000000000, 0.000000000000000, 0.345000000000003 ) );
#2694 = CARTESIAN_POINT( '', ( 0.445833333333333, -0.199185842870421, 0.345000000000004 ) );
#2695 = CARTESIAN_POINT( '', ( 0.451666666666666, -0.298778764305634, 0.172500000000000 ) );
#2696 = CARTESIAN_POINT( '', ( 0.457500000000000, -0.398371685740846, 2.43932304906731E-017 ) );
#2697 = CARTESIAN_POINT( '', ( 0.463333333333333, -0.298778764305634, -0.172500000000000 ) );
#2698 = CARTESIAN_POINT( '', ( 0.469166666666667, -0.199185842870421, -0.345000000000004 ) );
#2699 = CARTESIAN_POINT( '', ( 0.475000000000000, -4.22503145705841E-017, -0.345000000000003 ) );
#2700 = CARTESIAN_POINT( '', ( 0.480833333333333, 0.199185842870421, -0.345000000000004 ) );
#2701 = CARTESIAN_POINT( '', ( 0.486666666666666, 0.298778764305634, -0.172500000000002 ) );
#2702 = CARTESIAN_POINT( '', ( 0.492500000000000, 0.398371685740846, -7.31796914720193E-017 ) );
#2703 = CARTESIAN_POINT( '', ( 0.498333333333333, 0.298778764305634, 0.172500000000000 ) );
#2704 = CARTESIAN_POINT( '', ( 0.504166666666667, 0.199185842870423, 0.345000000000004 ) );
#2705 = CARTESIAN_POINT( '', ( 0.510000000000000, 0.000000000000000, 0.345000000000003 ) );
#2706 = CARTESIAN_POINT( '', ( 0.515833333333333, -0.199185842870421, 0.345000000000004 ) );
#2707 = CARTESIAN_POINT( '', ( 0.521666666666667, -0.298778764305634, 0.172500000000000 ) );
#2708 = CARTESIAN_POINT( '', ( 0.527500000000001, -0.398371685740846, 2.43932304906731E-017 ) );
#2709 = CARTESIAN_POINT( '', ( 0.533333333333334, -0.298778764305634, -0.172500000000000 ) );
#2710 = CARTESIAN_POINT( '', ( 0.539166666666666, -0.199185842870421, -0.345000000000004 ) );
#2711 = CARTESIAN_POINT( '', ( 0.544999999999999, -4.22503145705841E-017, -0.345000000000003 ) );
#2712 = CARTESIAN_POINT( '', ( 0.550833333333333, 0.199185842870421, -0.345000000000004 ) );
#2713 = CARTESIAN_POINT( '', ( 0.556666666666666, 0.298778764305634, -0.172500000000002 ) );
#2714 = CARTESIAN_POINT( '', ( 0.562500000000001, 0.398371685740846, -7.31796914720193E-017 ) );
#2715 = CARTESIAN_POINT( '', ( 0.568333333333333, 0.298778764305634, 0.172500000000000 ) );
#2716 = CARTESIAN_POINT( '', ( 0.574166666666666, 0.199185842870423, 0.345000000000004 ) );
#2717 = CARTESIAN_POINT( '', ( 0.580000000000000, 0.000000000000000, 0.345000000000003 ) );
#2718 = CARTESIAN_POINT( '', ( 0.585833333333334, -0.199185842870421, 0.345000000000004 ) );
#2719 = CARTESIAN_POINT( '', ( 0.591666666666667, -0.298778764305634, 0.172500000000000 ) );
#2720 = CARTESIAN_POINT( '', ( 0.597499999999999, -0.398371685740846, 2.43932304906731E-017 ) );
#2721 = CARTESIAN_POINT( '', ( 0.603333333333333, -0.298778764305634, -0.172500000000000 ) );
#2722 = CARTESIAN_POINT( '', ( 0.609166666666666, -0.199185842870421, -0.345000000000004 ) );
#2723 = CARTESIAN_POINT( '', ( 0.615000000000000, -4.22503145705841E-017, -0.345000000000003 ) );
#2724 = CARTESIAN_POINT( '', ( 0.620833333333334, 0.199185842870421, -0.345000000000004 ) );
#2725 = CARTESIAN_POINT( '', ( 0.626666666666667, 0.298778764305634, -0.172500000000002 ) );
#2726 = CARTESIAN_POINT( '', ( 0.632499999999999, 0.398371685740846, -7.31796914720193E-017 ) );
#2727 = CARTESIAN_POINT( '', ( 0.638333333333334, 0.298778764305634, 0.172500000000000 ) );
#2728 = CARTESIAN_POINT( '', ( 0.644166666666667, 0.199185842870423, 0.345000000000004 ) );
#2729 = CARTESIAN_POINT( '', ( 0.649999999999999, 0.000000000000000, 0.345000000000003 ) );
#2730 = CARTESIAN_POINT( '', ( 0.655833333333334, -0.199185842870421, 0.345000000000004 ) );
#2731 = CARTESIAN_POINT( '', ( 0.661666666666666, -0.298778764305634, 0.172500000000000 ) );
#2732 = CARTESIAN_POINT( '', ( 0.667499999999999, -0.398371685740846, 2.43932304906731E-017 ) );
#2733 = CARTESIAN_POINT( '', ( 0.673333333333333, -0.298778764305634, -0.172500000000000 ) );
#2734 = CARTESIAN_POINT( '', ( 0.679166666666667, -0.199185842870421, -0.345000000000004 ) );
#2735 = CARTESIAN_POINT( '', ( 0.685000000000000, -4.22503145705841E-017, -0.345000000000003 ) );
#2736 = CARTESIAN_POINT( '', ( 0.690833333333334, 0.199185842870421, -0.345000000000004 ) );
#2737 = CARTESIAN_POINT( '', ( 0.696666666666667, 0.298778764305634, -0.172500000000002 ) );
#2738 = CARTESIAN_POINT( '', ( 0.702500000000000, 0.398371685740846, -7.31796914720193E-017 ) );
#2739 = CARTESIAN_POINT( '', ( 0.708333333333333, 0.298778764305634, 0.172500000000000 ) );
#2740 = CARTESIAN_POINT( '', ( 0.714166666666667, 0.199185842870423, 0.345000000000004 ) );
#2741 = CARTESIAN_POINT( '', ( 0.720000000000000, 0.000000000000000, 0.345000000000003 ) );
#2742 = CARTESIAN_POINT( '', ( 0.725833333333334, -0.199185842870421, 0.345000000000004 ) );
#2743 = CARTESIAN_POINT( '', ( 0.731666666666666, -0.298778764305634, 0.172500000000000 ) );
#2744 = CARTESIAN_POINT( '', ( 0.737500000000000, -0.398371685740846, 2.43932304906731E-017 ) );
#2745 = CARTESIAN_POINT( '', ( 0.743333333333334, -0.298778764305634, -0.172500000000000 ) );
#2746 = CARTESIAN_POINT( '', ( 0.749166666666667, -0.199185842870421, -0.345000000000004 ) );
#2747 = CARTESIAN_POINT( '', ( 0.755000000000001, -4.22503145705841E-017, -0.345000000000003 ) );
#2748 = CARTESIAN_POINT( '', ( 0.760833333333333, 0.199185842870421, -0.345000000000004 ) );
#2749 = CARTESIAN_POINT( '', ( 0.766666666666666, 0.298778764305634, -0.172500000000002 ) );
#2750 = CARTESIAN_POINT( '', ( 0.772500000000000, 0.398371685740846, -7.31796914720193E-017 ) );
#2751 = CARTESIAN_POINT( '', ( 0.778333333333333, 0.298778764305634, 0.172500000000000 ) );
#2752 = CARTESIAN_POINT( '', ( 0.784166666666667, 0.199185842870423, 0.345000000000004 ) );
#2753 = CARTESIAN_POINT( '', ( 0.790000000000000, 0.000000000000000, 0.345000000000003 ) );
#2754 = CARTESIAN_POINT( '', ( -0.700000000000000, 0.000000000000000, 0.345000000000003 ) );
#2755 = CARTESIAN_POINT( '', ( -0.694166666666666, -0.199185842870421, 0.345000000000004 ) );
#2756 = CARTESIAN_POINT( '', ( -0.688333333333333, -0.298778764305634, 0.172500000000000 ) );
#2757 = CARTESIAN_POINT( '', ( -0.682500000000000, -0.398371685740846, 2.43932304906731E-017 ) );
#2758 = CARTESIAN_POINT( '', ( -0.676666666666666, -0.298778764305634, -0.172500000000000 ) );
#2759 = CARTESIAN_POINT( '', ( -0.670833333333333, -0.199185842870421, -0.345000000000004 ) );
#2760 = CARTESIAN_POINT( '', ( -0.664999999999999, -4.22503145705841E-017, -0.345000000000003 ) );
#2761 = CARTESIAN_POINT( '', ( -0.659166666666666, 0.199185842870421, -0.345000000000004 ) );
#2762 = CARTESIAN_POINT( '', ( -0.653333333333334, 0.298778764305634, -0.172500000000002 ) );
#2763 = CARTESIAN_POINT( '', ( -0.647500000000000, 0.398371685740846, -7.31796914720193E-017 ) );
#2764 = CARTESIAN_POINT( '', ( -0.641666666666667, 0.298778764305634, 0.172500000000000 ) );
#2765 = CARTESIAN_POINT( '', ( -0.635833333333333, 0.199185842870423, 0.345000000000004 ) );
#2766 = CARTESIAN_POINT( '', ( -0.630000000000000, 0.000000000000000, 0.345000000000003 ) );
#2767 = CARTESIAN_POINT( '', ( -0.624166666666667, -0.199185842870421, 0.345000000000004 ) );
#2768 = CARTESIAN_POINT( '', ( -0.618333333333333, -0.298778764305634, 0.172500000000000 ) );
#2769 = CARTESIAN_POINT( '', ( -0.612500000000000, -0.398371685740846, 2.43932304906731E-017 ) );
#2770 = CARTESIAN_POINT( '', ( -0.606666666666667, -0.298778764305634, -0.172500000000000 ) );
#2771 = CARTESIAN_POINT( '', ( -0.600833333333333, -0.199185842870421, -0.345000000000004 ) );
#2772 = CARTESIAN_POINT( '', ( -0.595000000000000, -4.22503145705841E-017, -0.345000000000003 ) );
#2773 = CARTESIAN_POINT( '', ( -0.589166666666667, 0.199185842870421, -0.345000000000004 ) );
#2774 = CARTESIAN_POINT( '', ( -0.583333333333333, 0.298778764305634, -0.172500000000002 ) );
#2775 = CARTESIAN_POINT( '', ( -0.577500000000000, 0.398371685740846, -7.31796914720193E-017 ) );
#2776 = CARTESIAN_POINT( '', ( -0.571666666666666, 0.298778764305634, 0.172500000000000 ) );
#2777 = CARTESIAN_POINT( '', ( -0.565833333333333, 0.199185842870423, 0.345000000000004 ) );
#2778 = CARTESIAN_POINT( '', ( -0.559999999999999, 0.000000000000000, 0.345000000000003 ) );
#2779 = CARTESIAN_POINT( '', ( -0.554166666666667, -0.199185842870421, 0.345000000000004 ) );
#2780 = CARTESIAN_POINT( '', ( -0.548333333333334, -0.298778764305634, 0.172500000000000 ) );
#2781 = CARTESIAN_POINT( '', ( -0.542500000000000, -0.398371685740846, 2.43932304906731E-017 ) );
#2782 = CARTESIAN_POINT( '', ( -0.536666666666667, -0.298778764305634, -0.172500000000000 ) );
#2783 = CARTESIAN_POINT( '', ( -0.530833333333332, -0.199185842870421, -0.345000000000004 ) );
#2784 = CARTESIAN_POINT( '', ( -0.525000000000000, -4.22503145705841E-017, -0.345000000000003 ) );
#2785 = CARTESIAN_POINT( '', ( -0.519166666666667, 0.199185842870421, -0.345000000000004 ) );
#2786 = CARTESIAN_POINT( '', ( -0.513333333333333, 0.298778764305634, -0.172500000000002 ) );
#2787 = CARTESIAN_POINT( '', ( -0.507500000000000, 0.398371685740846, -7.31796914720193E-017 ) );
#2788 = CARTESIAN_POINT( '', ( -0.501666666666667, 0.298778764305634, 0.172500000000000 ) );
#2789 = CARTESIAN_POINT( '', ( -0.495833333333333, 0.199185842870423, 0.345000000000004 ) );
#2790 = CARTESIAN_POINT( '', ( -0.490000000000000, 0.000000000000000, 0.345000000000003 ) );
#2791 = CARTESIAN_POINT( '', ( -0.484166666666667, -0.199185842870421, 0.345000000000004 ) );
#2792 = CARTESIAN_POINT( '', ( -0.478333333333333, -0.298778764305634, 0.172500000000000 ) );
#2793 = CARTESIAN_POINT( '', ( -0.472500000000000, -0.398371685740846, 2.43932304906731E-017 ) );
#2794 = CARTESIAN_POINT( '', ( -0.466666666666666, -0.298778764305634, -0.172500000000000 ) );
#2795 = CARTESIAN_POINT( '', ( -0.460833333333333, -0.199185842870421, -0.345000000000004 ) );
#2796 = CARTESIAN_POINT( '', ( -0.454999999999999, -4.22503145705841E-017, -0.345000000000003 ) );
#2797 = CARTESIAN_POINT( '', ( -0.449166666666666, 0.199185842870421, -0.345000000000004 ) );
#2798 = CARTESIAN_POINT( '', ( -0.443333333333333, 0.298778764305634, -0.172500000000002 ) );
#2799 = CARTESIAN_POINT( '', ( -0.437500000000000, 0.398371685740846, -7.31796914720193E-017 ) );
#2800 = CARTESIAN_POINT( '', ( -0.431666666666667, 0.298778764305634, 0.172500000000000 ) );
#2801 = CARTESIAN_POINT( '', ( -0.425833333333334, 0.199185842870423, 0.345000000000004 ) );
#2802 = CARTESIAN_POINT( '', ( -0.420000000000000, 0.000000000000000, 0.345000000000003 ) );
#2803 = CARTESIAN_POINT( '', ( -0.414166666666667, -0.199185842870421, 0.345000000000004 ) );
#2804 = CARTESIAN_POINT( '', ( -0.408333333333333, -0.298778764305634, 0.172500000000000 ) );
#2805 = CARTESIAN_POINT( '', ( -0.402500000000000, -0.398371685740846, 2.43932304906731E-017 ) );
#2806 = CARTESIAN_POINT( '', ( -0.396666666666666, -0.298778764305634, -0.172500000000000 ) );
#2807 = CARTESIAN_POINT( '', ( -0.390833333333333, -0.199185842870421, -0.345000000000004 ) );
#2808 = CARTESIAN_POINT( '', ( -0.385000000000000, -4.22503145705841E-017, -0.345000000000003 ) );
#2809 = CARTESIAN_POINT( '', ( -0.379166666666667, 0.199185842870421, -0.345000000000004 ) );
#2810 = CARTESIAN_POINT( '', ( -0.373333333333333, 0.298778764305634, -0.172500000000002 ) );
#2811 = CARTESIAN_POINT( '', ( -0.367500000000000, 0.398371685740846, -7.31796914720193E-017 ) );
#2812 = CARTESIAN_POINT( '', ( -0.361666666666667, 0.298778764305634, 0.172500000000000 ) );
#2813 = CARTESIAN_POINT( '', ( -0.355833333333334, 0.199185842870423, 0.345000000000004 ) );
#2814 = CARTESIAN_POINT( '', ( -0.350000000000000, 0.000000000000000, 0.345000000000003 ) );
#2815 = CARTESIAN_POINT( '', ( -0.344166666666667, -0.199185842870421, 0.345000000000004 ) );
#2816 = CARTESIAN_POINT( '', ( -0.338333333333333, -0.298778764305634, 0.172500000000000 ) );
#2817 = CARTESIAN_POINT( '', ( -0.332500000000000, -0.398371685740846, 2.43932304906731E-017 ) );
#2818 = CARTESIAN_POINT( '', ( -0.326666666666667, -0.298778764305634, -0.172500000000000 ) );
#2819 = CARTESIAN_POINT( '', ( -0.320833333333333, -0.199185842870421, -0.345000000000004 ) );
#2820 = CARTESIAN_POINT( '', ( -0.315000000000000, -4.22503145705841E-017, -0.345000000000003 ) );
#2821 = CARTESIAN_POINT( '', ( -0.309166666666667, 0.199185842870421, -0.345000000000004 ) );
#2822 = CARTESIAN_POINT( '', ( -0.303333333333333, 0.298778764305634, -0.172500000000002 ) );
#2823 = CARTESIAN_POINT( '', ( -0.297500000000000, 0.398371685740846, -7.31796914720193E-017 ) );
#2824 = CARTESIAN_POINT( '', ( -0.291666666666667, 0.298778764305634, 0.172500000000000 ) );
#2825 = CARTESIAN_POINT( '', ( -0.285833333333333, 0.199185842870423, 0.345000000000004 ) );
#2826 = CARTESIAN_POINT( '', ( -0.280000000000000, 0.000000000000000, 0.345000000000003 ) );
#2827 = CARTESIAN_POINT( '', ( -0.274166666666667, -0.199185842870421, 0.345000000000004 ) );
#2828 = CARTESIAN_POINT( '', ( -0.268333333333333, -0.298778764305634, 0.172500000000000 ) );
#2829 = CARTESIAN_POINT( '', ( -0.262500000000000, -0.398371685740846, 2.43932304906731E-017 ) );
#2830 = CARTESIAN_POINT( '', ( -0.256666666666667, -0.298778764305634, -0.172500000000000 ) );
#2831 = CARTESIAN_POINT( '', ( -0.250833333333333, -0.199185842870421, -0.345000000000004 ) );
#2832 = CARTESIAN_POINT( '', ( -0.245000000000000, -4.22503145705841E-017, -0.345000000000003 ) );
#2833 = CARTESIAN_POINT( '', ( -0.239166666666667, 0.199185842870421, -0.345000000000004 ) );
#2834 = CARTESIAN_POINT( '', ( -0.233333333333333, 0.298778764305634, -0.172500000000002 ) );
#2835 = CARTESIAN_POINT( '', ( -0.227500000000000, 0.398371685740846, -7.31796914720193E-017 ) );
#2836 = CARTESIAN_POINT( '', ( -0.221666666666667, 0.298778764305634, 0.172500000000000 ) );
#2837 = CARTESIAN_POINT( '', ( -0.215833333333333, 0.199185842870423, 0.345000000000004 ) );
#2838 = CARTESIAN_POINT( '', ( -0.210000000000000, 0.000000000000000, 0.345000000000003 ) );
#2839 = CARTESIAN_POINT( '', ( -0.204166666666667, -0.199185842870421, 0.345000000000004 ) );
#2840 = CARTESIAN_POINT( '', ( -0.198333333333333, -0.298778764305634, 0.172500000000000 ) );
#2841 = CARTESIAN_POINT( '', ( -0.192500000000000, -0.398371685740846, 2.43932304906731E-017 ) );
#2842 = CARTESIAN_POINT( '', ( -0.186666666666667, -0.298778764305634, -0.172500000000000 ) );
#2843 = CARTESIAN_POINT( '', ( -0.180833333333333, -0.199185842870421, -0.345000000000004 ) );
#2844 = CARTESIAN_POINT( '', ( -0.175000000000000, -4.22503145705841E-017, -0.345000000000003 ) );
#2845 = CARTESIAN_POINT( '', ( -0.169166666666667, 0.199185842870421, -0.345000000000004 ) );
#2846 = CARTESIAN_POINT( '', ( -0.163333333333333, 0.298778764305634, -0.172500000000002 ) );
#2847 = CARTESIAN_POINT( '', ( -0.157500000000000, 0.398371685740846, -7.31796914720193E-017 ) );
#2848 = CARTESIAN_POINT( '', ( -0.151666666666667, 0.298778764305634, 0.172500000000000 ) );
#2849 = CARTESIAN_POINT( '', ( -0.145833333333333, 0.199185842870423, 0.345000000000004 ) );
#2850 = CARTESIAN_POINT( '', ( -0.140000000000000, 0.000000000000000, 0.345000000000003 ) );
#2851 = CARTESIAN_POINT( '', ( -0.134166666666667, -0.199185842870421, 0.345000000000004 ) );
#2852 = CARTESIAN_POINT( '', ( -0.128333333333333, -0.298778764305634, 0.172500000000000 ) );
#2853 = CARTESIAN_POINT( '', ( -0.122500000000000, -0.398371685740846, 2.43932304906731E-017 ) );
#2854 = CARTESIAN_POINT( '', ( -0.116666666666667, -0.298778764305634, -0.172500000000000 ) );
#2855 = CARTESIAN_POINT( '', ( -0.110833333333333, -0.199185842870421, -0.345000000000004 ) );
#2856 = CARTESIAN_POINT( '', ( -0.105000000000000, -4.22503145705841E-017, -0.345000000000003 ) );
#2857 = CARTESIAN_POINT( '', ( -0.0991666666666667, 0.199185842870421, -0.345000000000004 ) );
#2858 = CARTESIAN_POINT( '', ( -0.0933333333333334, 0.298778764305634, -0.172500000000002 ) );
#2859 = CARTESIAN_POINT( '', ( -0.0875000000000001, 0.398371685740846, -7.31796914720193E-017 ) );
#2860 = CARTESIAN_POINT( '', ( -0.0816666666666667, 0.298778764305634, 0.172500000000000 ) );
#2861 = CARTESIAN_POINT( '', ( -0.0758333333333333, 0.199185842870423, 0.345000000000004 ) );
#2862 = CARTESIAN_POINT( '', ( -0.0700000000000000, 0.000000000000000, 0.345000000000003 ) );
#2863 = CARTESIAN_POINT( '', ( -0.0641666666666667, -0.199185842870421, 0.345000000000004 ) );
#2864 = CARTESIAN_POINT( '', ( -0.0583333333333333, -0.298778764305634, 0.172500000000000 ) );
#2865 = CARTESIAN_POINT( '', ( -0.0525000000000001, -0.398371685740846, 2.43932304906731E-017 ) );
#2866 = CARTESIAN_POINT( '', ( -0.0466666666666666, -0.298778764305634, -0.172500000000000 ) );
#2867 = CARTESIAN_POINT( '', ( -0.0408333333333333, -0.199185842870421, -0.345000000000004 ) );
#2868 = CARTESIAN_POINT( '', ( -0.0350000000000000, -4.22503145705841E-017, -0.345000000000003 ) );
#2869 = CARTESIAN_POINT( '', ( -0.0291666666666667, 0.199185842870421, -0.345000000000004 ) );
#2870 = CARTESIAN_POINT( '', ( -0.0233333333333333, 0.298778764305634, -0.172500000000002 ) );
#2871 = CARTESIAN_POINT( '', ( -0.0175000000000000, 0.398371685740846, -7.31796914720193E-017 ) );
#2872 = CARTESIAN_POINT( '', ( -0.0116666666666667, 0.298778764305634, 0.172500000000000 ) );
#2873 = CARTESIAN_POINT( '', ( -0.00583333333333339, 0.199185842870423, 0.345000000000004 ) );
#2874 = CARTESIAN_POINT( '', ( 0.000000000000000, 0.000000000000000, 0.345000000000003 ) );
#2875 = CARTESIAN_POINT( '', ( 0.00583333333333327, -0.199185842870421, 0.345000000000004 ) );
#2876 = CARTESIAN_POINT( '', ( 0.0116666666666667, -0.298778764305634, 0.172500000000000 ) );
#2877 = CARTESIAN_POINT( '', ( 0.0174999999999999, -0.398371685740846, 2.43932304906731E-017 ) );
#2878 = CARTESIAN_POINT( '', ( 0.0233333333333333, -0.298778764305634, -0.172500000000000 ) );
#2879 = CARTESIAN_POINT( '', ( 0.0291666666666666, -0.199185842870421, -0.345000000000004 ) );
#2880 = CARTESIAN_POINT( '', ( 0.0350000000000000, -4.22503145705841E-017, -0.345000000000003 ) );
#2881 = CARTESIAN_POINT( '', ( 0.0408333333333333, 0.199185842870421, -0.345000000000004 ) );
#2882 = CARTESIAN_POINT( '', ( 0.0466666666666666, 0.298778764305634, -0.172500000000002 ) );
#2883 = CARTESIAN_POINT( '', ( 0.0525000000000001, 0.398371685740846, -7.31796914720193E-017 ) );
#2884 = CARTESIAN_POINT( '', ( 0.0583333333333333, 0.298778764305634, 0.172500000000000 ) );
#2885 = CARTESIAN_POINT( '', ( 0.0641666666666667, 0.199185842870423, 0.345000000000004 ) );
#2886 = CARTESIAN_POINT( '', ( 0.0700000000000000, 0.000000000000000, 0.345000000000003 ) );
#2887 = CARTESIAN_POINT( '', ( 0.0758333333333333, -0.199185842870421, 0.345000000000004 ) );
#2888 = CARTESIAN_POINT( '', ( 0.0816666666666666, -0.298778764305634, 0.172500000000000 ) );
#2889 = CARTESIAN_POINT( '', ( 0.0875000000000001, -0.398371685740846, 2.43932304906731E-017 ) );
#2890 = CARTESIAN_POINT( '', ( 0.0933333333333333, -0.298778764305634, -0.172500000000000 ) );
#2891 = CARTESIAN_POINT( '', ( 0.0991666666666667, -0.199185842870421, -0.345000000000004 ) );
#2892 = CARTESIAN_POINT( '', ( 0.105000000000000, -4.22503145705841E-017, -0.345000000000003 ) );
#2893 = CARTESIAN_POINT( '', ( 0.110833333333333, 0.199185842870421, -0.345000000000004 ) );
#2894 = CARTESIAN_POINT( '', ( 0.116666666666667, 0.298778764305634, -0.172500000000002 ) );
#2895 = CARTESIAN_POINT( '', ( 0.122500000000000, 0.398371685740846, -7.31796914720193E-017 ) );
#2896 = CARTESIAN_POINT( '', ( 0.128333333333333, 0.298778764305634, 0.172500000000000 ) );
#2897 = CARTESIAN_POINT( '', ( 0.134166666666667, 0.199185842870423, 0.345000000000004 ) );
#2898 = CARTESIAN_POINT( '', ( 0.140000000000000, 0.000000000000000, 0.345000000000003 ) );
#2899 = CARTESIAN_POINT( '', ( 0.145833333333333, -0.199185842870421, 0.345000000000004 ) );
#2900 = CARTESIAN_POINT( '', ( 0.151666666666667, -0.298778764305634, 0.172500000000000 ) );
#2901 = CARTESIAN_POINT( '', ( 0.157500000000000, -0.398371685740846, 2.43932304906731E-017 ) );
#2902 = CARTESIAN_POINT( '', ( 0.163333333333333, -0.298778764305634, -0.172500000000000 ) );
#2903 = CARTESIAN_POINT( '', ( 0.169166666666667, -0.199185842870421, -0.345000000000004 ) );
#2904 = CARTESIAN_POINT( '', ( 0.175000000000000, -4.22503145705841E-017, -0.345000000000003 ) );
#2905 = CARTESIAN_POINT( '', ( 0.180833333333333, 0.199185842870421, -0.345000000000004 ) );
#2906 = CARTESIAN_POINT( '', ( 0.186666666666667, 0.298778764305634, -0.172500000000002 ) );
#2907 = CARTESIAN_POINT( '', ( 0.192500000000000, 0.398371685740846, -7.31796914720193E-017 ) );
#2908 = CARTESIAN_POINT( '', ( 0.198333333333333, 0.298778764305634, 0.172500000000000 ) );
#2909 = CARTESIAN_POINT( '', ( 0.204166666666667, 0.199185842870423, 0.345000000000004 ) );
#2910 = CARTESIAN_POINT( '', ( 0.210000000000000, 0.000000000000000, 0.345000000000003 ) );
#2911 = CARTESIAN_POINT( '', ( 0.215833333333333, -0.199185842870421, 0.345000000000004 ) );
#2912 = CARTESIAN_POINT( '', ( 0.221666666666667, -0.298778764305634, 0.172500000000000 ) );
#2913 = CARTESIAN_POINT( '', ( 0.227500000000000, -0.398371685740846, 2.43932304906731E-017 ) );
#2914 = CARTESIAN_POINT( '', ( 0.233333333333333, -0.298778764305634, -0.172500000000000 ) );
#2915 = CARTESIAN_POINT( '', ( 0.239166666666667, -0.199185842870421, -0.345000000000004 ) );
#2916 = CARTESIAN_POINT( '', ( 0.245000000000000, -4.22503145705841E-017, -0.345000000000003 ) );
#2917 = CARTESIAN_POINT( '', ( 0.250833333333333, 0.199185842870421, -0.345000000000004 ) );
#2918 = CARTESIAN_POINT( '', ( 0.256666666666667, 0.298778764305634, -0.172500000000002 ) );
#2919 = CARTESIAN_POINT( '', ( 0.262500000000000, 0.398371685740846, -7.31796914720193E-017 ) );
#2920 = CARTESIAN_POINT( '', ( 0.268333333333333, 0.298778764305634, 0.172500000000000 ) );
#2921 = CARTESIAN_POINT( '', ( 0.274166666666667, 0.199185842870423, 0.345000000000004 ) );
#2922 = CARTESIAN_POINT( '', ( 0.280000000000000, 0.000000000000000, 0.345000000000003 ) );
#2923 = CARTESIAN_POINT( '', ( 0.285833333333333, -0.199185842870421, 0.345000000000004 ) );
#2924 = CARTESIAN_POINT( '', ( 0.291666666666666, -0.298778764305634, 0.172500000000000 ) );
#2925 = CARTESIAN_POINT( '', ( 0.297500000000000, -0.398371685740846, 2.43932304906731E-017 ) );
#2926 = CARTESIAN_POINT( '', ( 0.303333333333333, -0.298778764305634, -0.172500000000000 ) );
#2927 = CARTESIAN_POINT( '', ( 0.309166666666666, -0.199185842870421, -0.345000000000004 ) );
#2928 = CARTESIAN_POINT( '', ( 0.315000000000000, -4.22503145705841E-017, -0.345000000000003 ) );
#2929 = CARTESIAN_POINT( '', ( 0.320833333333333, 0.199185842870421, -0.345000000000004 ) );
#2930 = CARTESIAN_POINT( '', ( 0.326666666666667, 0.298778764305634, -0.172500000000002 ) );
#2931 = CARTESIAN_POINT( '', ( 0.332500000000000, 0.398371685740846, -7.31796914720193E-017 ) );
#2932 = CARTESIAN_POINT( '', ( 0.338333333333333, 0.298778764305634, 0.172500000000000 ) );
#2933 = CARTESIAN_POINT( '', ( 0.344166666666667, 0.199185842870423, 0.345000000000004 ) );
#2934 = CARTESIAN_POINT( '', ( 0.350000000000000, 0.000000000000000, 0.345000000000003 ) );
#2935 = CARTESIAN_POINT( '', ( 0.355833333333334, -0.199185842870421, 0.345000000000004 ) );
#2936 = CARTESIAN_POINT( '', ( 0.361666666666667, -0.298778764305634, 0.172500000000000 ) );
#2937 = CARTESIAN_POINT( '', ( 0.367500000000000, -0.398371685740846, 2.43932304906731E-017 ) );
#2938 = CARTESIAN_POINT( '', ( 0.373333333333333, -0.298778764305634, -0.172500000000000 ) );
#2939 = CARTESIAN_POINT( '', ( 0.379166666666667, -0.199185842870421, -0.345000000000004 ) );
#2940 = CARTESIAN_POINT( '', ( 0.384999999999999, -4.22503145705841E-017, -0.345000000000003 ) );
#2941 = CARTESIAN_POINT( '', ( 0.390833333333333, 0.199185842870421, -0.345000000000004 ) );
#2942 = CARTESIAN_POINT( '', ( 0.396666666666666, 0.298778764305634, -0.172500000000002 ) );
#2943 = CARTESIAN_POINT( '', ( 0.402500000000000, 0.398371685740846, -7.31796914720193E-017 ) );
#2944 = CARTESIAN_POINT( '', ( 0.408333333333333, 0.298778764305634, 0.172500000000000 ) );
#2945 = CARTESIAN_POINT( '', ( 0.414166666666667, 0.199185842870423, 0.345000000000004 ) );
#2946 = CARTESIAN_POINT( '', ( 0.420000000000000, 0.000000000000000, 0.345000000000003 ) );
#2947 = CARTESIAN_POINT( '', ( 0.425833333333334, -0.199185842870421, 0.345000000000004 ) );
#2948 = CARTESIAN_POINT( '', ( 0.431666666666667, -0.298778764305634, 0.172500000000000 ) );
#2949 = CARTESIAN_POINT( '', ( 0.437500000000000, -0.398371685740846, 2.43932304906731E-017 ) );
#2950 = CARTESIAN_POINT( '', ( 0.443333333333333, -0.298778764305634, -0.172500000000000 ) );
#2951 = CARTESIAN_POINT( '', ( 0.449166666666666, -0.199185842870421, -0.345000000000004 ) );
#2952 = CARTESIAN_POINT( '', ( 0.454999999999999, -4.22503145705841E-017, -0.345000000000003 ) );
#2953 = CARTESIAN_POINT( '', ( 0.460833333333333, 0.199185842870421, -0.345000000000004 ) );
#2954 = CARTESIAN_POINT( '', ( 0.466666666666666, 0.298778764305634, -0.172500000000002 ) );
#2955 = CARTESIAN_POINT( '', ( 0.472500000000000, 0.398371685740846, -7.31796914720193E-017 ) );
#2956 = CARTESIAN_POINT( '', ( 0.478333333333333, 0.298778764305634, 0.172500000000000 ) );
#2957 = CARTESIAN_POINT( '', ( 0.484166666666667, 0.199185842870423, 0.345000000000004 ) );
#2958 = CARTESIAN_POINT( '', ( 0.490000000000000, 0.000000000000000, 0.345000000000003 ) );
#2959 = CARTESIAN_POINT( '', ( 0.495833333333333, -0.199185842870421, 0.345000000000004 ) );
#2960 = CARTESIAN_POINT( '', ( 0.501666666666667, -0.298778764305634, 0.172500000000000 ) );
#2961 = CARTESIAN_POINT( '', ( 0.507500000000000, -0.398371685740846, 2.43932304906731E-017 ) );
#2962 = CARTESIAN_POINT( '', ( 0.513333333333333, -0.298778764305634, -0.172500000000000 ) );
#2963 = CARTESIAN_POINT( '', ( 0.519166666666667, -0.199185842870421, -0.345000000000004 ) );
#2964 = CARTESIAN_POINT( '', ( 0.525000000000000, -4.22503145705841E-017, -0.345000000000003 ) );
#2965 = CARTESIAN_POINT( '', ( 0.530833333333332, 0.199185842870421, -0.345000000000004 ) );
#2966 = CARTESIAN_POINT( '', ( 0.536666666666667, 0.298778764305634, -0.172500000000002 ) );
#2967 = CARTESIAN_POINT( '', ( 0.542500000000000, 0.398371685740846, -7.31796914720193E-017 ) );
#2968 = CARTESIAN_POINT( '', ( 0.548333333333334, 0.298778764305634, 0.172500000000000 ) );
#2969 = CARTESIAN_POINT( '', ( 0.554166666666667, 0.199185842870423, 0.345000000000004 ) );
#2970 = CARTESIAN_POINT( '', ( 0.559999999999999, 0.000000000000000, 0.345000000000003 ) );
#2971 = CARTESIAN_POINT( '', ( 0.565833333333333, -0.199185842870421, 0.345000000000004 ) );
#2972 = CARTESIAN_POINT( '', ( 0.571666666666666, -0.298778764305634, 0.172500000000000 ) );
#2973 = CARTESIAN_POINT( '', ( 0.577500000000000, -0.398371685740846, 2.43932304906731E-017 ) );
#2974 = CARTESIAN_POINT( '', ( 0.583333333333333, -0.298778764305634, -0.172500000000000 ) );
#2975 = CARTESIAN_POINT( '', ( 0.589166666666667, -0.199185842870421, -0.345000000000004 ) );
#2976 = CARTESIAN_POINT( '', ( 0.595000000000000, -4.22503145705841E-017, -0.345000000000003 ) );
#2977 = CARTESIAN_POINT( '', ( 0.600833333333333, 0.199185842870421, -0.345000000000004 ) );
#2978 = CARTESIAN_POINT( '', ( 0.606666666666667, 0.298778764305634, -0.172500000000002 ) );
#2979 = CARTESIAN_POINT( '', ( 0.612500000000000, 0.398371685740846, -7.31796914720193E-017 ) );
#2980 = CARTESIAN_POINT( '', ( 0.618333333333333, 0.298778764305634, 0.172500000000000 ) );
#2981 = CARTESIAN_POINT( '', ( 0.624166666666667, 0.199185842870423, 0.345000000000004 ) );
#2982 = CARTESIAN_POINT( '', ( 0.630000000000000, 0.000000000000000, 0.345000000000003 ) );
#2983 = CARTESIAN_POINT( '', ( 0.635833333333333, -0.199185842870421, 0.345000000000004 ) );
#2984 = CARTESIAN_POINT( '', ( 0.641666666666667, -0.298778764305634, 0.172500000000000 ) );
#2985 = CARTESIAN_POINT( '', ( 0.647500000000000, -0.398371685740846, 2.43932304906731E-017 ) );
#2986 = CARTESIAN_POINT( '', ( 0.653333333333334, -0.298778764305634, -0.172500000000000 ) );
#2987 = CARTESIAN_POINT( '', ( 0.659166666666666, -0.199185842870421, -0.345000000000004 ) );
#2988 = CARTESIAN_POINT( '', ( 0.664999999999999, -4.22503145705841E-017, -0.345000000000003 ) );
#2989 = CARTESIAN_POINT( '', ( 0.670833333333333, 0.199185842870421, -0.345000000000004 ) );
#2990 = CARTESIAN_POINT( '', ( 0.676666666666666, 0.298778764305634, -0.172500000000002 ) );
#2991 = CARTESIAN_POINT( '', ( 0.682500000000000, 0.398371685740846, -7.31796914720193E-017 ) );
#2992 = CARTESIAN_POINT( '', ( 0.688333333333333, 0.298778764305634, 0.172500000000000 ) );
#2993 = CARTESIAN_POINT( '', ( 0.694166666666666, 0.199185842870423, 0.345000000000004 ) );
#2994 = CARTESIAN_POINT( '', ( 0.700000000000000, 0.000000000000000, 0.345000000000003 ) );
#2995 = CARTESIAN_POINT( '', ( 0.705833333333333, -0.199185842870421, 0.345000000000004 ) );
#2996 = CARTESIAN_POINT( '', ( 0.711666666666667, -0.298778764305634, 0.172500000000000 ) );
#2997 = CARTESIAN_POINT( '', ( 0.717500000000001, -0.398371685740846, 2.43932304906731E-017 ) );
#2998 = CARTESIAN_POINT( '', ( 0.723333333333333, -0.298778764305634, -0.172500000000000 ) );
#2999 = CARTESIAN_POINT( '', ( 0.729166666666666, -0.199185842870421, -0.345000000000004 ) );
#3000 = CARTESIAN_POINT( '', ( 0.735000000000000, -4.22503145705841E-017, -0.345000000000003 ) );
#3001 = CARTESIAN_POINT( '', ( 0.740833333333333, 0.199185842870421, -0.345000000000004 ) );
#3002 = CARTESIAN_POINT( '', ( 0.746666666666666, 0.298778764305634, -0.172500000000002 ) );
#3003 = CARTESIAN_POINT( '', ( 0.752500000000001, 0.398371685740846, -7.31796914720193E-017 ) );
#3004 = CARTESIAN_POINT( '', ( 0.758333333333334, 0.298778764305634, 0.172500000000000 ) );
#3005 = CARTESIAN_POINT( '', ( 0.764166666666666, 0.199185842870423, 0.345000000000004 ) );
#3006 = CARTESIAN_POINT( '', ( 0.769999999999999, 0.000000000000000, 0.345000000000003 ) );
#3007 = CARTESIAN_POINT( '', ( 0.775833333333334, -0.199185842870421, 0.345000000000004 ) );
#3008 = CARTESIAN_POINT( '', ( 0.781666666666666, -0.298778764305634, 0.172500000000000 ) );
#3009 = CARTESIAN_POINT( '', ( 0.787499999999999, -0.398371685740846, 2.43932304906731E-017 ) );
#3010 = CARTESIAN_POINT( '', ( 0.793333333333333, -0.298778764305634, -0.172500000000000 ) );
#3011 = CARTESIAN_POINT( '', ( 0.799166666666666, -0.199185842870421, -0.345000000000004 ) );
#3012 = CARTESIAN_POINT( '', ( 0.805000000000000, -4.22503145705841E-017, -0.345000000000003 ) );
#3013 = CARTESIAN_POINT( '', ( 0.810833333333334, 0.199185842870421, -0.345000000000004 ) );
#3014 = CARTESIAN_POINT( '', ( 0.816666666666667, 0.298778764305634, -0.172500000000002 ) );
#3015 = CARTESIAN_POINT( '', ( 0.822499999999999, 0.398371685740846, -7.31796914720193E-017 ) );
#3016 = CARTESIAN_POINT( '', ( 0.828333333333332, 0.298778764305634, 0.172500000000000 ) );
#3017 = CARTESIAN_POINT( '', ( 0.834166666666667, 0.199185842870423, 0.345000000000004 ) );
#3018 = CARTESIAN_POINT( '', ( 0.839999999999999, 0.000000000000000, 0.345000000000003 ) );
#3019 = CARTESIAN_POINT( '', ( -0.700000000000000, 0.000000000000000, 0.295000000000004 ) );
#3020 = CARTESIAN_POINT( '', ( -0.694166666666667, -0.170318329410942, 0.295000000000004 ) );
#3021 = CARTESIAN_POINT( '', ( -0.688333333333333, -0.255477494116413, 0.147500000000002 ) );
#3022 = CARTESIAN_POINT( '', ( -0.682500000000001, -0.340636658821883, 2.08579796949234E-017 ) );
#3023 = CARTESIAN_POINT( '', ( -0.676666666666667, -0.255477494116413, -0.147500000000002 ) );
#3024 = CARTESIAN_POINT( '', ( -0.670833333333333, -0.170318329410942, -0.295000000000004 ) );
#3025 = CARTESIAN_POINT( '', ( -0.665000000000000, -3.61270805748474E-017, -0.295000000000004 ) );
#3026 = CARTESIAN_POINT( '', ( -0.659166666666667, 0.170318329410942, -0.295000000000004 ) );
#3027 = CARTESIAN_POINT( '', ( -0.653333333333334, 0.255477494116413, -0.147500000000002 ) );
#3028 = CARTESIAN_POINT( '', ( -0.647500000000000, 0.340636658821883, -6.25739390847703E-017 ) );
#3029 = CARTESIAN_POINT( '', ( -0.641666666666667, 0.255477494116413, 0.147500000000002 ) );
#3030 = CARTESIAN_POINT( '', ( -0.635833333333334, 0.170318329410942, 0.295000000000004 ) );
#3031 = CARTESIAN_POINT( '', ( -0.630000000000000, 0.000000000000000, 0.295000000000004 ) );
#3032 = CARTESIAN_POINT( '', ( -0.624166666666666, -0.170318329410942, 0.295000000000004 ) );
#3033 = CARTESIAN_POINT( '', ( -0.618333333333333, -0.255477494116413, 0.147500000000002 ) );
#3034 = CARTESIAN_POINT( '', ( -0.612500000000000, -0.340636658821883, 2.08579796949234E-017 ) );
#3035 = CARTESIAN_POINT( '', ( -0.606666666666667, -0.255477494116413, -0.147500000000002 ) );
#3036 = CARTESIAN_POINT( '', ( -0.600833333333333, -0.170318329410942, -0.295000000000004 ) );
#3037 = CARTESIAN_POINT( '', ( -0.595000000000000, -3.61270805748474E-017, -0.295000000000004 ) );
#3038 = CARTESIAN_POINT( '', ( -0.589166666666667, 0.170318329410942, -0.295000000000004 ) );
#3039 = CARTESIAN_POINT( '', ( -0.583333333333333, 0.255477494116413, -0.147500000000002 ) );
#3040 = CARTESIAN_POINT( '', ( -0.577499999999999, 0.340636658821883, -6.25739390847703E-017 ) );
#3041 = CARTESIAN_POINT( '', ( -0.571666666666667, 0.255477494116413, 0.147500000000002 ) );
#3042 = CARTESIAN_POINT( '', ( -0.565833333333333, 0.170318329410942, 0.295000000000004 ) );
#3043 = CARTESIAN_POINT( '', ( -0.560000000000000, 0.000000000000000, 0.295000000000004 ) );
#3044 = CARTESIAN_POINT( '', ( -0.554166666666667, -0.170318329410942, 0.295000000000004 ) );
#3045 = CARTESIAN_POINT( '', ( -0.548333333333333, -0.255477494116413, 0.147500000000002 ) );
#3046 = CARTESIAN_POINT( '', ( -0.542500000000000, -0.340636658821883, 2.08579796949234E-017 ) );
#3047 = CARTESIAN_POINT( '', ( -0.536666666666667, -0.255477494116413, -0.147500000000002 ) );
#3048 = CARTESIAN_POINT( '', ( -0.530833333333334, -0.170318329410942, -0.295000000000004 ) );
#3049 = CARTESIAN_POINT( '', ( -0.525000000000000, -3.61270805748474E-017, -0.295000000000004 ) );
#3050 = CARTESIAN_POINT( '', ( -0.519166666666666, 0.170318329410942, -0.295000000000004 ) );
#3051 = CARTESIAN_POINT( '', ( -0.513333333333333, 0.255477494116413, -0.147500000000002 ) );
#3052 = CARTESIAN_POINT( '', ( -0.507500000000000, 0.340636658821883, -6.25739390847703E-017 ) );
#3053 = CARTESIAN_POINT( '', ( -0.501666666666667, 0.255477494116413, 0.147500000000002 ) );
#3054 = CARTESIAN_POINT( '', ( -0.495833333333334, 0.170318329410942, 0.295000000000004 ) );
#3055 = CARTESIAN_POINT( '', ( -0.490000000000000, 0.000000000000000, 0.295000000000004 ) );
#3056 = CARTESIAN_POINT( '', ( -0.484166666666667, -0.170318329410942, 0.295000000000004 ) );
#3057 = CARTESIAN_POINT( '', ( -0.478333333333333, -0.255477494116413, 0.147500000000002 ) );
#3058 = CARTESIAN_POINT( '', ( -0.472500000000000, -0.340636658821883, 2.08579796949234E-017 ) );
#3059 = CARTESIAN_POINT( '', ( -0.466666666666667, -0.255477494116413, -0.147500000000002 ) );
#3060 = CARTESIAN_POINT( '', ( -0.460833333333333, -0.170318329410942, -0.295000000000004 ) );
#3061 = CARTESIAN_POINT( '', ( -0.455000000000000, -3.61270805748474E-017, -0.295000000000004 ) );
#3062 = CARTESIAN_POINT( '', ( -0.449166666666667, 0.170318329410942, -0.295000000000004 ) );
#3063 = CARTESIAN_POINT( '', ( -0.443333333333334, 0.255477494116413, -0.147500000000002 ) );
#3064 = CARTESIAN_POINT( '', ( -0.437500000000000, 0.340636658821883, -6.25739390847703E-017 ) );
#3065 = CARTESIAN_POINT( '', ( -0.431666666666667, 0.255477494116413, 0.147500000000002 ) );
#3066 = CARTESIAN_POINT( '', ( -0.425833333333333, 0.170318329410942, 0.295000000000004 ) );
#3067 = CARTESIAN_POINT( '', ( -0.420000000000000, 0.000000000000000, 0.295000000000004 ) );
#3068 = CARTESIAN_POINT( '', ( -0.414166666666667, -0.170318329410942, 0.295000000000004 ) );
#3069 = CARTESIAN_POINT( '', ( -0.408333333333333, -0.255477494116413, 0.147500000000002 ) );
#3070 = CARTESIAN_POINT( '', ( -0.402500000000000, -0.340636658821883, 2.08579796949234E-017 ) );
#3071 = CARTESIAN_POINT( '', ( -0.396666666666667, -0.255477494116413, -0.147500000000002 ) );
#3072 = CARTESIAN_POINT( '', ( -0.390833333333333, -0.170318329410942, -0.295000000000004 ) );
#3073 = CARTESIAN_POINT( '', ( -0.385000000000000, -3.61270805748474E-017, -0.295000000000004 ) );
#3074 = CARTESIAN_POINT( '', ( -0.379166666666667, 0.170318329410942, -0.295000000000004 ) );
#3075 = CARTESIAN_POINT( '', ( -0.373333333333334, 0.255477494116413, -0.147500000000002 ) );
#3076 = CARTESIAN_POINT( '', ( -0.367500000000000, 0.340636658821883, -6.25739390847703E-017 ) );
#3077 = CARTESIAN_POINT( '', ( -0.361666666666666, 0.255477494116413, 0.147500000000002 ) );
#3078 = CARTESIAN_POINT( '', ( -0.355833333333333, 0.170318329410942, 0.295000000000004 ) );
#3079 = CARTESIAN_POINT( '', ( -0.350000000000000, 0.000000000000000, 0.295000000000004 ) );
#3080 = CARTESIAN_POINT( '', ( -0.344166666666667, -0.170318329410942, 0.295000000000004 ) );
#3081 = CARTESIAN_POINT( '', ( -0.338333333333333, -0.255477494116413, 0.147500000000002 ) );
#3082 = CARTESIAN_POINT( '', ( -0.332500000000000, -0.340636658821883, 2.08579796949234E-017 ) );
#3083 = CARTESIAN_POINT( '', ( -0.326666666666667, -0.255477494116413, -0.147500000000002 ) );
#3084 = CARTESIAN_POINT( '', ( -0.320833333333333, -0.170318329410942, -0.295000000000004 ) );
#3085 = CARTESIAN_POINT( '', ( -0.315000000000000, -3.61270805748474E-017, -0.295000000000004 ) );
#3086 = CARTESIAN_POINT( '', ( -0.309166666666667, 0.170318329410942, -0.295000000000004 ) );
#3087 = CARTESIAN_POINT( '', ( -0.303333333333334, 0.255477494116413, -0.147500000000002 ) );
#3088 = CARTESIAN_POINT( '', ( -0.297500000000000, 0.340636658821883, -6.25739390847703E-017 ) );
#3089 = CARTESIAN_POINT( '', ( -0.291666666666667, 0.255477494116413, 0.147500000000002 ) );
#3090 = CARTESIAN_POINT( '', ( -0.285833333333333, 0.170318329410942, 0.295000000000004 ) );
#3091 = CARTESIAN_POINT( '', ( -0.280000000000000, 0.000000000000000, 0.295000000000004 ) );
#3092 = CARTESIAN_POINT( '', ( -0.274166666666667, -0.170318329410942, 0.295000000000004 ) );
#3093 = CARTESIAN_POINT( '', ( -0.268333333333334, -0.255477494116413, 0.147500000000002 ) );
#3094 = CARTESIAN_POINT( '', ( -0.262500000000000, -0.340636658821883, 2.08579796949234E-017 ) );
#3095 = CARTESIAN_POINT( '', ( -0.256666666666666, -0.255477494116413, -0.147500000000002 ) );
#3096 = CARTESIAN_POINT( '', ( -0.250833333333333, -0.170318329410942, -0.295000000000004 ) );
#3097 = CARTESIAN_POINT( '', ( -0.245000000000000, -3.61270805748474E-017, -0.295000000000004 ) );
#3098 = CARTESIAN_POINT( '', ( -0.239166666666667, 0.170318329410942, -0.295000000000004 ) );
#3099 = CARTESIAN_POINT( '', ( -0.233333333333334, 0.255477494116413, -0.147500000000002 ) );
#3100 = CARTESIAN_POINT( '', ( -0.227500000000000, 0.340636658821883, -6.25739390847703E-017 ) );
#3101 = CARTESIAN_POINT( '', ( -0.221666666666667, 0.255477494116413, 0.147500000000002 ) );
#3102 = CARTESIAN_POINT( '', ( -0.215833333333333, 0.170318329410942, 0.295000000000004 ) );
#3103 = CARTESIAN_POINT( '', ( -0.210000000000000, 0.000000000000000, 0.295000000000004 ) );
#3104 = CARTESIAN_POINT( '', ( -0.204166666666667, -0.170318329410942, 0.295000000000004 ) );
#3105 = CARTESIAN_POINT( '', ( -0.198333333333334, -0.255477494116413, 0.147500000000002 ) );
#3106 = CARTESIAN_POINT( '', ( -0.192500000000000, -0.340636658821883, 2.08579796949234E-017 ) );
#3107 = CARTESIAN_POINT( '', ( -0.186666666666667, -0.255477494116413, -0.147500000000002 ) );
#3108 = CARTESIAN_POINT( '', ( -0.180833333333333, -0.170318329410942, -0.295000000000004 ) );
#3109 = CARTESIAN_POINT( '', ( -0.175000000000000, -3.61270805748474E-017, -0.295000000000004 ) );
#3110 = CARTESIAN_POINT( '', ( -0.169166666666667, 0.170318329410942, -0.295000000000004 ) );
#3111 = CARTESIAN_POINT( '', ( -0.163333333333334, 0.255477494116413, -0.147500000000002 ) );
#3112 = CARTESIAN_POINT( '', ( -0.157500000000000, 0.340636658821883, -6.25739390847703E-017 ) );
#3113 = CARTESIAN_POINT( '', ( -0.151666666666667, 0.255477494116413, 0.147500000000002 ) );
#3114 = CARTESIAN_POINT( '', ( -0.145833333333333, 0.170318329410942, 0.295000000000004 ) );
#3115 = CARTESIAN_POINT( '', ( -0.140000000000000, 0.000000000000000, 0.295000000000004 ) );
#3116 = CARTESIAN_POINT( '', ( -0.134166666666667, -0.170318329410942, 0.295000000000004 ) );
#3117 = CARTESIAN_POINT( '', ( -0.128333333333333, -0.255477494116413, 0.147500000000002 ) );
#3118 = CARTESIAN_POINT( '', ( -0.122500000000000, -0.340636658821883, 2.08579796949234E-017 ) );
#3119 = CARTESIAN_POINT( '', ( -0.116666666666667, -0.255477494116413, -0.147500000000002 ) );
#3120 = CARTESIAN_POINT( '', ( -0.110833333333333, -0.170318329410942, -0.295000000000004 ) );
#3121 = CARTESIAN_POINT( '', ( -0.105000000000000, -3.61270805748474E-017, -0.295000000000004 ) );
#3122 = CARTESIAN_POINT( '', ( -0.0991666666666666, 0.170318329410942, -0.295000000000004 ) );
#3123 = CARTESIAN_POINT( '', ( -0.0933333333333334, 0.255477494116413, -0.147500000000002 ) );
#3124 = CARTESIAN_POINT( '', ( -0.0875000000000000, 0.340636658821883, -6.25739390847703E-017 ) );
#3125 = CARTESIAN_POINT( '', ( -0.0816666666666667, 0.255477494116413, 0.147500000000002 ) );
#3126 = CARTESIAN_POINT( '', ( -0.0758333333333334, 0.170318329410942, 0.295000000000004 ) );
#3127 = CARTESIAN_POINT( '', ( -0.0700000000000000, 0.000000000000000, 0.295000000000004 ) );
#3128 = CARTESIAN_POINT( '', ( -0.0641666666666667, -0.170318329410942, 0.295000000000004 ) );
#3129 = CARTESIAN_POINT( '', ( -0.0583333333333334, -0.255477494116413, 0.147500000000002 ) );
#3130 = CARTESIAN_POINT( '', ( -0.0525000000000001, -0.340636658821883, 2.08579796949234E-017 ) );
#3131 = CARTESIAN_POINT( '', ( -0.0466666666666666, -0.255477494116413, -0.147500000000002 ) );
#3132 = CARTESIAN_POINT( '', ( -0.0408333333333333, -0.170318329410942, -0.295000000000004 ) );
#3133 = CARTESIAN_POINT( '', ( -0.0350000000000000, -3.61270805748474E-017, -0.295000000000004 ) );
#3134 = CARTESIAN_POINT( '', ( -0.0291666666666667, 0.170318329410942, -0.295000000000004 ) );
#3135 = CARTESIAN_POINT( '', ( -0.0233333333333333, 0.255477494116413, -0.147500000000002 ) );
#3136 = CARTESIAN_POINT( '', ( -0.0175000000000000, 0.340636658821883, -6.25739390847703E-017 ) );
#3137 = CARTESIAN_POINT( '', ( -0.0116666666666667, 0.255477494116413, 0.147500000000002 ) );
#3138 = CARTESIAN_POINT( '', ( -0.00583333333333338, 0.170318329410942, 0.295000000000004 ) );
#3139 = CARTESIAN_POINT( '', ( 0.000000000000000, 0.000000000000000, 0.295000000000004 ) );
#3140 = CARTESIAN_POINT( '', ( 0.00583333333333328, -0.170318329410942, 0.295000000000004 ) );
#3141 = CARTESIAN_POINT( '', ( 0.0116666666666667, -0.255477494116413, 0.147500000000002 ) );
#3142 = CARTESIAN_POINT( '', ( 0.0174999999999999, -0.340636658821883, 2.08579796949234E-017 ) );
#3143 = CARTESIAN_POINT( '', ( 0.0233333333333333, -0.255477494116413, -0.147500000000002 ) );
#3144 = CARTESIAN_POINT( '', ( 0.0291666666666666, -0.170318329410942, -0.295000000000004 ) );
#3145 = CARTESIAN_POINT( '', ( 0.0350000000000000, -3.61270805748474E-017, -0.295000000000004 ) );
#3146 = CARTESIAN_POINT( '', ( 0.0408333333333332, 0.170318329410942, -0.295000000000004 ) );
#3147 = CARTESIAN_POINT( '', ( 0.0466666666666666, 0.255477494116413, -0.147500000000002 ) );
#3148 = CARTESIAN_POINT( '', ( 0.0525000000000001, 0.340636658821883, -6.25739390847703E-017 ) );
#3149 = CARTESIAN_POINT( '', ( 0.0583333333333333, 0.255477494116413, 0.147500000000002 ) );
#3150 = CARTESIAN_POINT( '', ( 0.0641666666666667, 0.170318329410942, 0.295000000000004 ) );
#3151 = CARTESIAN_POINT( '', ( 0.0700000000000000, 0.000000000000000, 0.295000000000004 ) );
#3152 = CARTESIAN_POINT( '', ( 0.0758333333333334, -0.170318329410942, 0.295000000000004 ) );
#3153 = CARTESIAN_POINT( '', ( 0.0816666666666666, -0.255477494116413, 0.147500000000002 ) );
#3154 = CARTESIAN_POINT( '', ( 0.0875000000000000, -0.340636658821883, 2.08579796949234E-017 ) );
#3155 = CARTESIAN_POINT( '', ( 0.0933333333333333, -0.255477494116413, -0.147500000000002 ) );
#3156 = CARTESIAN_POINT( '', ( 0.0991666666666666, -0.170318329410942, -0.295000000000004 ) );
#3157 = CARTESIAN_POINT( '', ( 0.105000000000000, -3.61270805748474E-017, -0.295000000000004 ) );
#3158 = CARTESIAN_POINT( '', ( 0.110833333333333, 0.170318329410942, -0.295000000000004 ) );
#3159 = CARTESIAN_POINT( '', ( 0.116666666666667, 0.255477494116413, -0.147500000000002 ) );
#3160 = CARTESIAN_POINT( '', ( 0.122500000000000, 0.340636658821883, -6.25739390847703E-017 ) );
#3161 = CARTESIAN_POINT( '', ( 0.128333333333333, 0.255477494116413, 0.147500000000002 ) );
#3162 = CARTESIAN_POINT( '', ( 0.134166666666667, 0.170318329410942, 0.295000000000004 ) );
#3163 = CARTESIAN_POINT( '', ( 0.140000000000000, 0.000000000000000, 0.295000000000004 ) );
#3164 = CARTESIAN_POINT( '', ( 0.145833333333333, -0.170318329410942, 0.295000000000004 ) );
#3165 = CARTESIAN_POINT( '', ( 0.151666666666667, -0.255477494116413, 0.147500000000002 ) );
#3166 = CARTESIAN_POINT( '', ( 0.157500000000000, -0.340636658821883, 2.08579796949234E-017 ) );
#3167 = CARTESIAN_POINT( '', ( 0.163333333333334, -0.255477494116413, -0.147500000000002 ) );
#3168 = CARTESIAN_POINT( '', ( 0.169166666666666, -0.170318329410942, -0.295000000000004 ) );
#3169 = CARTESIAN_POINT( '', ( 0.175000000000000, -3.61270805748474E-017, -0.295000000000004 ) );
#3170 = CARTESIAN_POINT( '', ( 0.180833333333333, 0.170318329410942, -0.295000000000004 ) );
#3171 = CARTESIAN_POINT( '', ( 0.186666666666667, 0.255477494116413, -0.147500000000002 ) );
#3172 = CARTESIAN_POINT( '', ( 0.192500000000000, 0.340636658821883, -6.25739390847703E-017 ) );
#3173 = CARTESIAN_POINT( '', ( 0.198333333333334, 0.255477494116413, 0.147500000000002 ) );
#3174 = CARTESIAN_POINT( '', ( 0.204166666666667, 0.170318329410942, 0.295000000000004 ) );
#3175 = CARTESIAN_POINT( '', ( 0.210000000000000, 0.000000000000000, 0.295000000000004 ) );
#3176 = CARTESIAN_POINT( '', ( 0.215833333333333, -0.170318329410942, 0.295000000000004 ) );
#3177 = CARTESIAN_POINT( '', ( 0.221666666666667, -0.255477494116413, 0.147500000000002 ) );
#3178 = CARTESIAN_POINT( '', ( 0.227500000000000, -0.340636658821883, 2.08579796949234E-017 ) );
#3179 = CARTESIAN_POINT( '', ( 0.233333333333334, -0.255477494116413, -0.147500000000002 ) );
#3180 = CARTESIAN_POINT( '', ( 0.239166666666667, -0.170318329410942, -0.295000000000004 ) );
#3181 = CARTESIAN_POINT( '', ( 0.245000000000000, -3.61270805748474E-017, -0.295000000000004 ) );
#3182 = CARTESIAN_POINT( '', ( 0.250833333333333, 0.170318329410942, -0.295000000000004 ) );
#3183 = CARTESIAN_POINT( '', ( 0.256666666666666, 0.255477494116413, -0.147500000000002 ) );
#3184 = CARTESIAN_POINT( '', ( 0.262500000000000, 0.340636658821883, -6.25739390847703E-017 ) );
#3185 = CARTESIAN_POINT( '', ( 0.268333333333334, 0.255477494116413, 0.147500000000002 ) );
#3186 = CARTESIAN_POINT( '', ( 0.274166666666667, 0.170318329410942, 0.295000000000004 ) );
#3187 = CARTESIAN_POINT( '', ( 0.280000000000000, 0.000000000000000, 0.295000000000004 ) );
#3188 = CARTESIAN_POINT( '', ( 0.285833333333333, -0.170318329410942, 0.295000000000004 ) );
#3189 = CARTESIAN_POINT( '', ( 0.291666666666666, -0.255477494116413, 0.147500000000002 ) );
#3190 = CARTESIAN_POINT( '', ( 0.297500000000000, -0.340636658821883, 2.08579796949234E-017 ) );
#3191 = CARTESIAN_POINT( '', ( 0.303333333333334, -0.255477494116413, -0.147500000000002 ) );
#3192 = CARTESIAN_POINT( '', ( 0.309166666666667, -0.170318329410942, -0.295000000000004 ) );
#3193 = CARTESIAN_POINT( '', ( 0.315000000000000, -3.61270805748474E-017, -0.295000000000004 ) );
#3194 = CARTESIAN_POINT( '', ( 0.320833333333333, 0.170318329410942, -0.295000000000004 ) );
#3195 = CARTESIAN_POINT( '', ( 0.326666666666667, 0.255477494116413, -0.147500000000002 ) );
#3196 = CARTESIAN_POINT( '', ( 0.332500000000000, 0.340636658821883, -6.25739390847703E-017 ) );
#3197 = CARTESIAN_POINT( '', ( 0.338333333333333, 0.255477494116413, 0.147500000000002 ) );
#3198 = CARTESIAN_POINT( '', ( 0.344166666666667, 0.170318329410942, 0.295000000000004 ) );
#3199 = CARTESIAN_POINT( '', ( 0.350000000000000, 0.000000000000000, 0.295000000000004 ) );
#3200 = CARTESIAN_POINT( '', ( 0.355833333333333, -0.170318329410942, 0.295000000000004 ) );
#3201 = CARTESIAN_POINT( '', ( 0.361666666666666, -0.255477494116413, 0.147500000000002 ) );
#3202 = CARTESIAN_POINT( '', ( 0.367500000000000, -0.340636658821883, 2.08579796949234E-017 ) );
#3203 = CARTESIAN_POINT( '', ( 0.373333333333334, -0.255477494116413, -0.147500000000002 ) );
#3204 = CARTESIAN_POINT( '', ( 0.379166666666667, -0.170318329410942, -0.295000000000004 ) );
#3205 = CARTESIAN_POINT( '', ( 0.385000000000000, -3.61270805748474E-017, -0.295000000000004 ) );
#3206 = CARTESIAN_POINT( '', ( 0.390833333333333, 0.170318329410942, -0.295000000000004 ) );
#3207 = CARTESIAN_POINT( '', ( 0.396666666666667, 0.255477494116413, -0.147500000000002 ) );
#3208 = CARTESIAN_POINT( '', ( 0.402500000000000, 0.340636658821883, -6.25739390847703E-017 ) );
#3209 = CARTESIAN_POINT( '', ( 0.408333333333333, 0.255477494116413, 0.147500000000002 ) );
#3210 = CARTESIAN_POINT( '', ( 0.414166666666667, 0.170318329410942, 0.295000000000004 ) );
#3211 = CARTESIAN_POINT( '', ( 0.420000000000000, 0.000000000000000, 0.295000000000004 ) );
#3212 = CARTESIAN_POINT( '', ( 0.425833333333333, -0.170318329410942, 0.295000000000004 ) );
#3213 = CARTESIAN_POINT( '', ( 0.431666666666667, -0.255477494116413, 0.147500000000002 ) );
#3214 = CARTESIAN_POINT( '', ( 0.437500000000000, -0.340636658821883, 2.08579796949234E-017 ) );
#3215 = CARTESIAN_POINT( '', ( 0.443333333333334, -0.255477494116413, -0.147500000000002 ) );
#3216 = CARTESIAN_POINT( '', ( 0.449166666666667, -0.170318329410942, -0.295000000000004 ) );
#3217 = CARTESIAN_POINT( '', ( 0.455000000000000, -3.61270805748474E-017, -0.295000000000004 ) );
#3218 = CARTESIAN_POINT( '', ( 0.460833333333333, 0.170318329410942, -0.295000000000004 ) );
#3219 = CARTESIAN_POINT( '', ( 0.466666666666667, 0.255477494116413, -0.147500000000002 ) );
#3220 = CARTESIAN_POINT( '', ( 0.472500000000000, 0.340636658821883, -6.25739390847703E-017 ) );
#3221 = CARTESIAN_POINT( '', ( 0.478333333333333, 0.255477494116413, 0.147500000000002 ) );
#3222 = CARTESIAN_POINT( '', ( 0.484166666666666, 0.170318329410942, 0.295000000000004 ) );
#3223 = CARTESIAN_POINT( '', ( 0.490000000000000, 0.000000000000000, 0.295000000000004 ) );
#3224 = CARTESIAN_POINT( '', ( 0.495833333333334, -0.170318329410942, 0.295000000000004 ) );
#3225 = CARTESIAN_POINT( '', ( 0.501666666666667, -0.255477494116413, 0.147500000000002 ) );
#3226 = CARTESIAN_POINT( '', ( 0.507500000000000, -0.340636658821883, 2.08579796949234E-017 ) );
#3227 = CARTESIAN_POINT( '', ( 0.513333333333333, -0.255477494116413, -0.147500000000002 ) );
#3228 = CARTESIAN_POINT( '', ( 0.519166666666666, -0.170318329410942, -0.295000000000004 ) );
#3229 = CARTESIAN_POINT( '', ( 0.525000000000000, -3.61270805748474E-017, -0.295000000000004 ) );
#3230 = CARTESIAN_POINT( '', ( 0.530833333333334, 0.170318329410942, -0.295000000000004 ) );
#3231 = CARTESIAN_POINT( '', ( 0.536666666666667, 0.255477494116413, -0.147500000000002 ) );
#3232 = CARTESIAN_POINT( '', ( 0.542500000000000, 0.340636658821883, -6.25739390847703E-017 ) );
#3233 = CARTESIAN_POINT( '', ( 0.548333333333333, 0.255477494116413, 0.147500000000002 ) );
#3234 = CARTESIAN_POINT( '', ( 0.554166666666667, 0.170318329410942, 0.295000000000004 ) );
#3235 = CARTESIAN_POINT( '', ( 0.560000000000000, 0.000000000000000, 0.295000000000004 ) );
#3236 = CARTESIAN_POINT( '', ( 0.565833333333333, -0.170318329410942, 0.295000000000004 ) );
#3237 = CARTESIAN_POINT( '', ( 0.571666666666667, -0.255477494116413, 0.147500000000002 ) );
#3238 = CARTESIAN_POINT( '', ( 0.577499999999999, -0.340636658821883, 2.08579796949234E-017 ) );
#3239 = CARTESIAN_POINT( '', ( 0.583333333333333, -0.255477494116413, -0.147500000000002 ) );
#3240 = CARTESIAN_POINT( '', ( 0.589166666666667, -0.170318329410942, -0.295000000000004 ) );
#3241 = CARTESIAN_POINT( '', ( 0.595000000000000, -3.61270805748474E-017, -0.295000000000004 ) );
#3242 = CARTESIAN_POINT( '', ( 0.600833333333333, 0.170318329410942, -0.295000000000004 ) );
#3243 = CARTESIAN_POINT( '', ( 0.606666666666667, 0.255477494116413, -0.147500000000002 ) );
#3244 = CARTESIAN_POINT( '', ( 0.612500000000000, 0.340636658821883, -6.25739390847703E-017 ) );
#3245 = CARTESIAN_POINT( '', ( 0.618333333333333, 0.255477494116413, 0.147500000000002 ) );
#3246 = CARTESIAN_POINT( '', ( 0.624166666666666, 0.170318329410942, 0.295000000000004 ) );
#3247 = CARTESIAN_POINT( '', ( 0.630000000000000, 0.000000000000000, 0.295000000000004 ) );
#3248 = CARTESIAN_POINT( '', ( 0.635833333333334, -0.170318329410942, 0.295000000000004 ) );
#3249 = CARTESIAN_POINT( '', ( 0.641666666666667, -0.255477494116413, 0.147500000000002 ) );
#3250 = CARTESIAN_POINT( '', ( 0.647500000000000, -0.340636658821883, 2.08579796949234E-017 ) );
#3251 = CARTESIAN_POINT( '', ( 0.653333333333334, -0.255477494116413, -0.147500000000002 ) );
#3252 = CARTESIAN_POINT( '', ( 0.659166666666666, -0.170318329410942, -0.295000000000004 ) );
#3253 = CARTESIAN_POINT( '', ( 0.665000000000000, -3.61270805748474E-017, -0.295000000000004 ) );
#3254 = CARTESIAN_POINT( '', ( 0.670833333333333, 0.170318329410942, -0.295000000000004 ) );
#3255 = CARTESIAN_POINT( '', ( 0.676666666666667, 0.255477494116413, -0.147500000000002 ) );
#3256 = CARTESIAN_POINT( '', ( 0.682499999999999, 0.340636658821883, -6.25739390847703E-017 ) );
#3257 = CARTESIAN_POINT( '', ( 0.688333333333333, 0.255477494116413, 0.147500000000002 ) );
#3258 = CARTESIAN_POINT( '', ( 0.694166666666667, 0.170318329410942, 0.295000000000004 ) );
#3259 = CARTESIAN_POINT( '', ( 0.700000000000000, 0.000000000000000, 0.295000000000004 ) );
#3260 = CARTESIAN_POINT( '', ( 0.705833333333334, -0.170318329410942, 0.295000000000004 ) );
#3261 = CARTESIAN_POINT( '', ( 0.711666666666667, -0.255477494116413, 0.147500000000002 ) );
#3262 = CARTESIAN_POINT( '', ( 0.717500000000000, -0.340636658821883, 2.08579796949234E-017 ) );
#3263 = CARTESIAN_POINT( '', ( 0.723333333333333, -0.255477494116413, -0.147500000000002 ) );
#3264 = CARTESIAN_POINT( '', ( 0.729166666666666, -0.170318329410942, -0.295000000000004 ) );
#3265 = CARTESIAN_POINT( '', ( 0.735000000000000, -3.61270805748474E-017, -0.295000000000004 ) );
#3266 = CARTESIAN_POINT( '', ( 0.740833333333333, 0.170318329410942, -0.295000000000004 ) );
#3267 = CARTESIAN_POINT( '', ( 0.746666666666667, 0.255477494116413, -0.147500000000002 ) );
#3268 = CARTESIAN_POINT( '', ( 0.752500000000000, 0.340636658821883, -6.25739390847703E-017 ) );
#3269 = CARTESIAN_POINT( '', ( 0.758333333333333, 0.255477494116413, 0.147500000000002 ) );
#3270 = CARTESIAN_POINT( '', ( 0.764166666666667, 0.170318329410942, 0.295000000000004 ) );
#3271 = CARTESIAN_POINT( '', ( 0.770000000000000, 0.000000000000000, 0.295000000000004 ) );
#3272 = CARTESIAN_POINT( '', ( 0.775833333333333, -0.170318329410942, 0.295000000000004 ) );
#3273 = CARTESIAN_POINT( '', ( 0.781666666666667, -0.255477494116413, 0.147500000000002 ) );
#3274 = CARTESIAN_POINT( '', ( 0.787500000000000, -0.340636658821883, 2.08579796949234E-017 ) );
#3275 = CARTESIAN_POINT( '', ( 0.793333333333333, -0.255477494116413, -0.147500000000002 ) );
#3276 = CARTESIAN_POINT( '', ( 0.799166666666666, -0.170318329410942, -0.295000000000004 ) );
#3277 = CARTESIAN_POINT( '', ( 0.805000000000000, -3.61270805748474E-017, -0.295000000000004 ) );
#3278 = CARTESIAN_POINT( '', ( 0.810833333333333, 0.170318329410942, -0.295000000000004 ) );
#3279 = CARTESIAN_POINT( '', ( 0.816666666666667, 0.255477494116413, -0.147500000000002 ) );
#3280 = CARTESIAN_POINT( '', ( 0.822500000000000, 0.340636658821883, -6.25739390847703E-017 ) );
#3281 = CARTESIAN_POINT( '', ( 0.828333333333334, 0.255477494116413, 0.147500000000002 ) );
#3282 = CARTESIAN_POINT( '', ( 0.834166666666666, 0.170318329410942, 0.295000000000004 ) );
#3283 = CARTESIAN_POINT( '', ( 0.840000000000000, 0.000000000000000, 0.295000000000004 ) );
#3289 = SURFACE_SIDE_STYLE( '', ( #4555 ) );
#3290 = EDGE_LOOP( '', ( #4556, #4557, #4558, #4559 ) );
#3291 = AXIS2_PLACEMENT_3D( '', #4560, #4561, #4562 );
#3292 = SURFACE_SIDE_STYLE( '', ( #4563 ) );
#3293 = EDGE_LOOP( '', ( #4564, #4565, #4566, #4567 ) );
#3294 = EDGE_LOOP( '', ( #4568, #4569, #4570, #4571, #4572, #4573, #4574, #4575, #4576, #4577, #4578, #4579 ) );
#3295 = AXIS2_PLACEMENT_3D( '', #4580, #4581, #4582 );
#3296 = SURFACE_SIDE_STYLE( '', ( #4583 ) );
#3297 = EDGE_LOOP( '', ( #4584, #4585, #4586, #4587 ) );
#3298 = AXIS2_PLACEMENT_3D( '', #4588, #4589, #4590 );
#3299 = SURFACE_SIDE_STYLE( '', ( #4591 ) );
#3300 = EDGE_LOOP( '', ( #4592, #4593, #4594, #4595 ) );
#3301 = AXIS2_PLACEMENT_3D( '', #4596, #4597, #4598 );
#3302 = SURFACE_SIDE_STYLE( '', ( #4599 ) );
#3303 = EDGE_LOOP( '', ( #4600, #4601, #4602, #4603 ) );
#3304 = AXIS2_PLACEMENT_3D( '', #4604, #4605, #4606 );
#3305 = SURFACE_SIDE_STYLE( '', ( #4607 ) );
#3306 = EDGE_LOOP( '', ( #4608, #4609, #4610, #4611 ) );
#3307 = AXIS2_PLACEMENT_3D( '', #4612, #4613, #4614 );
#3308 = SURFACE_SIDE_STYLE( '', ( #4615 ) );
#3309 = EDGE_LOOP( '', ( #4616, #4617, #4618, #4619 ) );
#3310 = AXIS2_PLACEMENT_3D( '', #4620, #4621, #4622 );
#3311 = SURFACE_SIDE_STYLE( '', ( #4623 ) );
#3312 = EDGE_LOOP( '', ( #4624, #4625, #4626, #4627 ) );
#3313 = AXIS2_PLACEMENT_3D( '', #4628, #4629, #4630 );
#3314 = SURFACE_SIDE_STYLE( '', ( #4631 ) );
#3315 = EDGE_LOOP( '', ( #4632, #4633, #4634, #4635 ) );
#3316 = B_SPLINE_CURVE_WITH_KNOTS( '', 3, ( #4636, #4637, #4638, #4639, #4640, #4641, #4642, #4643, #4644, #4645, #4646, #4647, #4648, #4649, #4650, #4651, #4652, #4653, #4654, #4655, #4656, #4657, #4658, #4659, #4660 ), .UNSPECIFIED., .F., .F., ( 4, 3, 2, 3, 2, 2, 3, 3, 3, 4 ), ( 0.000000000000000, 0.0435638216839924, 0.0792759739261161, 0.137980881721388, 0.185553075564697, 0.212958795930951, 0.240364516297205, 0.267788989284261, 0.299022718295815, 0.361874099558836 ), .UNSPECIFIED. );
#3317 = VECTOR( '', #4661, 1000.00000000000 );
#3318 = SURFACE_SIDE_STYLE( '', ( #4662 ) );
#3319 = EDGE_LOOP( '', ( #4663, #4664, #4665, #4666 ) );
#3320 = AXIS2_PLACEMENT_3D( '', #4667, #4668, #4669 );
#3321 = SURFACE_SIDE_STYLE( '', ( #4670 ) );
#3322 = EDGE_LOOP( '', ( #4671, #4672, #4673, #4674 ) );
#3323 = AXIS2_PLACEMENT_3D( '', #4675, #4676, #4677 );
#3324 = SURFACE_SIDE_STYLE( '', ( #4678 ) );
#3325 = EDGE_LOOP( '', ( #4679, #4680, #4681, #4682 ) );
#3326 = AXIS2_PLACEMENT_3D( '', #4683, #4684, #4685 );
#3327 = SURFACE_SIDE_STYLE( '', ( #4686 ) );
#3328 = EDGE_LOOP( '', ( #4687, #4688, #4689, #4690 ) );
#3329 = AXIS2_PLACEMENT_3D( '', #4691, #4692, #4693 );
#3330 = SURFACE_SIDE_STYLE( '', ( #4694 ) );
#3331 = EDGE_LOOP( '', ( #4695, #4696 ) );
#3332 = AXIS2_PLACEMENT_3D( '', #4697, #4698, #4699 );
#3333 = SURFACE_SIDE_STYLE( '', ( #4700 ) );
#3334 = EDGE_LOOP( '', ( #4701, #4702, #4703, #4704 ) );
#3335 = AXIS2_PLACEMENT_3D( '', #4705, #4706, #4707 );
#3336 = SURFACE_SIDE_STYLE( '', ( #4708 ) );
#3337 = EDGE_LOOP( '', ( #4709, #4710, #4711, #4712, #4713, #4714 ) );
#3338 = AXIS2_PLACEMENT_3D( '', #4715, #4716, #4717 );
#3339 = SURFACE_SIDE_STYLE( '', ( #4718 ) );
#3340 = EDGE_LOOP( '', ( #4719, #4720, #4721 ) );
#3341 = AXIS2_PLACEMENT_3D( '', #4722, #4723, #4724 );
#3342 = SURFACE_SIDE_STYLE( '', ( #4725 ) );
#3343 = EDGE_LOOP( '', ( #4726, #4727, #4728, #4729, #4730, #4731 ) );
#3344 = AXIS2_PLACEMENT_3D( '', #4732, #4733, #4734 );
#3345 = SURFACE_SIDE_STYLE( '', ( #4735 ) );
#3346 = EDGE_LOOP( '', ( #4736, #4737, #4738, #4739, #4740, #4741, #4742 ) );
#3347 = EDGE_LOOP( '', ( #4743, #4744, #4745, #4746 ) );
#3348 = EDGE_LOOP( '', ( #4747, #4748, #4749, #4750, #4751, #4752, #4753 ) );
#3349 = EDGE_LOOP( '', ( #4754, #4755, #4756, #4757, #4758, #4759, #4760, #4761, #4762, #4763, #4764, #4765, #4766 ) );
#3350 = EDGE_LOOP( '', ( #4767, #4768, #4769, #4770 ) );
#3351 = EDGE_LOOP( '', ( #4771, #4772, #4773, #4774, #4775, #4776 ) );
#3352 = EDGE_LOOP( '', ( #4777, #4778, #4779, #4780, #4781, #4782, #4783, #4784, #4785, #4786, #4787, #4788 ) );
#3353 = EDGE_LOOP( '', ( #4789, #4790, #4791, #4792 ) );
#3354 = EDGE_LOOP( '', ( #4793, #4794, #4795, #4796, #4797, #4798 ) );
#3355 = AXIS2_PLACEMENT_3D( '', #4799, #4800, #4801 );
#3356 = SURFACE_SIDE_STYLE( '', ( #4802 ) );
#3357 = EDGE_LOOP( '', ( #4803, #4804, #4805, #4806, #4807, #4808 ) );
#3358 = AXIS2_PLACEMENT_3D( '', #4809, #4810, #4811 );
#3359 = SURFACE_SIDE_STYLE( '', ( #4812 ) );
#3360 = EDGE_LOOP( '', ( #4813, #4814, #4815, #4816 ) );
#3361 = AXIS2_PLACEMENT_3D( '', #4817, #4818, #4819 );
#3362 = SURFACE_SIDE_STYLE( '', ( #4820 ) );
#3363 = EDGE_LOOP( '', ( #4821, #4822, #4823, #4824 ) );
#3364 = AXIS2_PLACEMENT_3D( '', #4825, #4826, #4827 );
#3365 = SURFACE_SIDE_STYLE( '', ( #4828 ) );
#3366 = EDGE_LOOP( '', ( #4829 ) );
#3367 = EDGE_LOOP( '', ( #4830, #4831, #4832, #4833, #4834, #4835 ) );
#3368 = AXIS2_PLACEMENT_3D( '', #4836, #4837, #4838 );
#3369 = SURFACE_SIDE_STYLE( '', ( #4839 ) );
#3370 = EDGE_LOOP( '', ( #4840, #4841 ) );
#3371 = AXIS2_PLACEMENT_3D( '', #4842, #4843, #4844 );
#3372 = SURFACE_SIDE_STYLE( '', ( #4845 ) );
#3373 = EDGE_LOOP( '', ( #4846, #4847, #4848, #4849 ) );
#3374 = B_SPLINE_CURVE_WITH_KNOTS( '', 3, ( #4850, #4851, #4852, #4853 ), .UNSPECIFIED., .F., .F., ( 4, 4 ), ( 0.973259864798146, 1.00000000000000 ), .UNSPECIFIED. );
#3375 = VECTOR( '', #4854, 1000.00000000000 );
#3376 = SURFACE_SIDE_STYLE( '', ( #4855 ) );
#3377 = EDGE_LOOP( '', ( #4856, #4857, #4858, #4859 ) );
#3378 = AXIS2_PLACEMENT_3D( '', #4860, #4861, #4862 );
#3379 = SURFACE_SIDE_STYLE( '', ( #4863 ) );
#3380 = EDGE_LOOP( '', ( #4864, #4865, #4866, #4867 ) );
#3381 = AXIS2_PLACEMENT_3D( '', #4868, #4869, #4870 );
#3382 = SURFACE_SIDE_STYLE( '', ( #4871 ) );
#3383 = EDGE_LOOP( '', ( #4872, #4873, #4874, #4875 ) );
#3384 = AXIS2_PLACEMENT_3D( '', #4876, #4877, #4878 );
#3385 = SURFACE_SIDE_STYLE( '', ( #4879 ) );
#3386 = EDGE_LOOP( '', ( #4880, #4881, #4882, #4883 ) );
#3387 = AXIS2_PLACEMENT_3D( '', #4884, #4885, #4886 );
#3388 = SURFACE_SIDE_STYLE( '', ( #4887 ) );
#3389 = EDGE_LOOP( '', ( #4888, #4889, #4890, #4891 ) );
#3390 = AXIS2_PLACEMENT_3D( '', #4892, #4893, #4894 );
#3391 = SURFACE_SIDE_STYLE( '', ( #4895 ) );
#3392 = EDGE_LOOP( '', ( #4896, #4897, #4898, #4899 ) );
#3393 = B_SPLINE_CURVE_WITH_KNOTS( '', 3, ( #4900, #4901, #4902, #4903, #4904, #4905, #4906 ), .UNSPECIFIED., .F., .F., ( 4, 3, 4 ), ( 0.261468230552944, 0.282521875201089, 0.374240109198532 ), .UNSPECIFIED. );
#3394 = VECTOR( '', #4907, 1000.00000000000 );
#3395 = SURFACE_SIDE_STYLE( '', ( #4908 ) );
#3396 = EDGE_LOOP( '', ( #4909, #4910, #4911, #4912 ) );
#3397 = B_SPLINE_CURVE_WITH_KNOTS( '', 3, ( #4913, #4914, #4915, #4916, #4917, #4918, #4919, #4920, #4921, #4922, #4923, #4924, #4925, #4926, #4927 ), .UNSPECIFIED., .F., .F., ( 4, 2, 3, 3, 3, 4 ), ( 0.361874099558836, 0.365413816403879, 0.403339354029330, 0.445351932389542, 0.482793293465244, 0.518253236707345 ), .UNSPECIFIED. );
#3398 = VECTOR( '', #4928, 1000.00000000000 );
#3399 = SURFACE_SIDE_STYLE( '', ( #4929 ) );
#3400 = EDGE_LOOP( '', ( #4930, #4931, #4932, #4933, #4934, #4935, #4936 ) );
#3401 = AXIS2_PLACEMENT_3D( '', #4937, #4938, #4939 );
#3402 = SURFACE_SIDE_STYLE( '', ( #4940 ) );
#3403 = EDGE_LOOP( '', ( #4941, #4942, #4943, #4944 ) );
#3404 = AXIS2_PLACEMENT_3D( '', #4945, #4946, #4947 );
#3405 = SURFACE_SIDE_STYLE( '', ( #4948 ) );
#3406 = EDGE_LOOP( '', ( #4949 ) );
#3407 = EDGE_LOOP( '', ( #4950 ) );
#3408 = AXIS2_PLACEMENT_3D( '', #4951, #4952, #4953 );
#3409 = SURFACE_SIDE_STYLE( '', ( #4954 ) );
#3410 = EDGE_LOOP( '', ( #4955, #4956, #4957, #4958 ) );
#3411 = AXIS2_PLACEMENT_3D( '', #4959, #4960, #4961 );
#3412 = SURFACE_SIDE_STYLE( '', ( #4962 ) );
#3413 = EDGE_LOOP( '', ( #4963 ) );
#3414 = AXIS2_PLACEMENT_3D( '', #4964, #4965, #4966 );
#3416 =  ( LENGTH_UNIT(  )NAMED_UNIT( #1057 )SI_UNIT( .MILLI., .METRE. ) );
#3417 = SURFACE_STYLE_FILL_AREA( #4968 );
#3418 = ORIENTED_EDGE( '', *, *, #4969, .F. );
#3419 = ORIENTED_EDGE( '', *, *, #4970, .T. );
#3420 = ORIENTED_EDGE( '', *, *, #4971, .F. );
#3421 = ORIENTED_EDGE( '', *, *, #4972, .T. );
#3422 = ORIENTED_EDGE( '', *, *, #4973, .T. );
#3423 = ORIENTED_EDGE( '', *, *, #4974, .T. );
#3424 = CARTESIAN_POINT( '', ( 1.45000000000000, -1.25000000000000, 1.00000000000000 ) );
#3425 = DIRECTION( '', ( -1.00000000000000, 8.67361737988404E-017, 0.000000000000000 ) );
#3426 = DIRECTION( '', ( -8.67361737988404E-017, -1.00000000000000, 0.000000000000000 ) );
#3427 = SURFACE_STYLE_FILL_AREA( #4975 );
#3428 = ORIENTED_EDGE( '', *, *, #4976, .F. );
#3429 = ORIENTED_EDGE( '', *, *, #4977, .T. );
#3430 = ORIENTED_EDGE( '', *, *, #4969, .T. );
#3431 = ORIENTED_EDGE( '', *, *, #4978, .T. );
#3432 = CARTESIAN_POINT( '', ( 1.45000000000000, 1.25000000000000, 1.00000000000000 ) );
#3433 = DIRECTION( '', ( -7.47725636196900E-017, -1.00000000000000, 0.000000000000000 ) );
#3434 = DIRECTION( '', ( 1.00000000000000, -7.47725636196900E-017, 0.000000000000000 ) );
#3435 = SURFACE_STYLE_FILL_AREA( #4979 );
#3436 = ORIENTED_EDGE( '', *, *, #4980, .F. );
#3437 = ORIENTED_EDGE( '', *, *, #4981, .F. );
#3438 = ORIENTED_EDGE( '', *, *, #4982, .T. );
#3439 = ORIENTED_EDGE( '', *, *, #4983, .T. );
#3440 = CARTESIAN_POINT( '', ( -0.0540192926045009, 0.114308681672025, 0.990000000000000 ) );
#3441 = CARTESIAN_POINT( '', ( -0.0681672025723467, 0.122347266881028, 0.990000000000000 ) );
#3442 = CARTESIAN_POINT( '', ( -0.0826366559485524, 0.126527331189710, 0.990000000000000 ) );
#3443 = CARTESIAN_POINT( '', ( -0.109324758842443, 0.126527331189710, 0.990000000000000 ) );
#3444 = CARTESIAN_POINT( '', ( -0.120900321543408, 0.122668810289388, 0.990000000000000 ) );
#3445 = CARTESIAN_POINT( '', ( -0.130868167202572, 0.114630225080385, 0.990000000000000 ) );
#3446 = CARTESIAN_POINT( '', ( -0.140873722240018, 0.106561229082445, 0.990000000000000 ) );
#3447 = CARTESIAN_POINT( '', ( -0.148231511254018, 0.0959807073954977, 0.990000000000000 ) );
#3448 = CARTESIAN_POINT( '', ( -0.152733118971061, 0.0821543408360121, 0.990000000000000 ) );
#3449 = CARTESIAN_POINT( '', ( -0.159596694942570, 0.0610733574949485, 0.990000000000000 ) );
#3450 = CARTESIAN_POINT( '', ( -0.162700964630224, 0.0377813504823143, 0.990000000000000 ) );
#3451 = CARTESIAN_POINT( '', ( -0.162700964630224, 0.0127009646302241, 0.990000000000000 ) );
#3452 = CARTESIAN_POINT( '', ( -0.162700964630224, -0.0483922829581999, 0.990000000000000 ) );
#3453 = CARTESIAN_POINT( '', ( -0.162700964630224, -0.109485530546625, 0.990000000000000 ) );
#3454 = CARTESIAN_POINT( '', ( -0.162700964630224, -0.170578778135049, 0.990000000000000 ) );
#3455 = DIRECTION( '', ( 0.000000000000000, 0.000000000000000, 1.00000000000000 ) );
#3456 = SURFACE_STYLE_FILL_AREA( #4984 );
#3457 = ORIENTED_EDGE( '', *, *, #4985, .F. );
#3458 = ORIENTED_EDGE( '', *, *, #4986, .F. );
#3459 = ORIENTED_EDGE( '', *, *, #4987, .T. );
#3460 = ORIENTED_EDGE( '', *, *, #4988, .T. );
#3461 = CARTESIAN_POINT( '', ( 0.281028938906754, 0.179903536977491, 0.990000000000000 ) );
#3462 = DIRECTION( '', ( -0.696735230307811, 0.717328389824299, 0.000000000000000 ) );
#3463 = DIRECTION( '', ( -0.717328389824299, -0.696735230307811, 0.000000000000000 ) );
#3464 = SURFACE_STYLE_FILL_AREA( #4989 );
#3465 = ORIENTED_EDGE( '', *, *, #4990, .F. );
#3466 = ORIENTED_EDGE( '', *, *, #4991, .F. );
#3467 = ORIENTED_EDGE( '', *, *, #4992, .F. );
#3468 = ORIENTED_EDGE( '', *, *, #4993, .F. );
#3469 = CARTESIAN_POINT( '', ( -1.45000000000000, -1.25000000000000, 0.000000000000000 ) );
#3470 = DIRECTION( '', ( 0.000000000000000, 0.000000000000000, 1.00000000000000 ) );
#3471 = DIRECTION( '', ( 1.00000000000000, 0.000000000000000, 0.000000000000000 ) );
#3472 = SURFACE_STYLE_FILL_AREA( #4994 );
#3473 = ORIENTED_EDGE( '', *, *, #4995, .T. );
#3474 = ORIENTED_EDGE( '', *, *, #4996, .F. );
#3475 = ORIENTED_EDGE( '', *, *, #4997, .T. );
#3476 = CARTESIAN_POINT( '', ( 0.950000000000000, -0.250000000000000, 0.850000000000000 ) );
#3477 = DIRECTION( '', ( 1.00000000000000, 0.000000000000000, 0.000000000000000 ) );
#3478 = DIRECTION( '', ( 0.000000000000000, 0.000000000000000, -1.00000000000000 ) );
#3479 = SURFACE_STYLE_FILL_AREA( #4998 );
#3480 = ORIENTED_EDGE( '', *, *, #4999, .F. );
#3481 = ORIENTED_EDGE( '', *, *, #5000, .F. );
#3482 = ORIENTED_EDGE( '', *, *, #5001, .T. );
#3483 = ORIENTED_EDGE( '', *, *, #5002, .T. );
#3484 = CARTESIAN_POINT( '', ( 1.00000000000000, -0.500000000000000, -1.20000000000000 ) );
#3485 = DIRECTION( '', ( 0.000000000000000, 0.000000000000000, -1.00000000000000 ) );
#3486 = DIRECTION( '', ( -1.00000000000000, 0.000000000000000, 0.000000000000000 ) );
#3487 = SURFACE_STYLE_FILL_AREA( #5003 );
#3488 = ORIENTED_EDGE( '', *, *, #5004, .F. );
#3489 = ORIENTED_EDGE( '', *, *, #5005, .F. );
#3490 = ORIENTED_EDGE( '', *, *, #5006, .T. );
#3491 = ORIENTED_EDGE( '', *, *, #5007, .T. );
#3492 = CARTESIAN_POINT( '', ( -0.221543408360128, -0.170578778135049, 0.990000000000000 ) );
#3493 = DIRECTION( '', ( 1.00000000000000, -3.09345757470635E-016, 0.000000000000000 ) );
#3494 = DIRECTION( '', ( 3.09345757470635E-016, 1.00000000000000, 0.000000000000000 ) );
#3495 = SURFACE_STYLE_FILL_AREA( #5008 );
#3496 = ORIENTED_EDGE( '', *, *, #4991, .T. );
#3497 = ORIENTED_EDGE( '', *, *, #5009, .F. );
#3498 = ORIENTED_EDGE( '', *, *, #5010, .F. );
#3499 = ORIENTED_EDGE( '', *, *, #5011, .T. );
#3500 = ORIENTED_EDGE( '', *, *, #5012, .T. );
#3501 = ORIENTED_EDGE( '', *, *, #5013, .F. );
#3502 = ORIENTED_EDGE( '', *, *, #5014, .F. );
#3503 = ORIENTED_EDGE( '', *, *, #5015, .T. );
#3504 = CARTESIAN_POINT( '', ( 1.45000000000000, 1.25000000000000, 1.00000000000000 ) );
#3505 = DIRECTION( '', ( -7.47725636196900E-017, -1.00000000000000, 0.000000000000000 ) );
#3506 = DIRECTION( '', ( 1.00000000000000, -7.47725636196900E-017, 0.000000000000000 ) );
#3507 = SURFACE_STYLE_FILL_AREA( #5016 );
#3508 = ORIENTED_EDGE( '', *, *, #5017, .F. );
#3509 = ORIENTED_EDGE( '', *, *, #5018, .F. );
#3510 = ORIENTED_EDGE( '', *, *, #5019, .F. );
#3511 = ORIENTED_EDGE( '', *, *, #5020, .F. );
#3512 = ORIENTED_EDGE( '', *, *, #5021, .F. );
#3513 = ORIENTED_EDGE( '', *, *, #5022, .F. );
#3514 = ORIENTED_EDGE( '', *, *, #5023, .F. );
#3515 = CARTESIAN_POINT( '', ( 0.770127010577573, 0.110874461105192, 0.990000000000000 ) );
#3516 = DIRECTION( '', ( 0.000000000000000, 0.000000000000000, 1.00000000000000 ) );
#3517 = DIRECTION( '', ( 1.00000000000000, 0.000000000000000, 0.000000000000000 ) );
#3518 = SURFACE_STYLE_FILL_AREA( #5024 );
#3519 = ORIENTED_EDGE( '', *, *, #5025, .F. );
#3520 = ORIENTED_EDGE( '', *, *, #5026, .F. );
#3521 = ORIENTED_EDGE( '', *, *, #5027, .T. );
#3522 = ORIENTED_EDGE( '', *, *, #5028, .T. );
#3523 = CARTESIAN_POINT( '', ( 0.0627009646302258, -0.170578778135049, 0.990000000000000 ) );
#3524 = DIRECTION( '', ( 4.58134341906240E-016, 1.00000000000000, 0.000000000000000 ) );
#3525 = DIRECTION( '', ( -1.00000000000000, 4.58134341906240E-016, 0.000000000000000 ) );
#3526 = SURFACE_STYLE_FILL_AREA( #5029 );
#3527 = ORIENTED_EDGE( '', *, *, #5030, .F. );
#3528 = ORIENTED_EDGE( '', *, *, #5031, .F. );
#3529 = ORIENTED_EDGE( '', *, *, #5032, .T. );
#3530 = ORIENTED_EDGE( '', *, *, #5033, .T. );
#3531 = CARTESIAN_POINT( '', ( -0.606109324758842, 0.0799035369774911, 0.990000000000000 ) );
#3532 = CARTESIAN_POINT( '', ( -0.600964630225080, 0.104662379421221, 0.990000000000000 ) );
#3533 = CARTESIAN_POINT( '', ( -0.592282958199356, 0.124598070739549, 0.990000000000000 ) );
#3534 = CARTESIAN_POINT( '', ( -0.580064308681672, 0.140032154340835, 0.990000000000000 ) );
#3535 = CARTESIAN_POINT( '', ( -0.568002141334971, 0.155268576252457, 0.990000000000000 ) );
#3536 = CARTESIAN_POINT( '', ( -0.550482315112540, 0.167041800643085, 0.990000000000000 ) );
#3537 = CARTESIAN_POINT( '', ( -0.527652733118971, 0.175401929260450, 0.990000000000000 ) );
#3538 = CARTESIAN_POINT( '', ( -0.504643453523563, 0.183827862633415, 0.990000000000000 ) );
#3539 = CARTESIAN_POINT( '', ( -0.478135048231511, 0.187620578778134, 0.990000000000000 ) );
#3540 = CARTESIAN_POINT( '', ( -0.418006430868167, 0.187620578778134, 0.990000000000000 ) );
#3541 = CARTESIAN_POINT( '', ( -0.393890675241157, 0.184083601286173, 0.990000000000000 ) );
#3542 = CARTESIAN_POINT( '', ( -0.374919614147910, 0.177009646302250, 0.990000000000000 ) );
#3543 = CARTESIAN_POINT( '', ( -0.356230846271433, 0.170040953195768, 0.990000000000000 ) );
#3544 = CARTESIAN_POINT( '', ( -0.342443729903537, 0.161254019292604, 0.990000000000000 ) );
#3545 = CARTESIAN_POINT( '', ( -0.325080385852089, 0.140032154340835, 0.990000000000000 ) );
#3546 = CARTESIAN_POINT( '', ( -0.318971061093247, 0.126527331189710, 0.990000000000000 ) );
#3547 = CARTESIAN_POINT( '', ( -0.315434083601286, 0.110450160771703, 0.990000000000000 ) );
#3548 = CARTESIAN_POINT( '', ( -0.313171011776021, 0.100163470656863, 0.990000000000000 ) );
#3549 = CARTESIAN_POINT( '', ( -0.312218649517685, 0.0818327974276519, 0.990000000000000 ) );
#3550 = CARTESIAN_POINT( '', ( -0.312218649517685, 0.0554662379421215, 0.990000000000000 ) );
#3551 = CARTESIAN_POINT( '', ( -0.312218649517685, 0.0289924973204708, 0.990000000000000 ) );
#3552 = CARTESIAN_POINT( '', ( -0.312218649517685, 0.00251875669882038, 0.990000000000000 ) );
#3553 = CARTESIAN_POINT( '', ( -0.312218649517685, -0.0239549839228304, 0.990000000000000 ) );
#3554 = CARTESIAN_POINT( '', ( -0.312218649517685, -0.0792604501607726, 0.990000000000000 ) );
#3555 = CARTESIAN_POINT( '', ( -0.310932475884244, -0.113987138263667, 0.990000000000000 ) );
#3556 = CARTESIAN_POINT( '', ( -0.308681672025723, -0.128778135048232, 0.990000000000000 ) );
#3557 = CARTESIAN_POINT( '', ( -0.306471413825623, -0.143302688934601, 0.990000000000000 ) );
#3558 = CARTESIAN_POINT( '', ( -0.301286173633440, -0.157395498392284, 0.990000000000000 ) );
#3559 = CARTESIAN_POINT( '', ( -0.294212218649517, -0.170578778135049, 0.990000000000000 ) );
#3560 = DIRECTION( '', ( 0.000000000000000, 0.000000000000000, 1.00000000000000 ) );
#3561 = SURFACE_STYLE_FILL_AREA( #5034 );
#3562 = ORIENTED_EDGE( '', *, *, #5035, .F. );
#3563 = ORIENTED_EDGE( '', *, *, #5036, .F. );
#3564 = ORIENTED_EDGE( '', *, *, #5037, .T. );
#3565 = ORIENTED_EDGE( '', *, *, #5031, .T. );
#3566 = CARTESIAN_POINT( '', ( -0.547266881028938, 0.0721864951768480, 0.990000000000000 ) );
#3567 = DIRECTION( '', ( 0.130034036800187, 0.991509530601420, 0.000000000000000 ) );
#3568 = DIRECTION( '', ( -0.991509530601420, 0.130034036800187, 0.000000000000000 ) );
#3569 = SURFACE_STYLE_FILL_AREA( #5038 );
#3570 = ORIENTED_EDGE( '', *, *, #5039, .T. );
#3571 = ORIENTED_EDGE( '', *, *, #5040, .F. );
#3572 = ORIENTED_EDGE( '', *, *, #5041, .F. );
#3573 = ORIENTED_EDGE( '', *, *, #5042, .T. );
#3574 = ORIENTED_EDGE( '', *, *, #4993, .T. );
#3575 = ORIENTED_EDGE( '', *, *, #5043, .F. );
#3576 = ORIENTED_EDGE( '', *, *, #5044, .F. );
#3577 = ORIENTED_EDGE( '', *, *, #5045, .T. );
#3578 = CARTESIAN_POINT( '', ( -1.45000000000000, -1.25000000000000, 1.00000000000000 ) );
#3579 = DIRECTION( '', ( 7.47725636196900E-017, 1.00000000000000, 0.000000000000000 ) );
#3580 = DIRECTION( '', ( -1.00000000000000, 7.47725636196900E-017, 0.000000000000000 ) );
#3581 = SURFACE_STYLE_FILL_AREA( #5046 );
#3582 = ORIENTED_EDGE( '', *, *, #5047, .F. );
#3583 = ORIENTED_EDGE( '', *, *, #5048, .T. );
#3584 = CARTESIAN_POINT( '', ( -0.950000000000000, 0.000000000000000, 3.68628738645072E-015 ) );
#3585 = DIRECTION( '', ( -1.00000000000000, 6.12303176911189E-017, 0.000000000000000 ) );
#3586 = DIRECTION( '', ( -6.12303176911189E-017, -1.00000000000000, 0.000000000000000 ) );
#3587 = SURFACE_STYLE_FILL_AREA( #5049 );
#3588 = ORIENTED_EDGE( '', *, *, #5050, .F. );
#3589 = ORIENTED_EDGE( '', *, *, #5051, .F. );
#3590 = ORIENTED_EDGE( '', *, *, #5052, .T. );
#3591 = ORIENTED_EDGE( '', *, *, #5053, .T. );
#3592 = CARTESIAN_POINT( '', ( -0.692282958199356, -0.170578778135049, 0.990000000000000 ) );
#3593 = DIRECTION( '', ( 8.82688156133479E-016, 1.00000000000000, 0.000000000000000 ) );
#3594 = DIRECTION( '', ( -1.00000000000000, 8.82688156133479E-016, 0.000000000000000 ) );
#3595 = SURFACE_STYLE_FILL_AREA( #5054 );
#3596 = ORIENTED_EDGE( '', *, *, #5055, .F. );
#3597 = ORIENTED_EDGE( '', *, *, #5056, .F. );
#3598 = ORIENTED_EDGE( '', *, *, #5057, .T. );
#3599 = ORIENTED_EDGE( '', *, *, #5058, .T. );
#3600 = CARTESIAN_POINT( '', ( -0.952090032154340, -0.170578778135049, 0.990000000000000 ) );
#3601 = DIRECTION( '', ( 0.947043000102940, 0.321106767222404, 0.000000000000000 ) );
#3602 = DIRECTION( '', ( -0.321106767222404, 0.947043000102940, 0.000000000000000 ) );
#3603 = SURFACE_STYLE_FILL_AREA( #5059 );
#3604 = ORIENTED_EDGE( '', *, *, #5060, .F. );
#3605 = ORIENTED_EDGE( '', *, *, #5061, .F. );
#3606 = ORIENTED_EDGE( '', *, *, #5062, .T. );
#3607 = ORIENTED_EDGE( '', *, *, #5063, .F. );
#3608 = CARTESIAN_POINT( '', ( 0.750000000000000, -2.16840434497101E-016, 1.00000000000000 ) );
#3609 = DIRECTION( '', ( -1.00000000000000, 6.12303176911189E-017, 0.000000000000000 ) );
#3610 = DIRECTION( '', ( -6.12303176911189E-017, -1.00000000000000, 0.000000000000000 ) );
#3611 = SURFACE_STYLE_FILL_AREA( #5064 );
#3612 = ORIENTED_EDGE( '', *, *, #5065, .F. );
#3613 = ORIENTED_EDGE( '', *, *, #5066, .F. );
#3614 = CARTESIAN_POINT( '', ( -0.950000000000000, -2.16840434497101E-016, 1.00000000000000 ) );
#3615 = DIRECTION( '', ( -1.00000000000000, 6.12303176911189E-017, 0.000000000000000 ) );
#3616 = DIRECTION( '', ( -6.12303176911189E-017, -1.00000000000000, 0.000000000000000 ) );
#3617 = SURFACE_STYLE_FILL_AREA( #5067 );
#3618 = ORIENTED_EDGE( '', *, *, #5068, .F. );
#3619 = ORIENTED_EDGE( '', *, *, #5069, .F. );
#3620 = ORIENTED_EDGE( '', *, *, #5070, .T. );
#3621 = ORIENTED_EDGE( '', *, *, #5071, .T. );
#3622 = CARTESIAN_POINT( '', ( 0.950000000000000, 0.250000000000000, 0.850000000000000 ) );
#3623 = DIRECTION( '', ( 0.447213595499958, -0.894427190999916, 0.000000000000000 ) );
#3624 = DIRECTION( '', ( 0.894427190999916, 0.447213595499958, 0.000000000000000 ) );
#3625 = SURFACE_STYLE_FILL_AREA( #5072 );
#3626 = ORIENTED_EDGE( '', *, *, #5073, .T. );
#3627 = ORIENTED_EDGE( '', *, *, #5074, .F. );
#3628 = ORIENTED_EDGE( '', *, *, #5075, .F. );
#3629 = ORIENTED_EDGE( '', *, *, #5076, .F. );
#3630 = ORIENTED_EDGE( '', *, *, #5077, .T. );
#3631 = ORIENTED_EDGE( '', *, *, #5078, .T. );
#3632 = ORIENTED_EDGE( '', *, *, #5079, .T. );
#3633 = CARTESIAN_POINT( '', ( -1.45000000000000, 0.500000000000000, -1.05000000000000 ) );
#3634 = DIRECTION( '', ( 0.000000000000000, -1.00000000000000, 0.000000000000000 ) );
#3635 = DIRECTION( '', ( 0.000000000000000, 0.000000000000000, -1.00000000000000 ) );
#3636 = SURFACE_STYLE_FILL_AREA( #5080 );
#3637 = ORIENTED_EDGE( '', *, *, #5081, .F. );
#3638 = ORIENTED_EDGE( '', *, *, #5082, .F. );
#3639 = ORIENTED_EDGE( '', *, *, #5018, .T. );
#3640 = ORIENTED_EDGE( '', *, *, #5083, .T. );
#3641 = CARTESIAN_POINT( '', ( 0.716398713826367, -0.170578778135049, 0.990000000000000 ) );
#3642 = CARTESIAN_POINT( '', ( 0.716398713826367, -0.0994105037513403, 0.990000000000000 ) );
#3643 = CARTESIAN_POINT( '', ( 0.716398713826367, -0.0282422293676317, 0.990000000000000 ) );
#3644 = CARTESIAN_POINT( '', ( 0.716398713826367, 0.0429260450160770, 0.990000000000000 ) );
#3645 = CARTESIAN_POINT( '', ( 0.716398713826367, 0.0670418006430865, 0.990000000000000 ) );
#3646 = CARTESIAN_POINT( '', ( 0.714147909967846, 0.0850482315112535, 0.990000000000000 ) );
#3647 = CARTESIAN_POINT( '', ( 0.709646302250805, 0.0972668810289385, 0.990000000000000 ) );
#3648 = CARTESIAN_POINT( '', ( 0.705210571719866, 0.109306721041486, 0.990000000000000 ) );
#3649 = CARTESIAN_POINT( '', ( 0.696784565916400, 0.118810289389067, 0.990000000000000 ) );
#3650 = CARTESIAN_POINT( '', ( 0.672990353697750, 0.132958199356913, 0.990000000000000 ) );
#3651 = CARTESIAN_POINT( '', ( 0.659163987138265, 0.136495176848874, 0.990000000000000 ) );
#3652 = CARTESIAN_POINT( '', ( 0.643086816720258, 0.136816720257234, 0.990000000000000 ) );
#3653 = CARTESIAN_POINT( '', ( 0.617701472465677, 0.137324427142326, 0.990000000000000 ) );
#3654 = CARTESIAN_POINT( '', ( 0.595819935691319, 0.128456591639871, 0.990000000000000 ) );
#3655 = CARTESIAN_POINT( '', ( 0.559163987138265, 0.0963022508038582, 0.990000000000000 ) );
#3656 = CARTESIAN_POINT( '', ( 0.549839228295821, 0.0657556270096458, 0.990000000000000 ) );
#3657 = CARTESIAN_POINT( '', ( 0.549839228295821, 0.0210610932475880, 0.990000000000000 ) );
#3658 = CARTESIAN_POINT( '', ( 0.549839228295821, -0.0428188638799576, 0.990000000000000 ) );
#3659 = CARTESIAN_POINT( '', ( 0.549839228295821, -0.106698821007503, 0.990000000000000 ) );
#3660 = CARTESIAN_POINT( '', ( 0.549839228295821, -0.170578778135049, 0.990000000000000 ) );
#3661 = DIRECTION( '', ( 0.000000000000000, 0.000000000000000, 1.00000000000000 ) );
#3662 = SURFACE_STYLE_FILL_AREA( #5084 );
#3663 = ORIENTED_EDGE( '', *, *, #5085, .F. );
#3664 = ORIENTED_EDGE( '', *, *, #5086, .F. );
#3665 = ORIENTED_EDGE( '', *, *, #5087, .T. );
#3666 = ORIENTED_EDGE( '', *, *, #5088, .T. );
#3667 = CARTESIAN_POINT( '', ( 0.221221864951770, -0.170578778135048, 0.990000000000000 ) );
#3668 = DIRECTION( '', ( 0.835508021739430, 0.549478248531336, 0.000000000000000 ) );
#3669 = DIRECTION( '', ( -0.549478248531336, 0.835508021739430, 0.000000000000000 ) );
#3670 = SURFACE_STYLE_FILL_AREA( #5089 );
#3671 = ORIENTED_EDGE( '', *, *, #5090, .F. );
#3672 = ORIENTED_EDGE( '', *, *, #5091, .F. );
#3673 = ORIENTED_EDGE( '', *, *, #5092, .T. );
#3674 = ORIENTED_EDGE( '', *, *, #5093, .T. );
#3675 = CARTESIAN_POINT( '', ( -0.753697749196141, 0.234244372990353, 0.990000000000000 ) );
#3676 = DIRECTION( '', ( -0.943776519914421, 0.330584150343335, 0.000000000000000 ) );
#3677 = DIRECTION( '', ( -0.330584150343335, -0.943776519914421, 0.000000000000000 ) );
#3678 = SURFACE_STYLE_FILL_AREA( #5094 );
#3679 = ORIENTED_EDGE( '', *, *, #5095, .F. );
#3680 = ORIENTED_EDGE( '', *, *, #5096, .T. );
#3681 = CARTESIAN_POINT( '', ( 0.950000000000000, 0.000000000000000, 3.68628738645072E-015 ) );
#3682 = DIRECTION( '', ( -1.00000000000000, 6.12303176911189E-017, 0.000000000000000 ) );
#3683 = DIRECTION( '', ( -6.12303176911189E-017, -1.00000000000000, 0.000000000000000 ) );
#3684 = SURFACE_STYLE_FILL_AREA( #5097 );
#3685 = ORIENTED_EDGE( '', *, *, #5098, .F. );
#3686 = ORIENTED_EDGE( '', *, *, #5099, .F. );
#3687 = ORIENTED_EDGE( '', *, *, #5100, .F. );
#3688 = ORIENTED_EDGE( '', *, *, #5101, .T. );
#3689 = ORIENTED_EDGE( '', *, *, #5102, .F. );
#3690 = ORIENTED_EDGE( '', *, *, #5013, .T. );
#3691 = ORIENTED_EDGE( '', *, *, #5103, .T. );
#3692 = ORIENTED_EDGE( '', *, *, #5045, .F. );
#3693 = CARTESIAN_POINT( '', ( -1.45000000000000, 1.25000000000000, 1.00000000000000 ) );
#3694 = DIRECTION( '', ( 1.00000000000000, -8.67361737988404E-017, 0.000000000000000 ) );
#3695 = DIRECTION( '', ( 8.67361737988404E-017, 1.00000000000000, 0.000000000000000 ) );
#3696 = SURFACE_STYLE_FILL_AREA( #5104 );
#3697 = ORIENTED_EDGE( '', *, *, #5105, .F. );
#3698 = ORIENTED_EDGE( '', *, *, #5106, .F. );
#3699 = ORIENTED_EDGE( '', *, *, #5107, .F. );
#3700 = ORIENTED_EDGE( '', *, *, #5108, .F. );
#3701 = CARTESIAN_POINT( '', ( 0.371704180064310, -0.170578778135048, 0.990000000000000 ) );
#3702 = DIRECTION( '', ( 0.000000000000000, 0.000000000000000, 1.00000000000000 ) );
#3703 = DIRECTION( '', ( 1.00000000000000, 0.000000000000000, 0.000000000000000 ) );
#3704 = SURFACE_STYLE_FILL_AREA( #5109 );
#3705 = ORIENTED_EDGE( '', *, *, #5110, .F. );
#3706 = ORIENTED_EDGE( '', *, *, #5039, .F. );
#3707 = ORIENTED_EDGE( '', *, *, #5103, .F. );
#3708 = ORIENTED_EDGE( '', *, *, #5012, .F. );
#3709 = CARTESIAN_POINT( '', ( -1.45000000000000, -1.25000000000000, 0.000000000000000 ) );
#3710 = DIRECTION( '', ( 0.000000000000000, 0.000000000000000, 1.00000000000000 ) );
#3711 = DIRECTION( '', ( 1.00000000000000, 0.000000000000000, 0.000000000000000 ) );
#3712 = SURFACE_STYLE_FILL_AREA( #5111 );
#3713 = ORIENTED_EDGE( '', *, *, #5112, .F. );
#3714 = ORIENTED_EDGE( '', *, *, #5113, .F. );
#3715 = ORIENTED_EDGE( '', *, *, #5114, .T. );
#3716 = ORIENTED_EDGE( '', *, *, #4981, .T. );
#3717 = CARTESIAN_POINT( '', ( -0.0334405144694528, 0.168649517684886, 0.990000000000000 ) );
#3718 = DIRECTION( '', ( -0.935187216216636, 0.354153738685588, 0.000000000000000 ) );
#3719 = DIRECTION( '', ( -0.354153738685588, -0.935187216216636, 0.000000000000000 ) );
#3720 = SURFACE_STYLE_FILL_AREA( #5115 );
#3721 = ORIENTED_EDGE( '', *, *, #5116, .F. );
#3722 = ORIENTED_EDGE( '', *, *, #5117, .F. );
#3723 = ORIENTED_EDGE( '', *, *, #5108, .T. );
#3724 = ORIENTED_EDGE( '', *, *, #5118, .T. );
#3725 = CARTESIAN_POINT( '', ( 0.342122186495178, -0.170578778135048, 0.990000000000000 ) );
#3726 = DIRECTION( '', ( 1.00000000000000, -4.64018636205952E-016, 0.000000000000000 ) );
#3727 = DIRECTION( '', ( 4.64018636205952E-016, 1.00000000000000, 0.000000000000000 ) );
#3728 = SURFACE_STYLE_FILL_AREA( #5119 );
#3729 = ORIENTED_EDGE( '', *, *, #5120, .F. );
#3730 = ORIENTED_EDGE( '', *, *, #4982, .F. );
#3731 = ORIENTED_EDGE( '', *, *, #5114, .F. );
#3732 = ORIENTED_EDGE( '', *, *, #5121, .F. );
#3733 = ORIENTED_EDGE( '', *, *, #5122, .F. );
#3734 = ORIENTED_EDGE( '', *, *, #5123, .F. );
#3735 = ORIENTED_EDGE( '', *, *, #5006, .F. );
#3736 = CARTESIAN_POINT( '', ( -0.112989430529723, 0.184690882661342, 0.990000000000000 ) );
#3737 = DIRECTION( '', ( 0.000000000000000, 0.000000000000000, 1.00000000000000 ) );
#3738 = DIRECTION( '', ( 1.00000000000000, 0.000000000000000, 0.000000000000000 ) );
#3739 = SURFACE_STYLE_FILL_AREA( #5124 );
#3740 = ORIENTED_EDGE( '', *, *, #5125, .F. );
#3741 = ORIENTED_EDGE( '', *, *, #5126, .F. );
#3742 = ORIENTED_EDGE( '', *, *, #5048, .F. );
#3743 = ORIENTED_EDGE( '', *, *, #5127, .F. );
#3744 = ORIENTED_EDGE( '', *, *, #5128, .F. );
#3745 = ORIENTED_EDGE( '', *, *, #5129, .T. );
#3746 = ORIENTED_EDGE( '', *, *, #5130, .T. );
#3747 = ORIENTED_EDGE( '', *, *, #5131, .T. );
#3748 = ORIENTED_EDGE( '', *, *, #5095, .T. );
#3749 = ORIENTED_EDGE( '', *, *, #5132, .T. );
#3750 = CARTESIAN_POINT( '', ( 0.950000000000000, 0.000000000000000, 3.68628738645072E-015 ) );
#3751 = DIRECTION( '', ( 1.00000000000000, -0.000000000000000, -0.000000000000000 ) );
#3752 = DIRECTION( '', ( 0.000000000000000, 0.000000000000000, 1.00000000000000 ) );
#3753 = SURFACE_STYLE_FILL_AREA( #5133 );
#3754 = ORIENTED_EDGE( '', *, *, #5134, .T. );
#3755 = ORIENTED_EDGE( '', *, *, #5135, .F. );
#3756 = ORIENTED_EDGE( '', *, *, #5136, .F. );
#3757 = ORIENTED_EDGE( '', *, *, #5137, .T. );
#3758 = CARTESIAN_POINT( '', ( 1.45000000000000, 0.500000000000000, -0.150000000000000 ) );
#3759 = DIRECTION( '', ( 0.447213595499958, -0.894427190999916, 0.000000000000000 ) );
#3760 = DIRECTION( '', ( 0.894427190999916, 0.447213595499958, 0.000000000000000 ) );
#3761 = SURFACE_STYLE_FILL_AREA( #5138 );
#3762 = ORIENTED_EDGE( '', *, *, #5139, .F. );
#3763 = ORIENTED_EDGE( '', *, *, #5130, .F. );
#3764 = CARTESIAN_POINT( '', ( 0.950000000000000, 0.000000000000000, 3.68628738645072E-015 ) );
#3765 = DIRECTION( '', ( -1.00000000000000, 6.12303176911189E-017, 0.000000000000000 ) );
#3766 = DIRECTION( '', ( -6.12303176911189E-017, -1.00000000000000, 0.000000000000000 ) );
#3767 = SURFACE_STYLE_FILL_AREA( #5140 );
#3768 = ORIENTED_EDGE( '', *, *, #5141, .F. );
#3769 = ORIENTED_EDGE( '', *, *, #5142, .F. );
#3770 = ORIENTED_EDGE( '', *, *, #5122, .T. );
#3771 = ORIENTED_EDGE( '', *, *, #5143, .T. );
#3772 = CARTESIAN_POINT( '', ( -0.168167202572347, 0.179903536977492, 0.990000000000000 ) );
#3773 = DIRECTION( '', ( -1.00000000000000, -2.04355682207873E-015, 0.000000000000000 ) );
#3774 = DIRECTION( '', ( 2.04355682207873E-015, -1.00000000000000, 0.000000000000000 ) );
#3775 = SURFACE_STYLE_FILL_AREA( #5144 );
#3776 = ORIENTED_EDGE( '', *, *, #5129, .F. );
#3777 = ORIENTED_EDGE( '', *, *, #5137, .F. );
#3778 = ORIENTED_EDGE( '', *, *, #5145, .F. );
#3779 = CARTESIAN_POINT( '', ( 0.950000000000000, -0.250000000000000, -0.150000000000000 ) );
#3780 = DIRECTION( '', ( 1.00000000000000, 0.000000000000000, 0.000000000000000 ) );
#3781 = DIRECTION( '', ( 0.000000000000000, 0.000000000000000, -1.00000000000000 ) );
#3782 = SURFACE_STYLE_FILL_AREA( #5146 );
#3783 = ORIENTED_EDGE( '', *, *, #5147, .T. );
#3784 = ORIENTED_EDGE( '', *, *, #5148, .T. );
#3785 = ORIENTED_EDGE( '', *, *, #5149, .T. );
#3786 = ORIENTED_EDGE( '', *, *, #5062, .F. );
#3787 = CARTESIAN_POINT( '', ( 0.750000000000000, -2.16840434497101E-016, 1.00000000000000 ) );
#3788 = DIRECTION( '', ( 1.00000000000000, -0.000000000000000, -0.000000000000000 ) );
#3789 = DIRECTION( '', ( 0.000000000000000, 0.000000000000000, 1.00000000000000 ) );
#3790 = SURFACE_STYLE_FILL_AREA( #5150 );
#3791 = ORIENTED_EDGE( '', *, *, #5151, .F. );
#3792 = ORIENTED_EDGE( '', *, *, #5152, .F. );
#3793 = ORIENTED_EDGE( '', *, *, #5153, .T. );
#3794 = ORIENTED_EDGE( '', *, *, #5154, .T. );
#3795 = CARTESIAN_POINT( '', ( 1.09389067524116, -0.125241157556270, 0.990000000000000 ) );
#3796 = CARTESIAN_POINT( '', ( 1.06752411575563, -0.155787781350482, 0.990000000000000 ) );
#3797 = CARTESIAN_POINT( '', ( 1.03504823151125, -0.170578778135048, 0.990000000000000 ) );
#3798 = CARTESIAN_POINT( '', ( 0.947909967845660, -0.170578778135048, 0.990000000000000 ) );
#3799 = CARTESIAN_POINT( '', ( 0.910610932475885, -0.153536977491962, 0.990000000000000 ) );
#3800 = CARTESIAN_POINT( '', ( 0.883922829581994, -0.118488745980708, 0.990000000000000 ) );
#3801 = CARTESIAN_POINT( '', ( 0.857507721667093, -0.0837990259478853, 0.990000000000000 ) );
#3802 = CARTESIAN_POINT( '', ( 0.844372990353698, -0.0422829581993575, 0.990000000000000 ) );
#3803 = CARTESIAN_POINT( '', ( 0.844372990353699, 0.0397106109324752, 0.990000000000000 ) );
#3804 = CARTESIAN_POINT( '', ( 0.850160771704181, 0.0705787781350481, 0.990000000000000 ) );
#3805 = CARTESIAN_POINT( '', ( 0.862379421221866, 0.0991961414790990, 0.990000000000000 ) );
#3806 = CARTESIAN_POINT( '', ( 0.874365831592285, 0.127269576294027, 0.990000000000000 ) );
#3807 = CARTESIAN_POINT( '', ( 0.892282958199357, 0.149035369774919, 0.990000000000000 ) );
#3808 = CARTESIAN_POINT( '', ( 0.938585209003216, 0.179903536977492, 0.990000000000000 ) );
#3809 = CARTESIAN_POINT( '', ( 0.965594855305467, 0.187620578778134, 0.990000000000000 ) );
#3810 = CARTESIAN_POINT( '', ( 1.03826366559486, 0.187620578778135, 0.990000000000000 ) );
#3811 = CARTESIAN_POINT( '', ( 1.07234726688103, 0.170578778135048, 0.990000000000000 ) );
#3812 = CARTESIAN_POINT( '', ( 1.09935691318328, 0.136816720257234, 0.990000000000000 ) );
#3813 = DIRECTION( '', ( 0.000000000000000, 0.000000000000000, 1.00000000000000 ) );
#3814 = SURFACE_STYLE_FILL_AREA( #5155 );
#3815 = ORIENTED_EDGE( '', *, *, #5156, .F. );
#3816 = ORIENTED_EDGE( '', *, *, #5157, .F. );
#3817 = ORIENTED_EDGE( '', *, *, #5158, .F. );
#3818 = ORIENTED_EDGE( '', *, *, #5159, .F. );
#3819 = ORIENTED_EDGE( '', *, *, #5160, .F. );
#3820 = ORIENTED_EDGE( '', *, *, #5161, .F. );
#3821 = CARTESIAN_POINT( '', ( -0.950000000000000, -0.250000000000000, -0.150000000000000 ) );
#3822 = DIRECTION( '', ( 0.000000000000000, 0.000000000000000, 1.00000000000000 ) );
#3823 = DIRECTION( '', ( 1.00000000000000, 0.000000000000000, 0.000000000000000 ) );
#3824 = SURFACE_STYLE_FILL_AREA( #5162 );
#3825 = ORIENTED_EDGE( '', *, *, #5163, .T. );
#3826 = ORIENTED_EDGE( '', *, *, #5079, .F. );
#3827 = ORIENTED_EDGE( '', *, *, #5164, .T. );
#3828 = ORIENTED_EDGE( '', *, *, #5165, .T. );
#3829 = CARTESIAN_POINT( '', ( -1.60000000000000, -0.500000000000000, -1.05000000000000 ) );
#3830 = DIRECTION( '', ( 1.00000000000000, 8.88178419700125E-016, 0.000000000000000 ) );
#3831 = DIRECTION( '', ( -8.88178419700125E-016, 1.00000000000000, 0.000000000000000 ) );
#3832 = SURFACE_STYLE_FILL_AREA( #5166 );
#3833 = ORIENTED_EDGE( '', *, *, #5167, .T. );
#3834 = ORIENTED_EDGE( '', *, *, #5126, .T. );
#3835 = ORIENTED_EDGE( '', *, *, #5159, .T. );
#3836 = CARTESIAN_POINT( '', ( -0.950000000000000, -0.250000000000000, -0.150000000000000 ) );
#3837 = DIRECTION( '', ( 1.00000000000000, 0.000000000000000, 0.000000000000000 ) );
#3838 = DIRECTION( '', ( 0.000000000000000, 0.000000000000000, -1.00000000000000 ) );
#3839 = SURFACE_STYLE_FILL_AREA( #5168 );
#3840 = ORIENTED_EDGE( '', *, *, #5125, .T. );
#3841 = ORIENTED_EDGE( '', *, *, #5169, .T. );
#3842 = CARTESIAN_POINT( '', ( 0.775000000000000, -0.101962678692629, -0.211727683957071 ) );
#3843 = DIRECTION( '', ( 1.00000000000000, -6.12303176911189E-017, 0.000000000000000 ) );
#3844 = DIRECTION( '', ( 6.12303176911189E-017, 1.00000000000000, 0.000000000000000 ) );
#3845 = SURFACE_STYLE_FILL_AREA( #5170 );
#3846 = ORIENTED_EDGE( '', *, *, #5171, .T. );
#3847 = ORIENTED_EDGE( '', *, *, #5172, .F. );
#3848 = ORIENTED_EDGE( '', *, *, #5173, .F. );
#3849 = ORIENTED_EDGE( '', *, *, #5174, .T. );
#3850 = CARTESIAN_POINT( '', ( 1.45000000000000, -0.500000000000000, -0.150000000000000 ) );
#3851 = DIRECTION( '', ( 0.447213595499958, 0.894427190999916, 0.000000000000000 ) );
#3852 = DIRECTION( '', ( -0.894427190999916, 0.447213595499958, 0.000000000000000 ) );
#3853 = SURFACE_STYLE_FILL_AREA( #5175 );
#3854 = ORIENTED_EDGE( '', *, *, #4970, .F. );
#3855 = ORIENTED_EDGE( '', *, *, #4977, .F. );
#3856 = ORIENTED_EDGE( '', *, *, #5176, .F. );
#3857 = ORIENTED_EDGE( '', *, *, #5177, .F. );
#3858 = CARTESIAN_POINT( '', ( -1.45000000000000, 1.05000000000000, 1.00000000000000 ) );
#3859 = DIRECTION( '', ( 5.28721867821854E-017, 0.707106781186548, 0.707106781186547 ) );
#3860 = DIRECTION( '', ( 0.000000000000000, -0.707106781186547, 0.707106781186548 ) );
#3861 = SURFACE_STYLE_FILL_AREA( #5178 );
#3862 = ORIENTED_EDGE( '', *, *, #5179, .F. );
#3863 = ORIENTED_EDGE( '', *, *, #5180, .F. );
#3864 = ORIENTED_EDGE( '', *, *, #5057, .F. );
#3865 = ORIENTED_EDGE( '', *, *, #5181, .F. );
#3866 = ORIENTED_EDGE( '', *, *, #5092, .F. );
#3867 = ORIENTED_EDGE( '', *, *, #5182, .F. );
#3868 = ORIENTED_EDGE( '', *, *, #5052, .F. );
#3869 = ORIENTED_EDGE( '', *, *, #5183, .F. );
#3870 = ORIENTED_EDGE( '', *, *, #5184, .F. );
#3871 = ORIENTED_EDGE( '', *, *, #5185, .F. );
#3872 = ORIENTED_EDGE( '', *, *, #5186, .F. );
#3873 = ORIENTED_EDGE( '', *, *, #5187, .F. );
#3874 = ORIENTED_EDGE( '', *, *, #5188, .F. );
#3875 = CARTESIAN_POINT( '', ( -0.988166107581266, 0.105763895301266, 0.990000000000000 ) );
#3876 = DIRECTION( '', ( 0.000000000000000, 0.000000000000000, 1.00000000000000 ) );
#3877 = DIRECTION( '', ( 1.00000000000000, 0.000000000000000, 0.000000000000000 ) );
#3878 = SURFACE_STYLE_FILL_AREA( #5189 );
#3879 = ORIENTED_EDGE( '', *, *, #5190, .F. );
#3880 = ORIENTED_EDGE( '', *, *, #5191, .F. );
#3881 = ORIENTED_EDGE( '', *, *, #5192, .T. );
#3882 = ORIENTED_EDGE( '', *, *, #5193, .T. );
#3883 = CARTESIAN_POINT( '', ( -0.371382636655948, 0.00498392282958105, 0.990000000000000 ) );
#3884 = CARTESIAN_POINT( '', ( -0.392926045016077, -0.00369774919614240, 0.990000000000000 ) );
#3885 = CARTESIAN_POINT( '', ( -0.425401929260449, -0.0110932475884251, 0.990000000000000 ) );
#3886 = CARTESIAN_POINT( '', ( -0.468810289389067, -0.0172025723472675, 0.990000000000000 ) );
#3887 = CARTESIAN_POINT( '', ( -0.493261065359501, -0.0206437926690325, 0.990000000000000 ) );
#3888 = CARTESIAN_POINT( '', ( -0.510610932475883, -0.0249196141479111, 0.990000000000000 ) );
#3889 = CARTESIAN_POINT( '', ( -0.520900321543408, -0.0290996784565925, 0.990000000000000 ) );
#3890 = CARTESIAN_POINT( '', ( -0.531301833040000, -0.0333252925020831, 0.990000000000000 ) );
#3891 = CARTESIAN_POINT( '', ( -0.538906752411575, -0.0400321543408368, 0.990000000000000 ) );
#3892 = CARTESIAN_POINT( '', ( -0.544372990353697, -0.0483922829582004, 0.990000000000000 ) );
#3893 = CARTESIAN_POINT( '', ( -0.550082801592722, -0.0571249354414152, 0.990000000000000 ) );
#3894 = CARTESIAN_POINT( '', ( -0.552733118971060, -0.0663987138263675, 0.990000000000000 ) );
#3895 = CARTESIAN_POINT( '', ( -0.552733118971060, -0.0927652733118979, 0.990000000000000 ) );
#3896 = CARTESIAN_POINT( '', ( -0.546623794212218, -0.105948553054663, 0.990000000000000 ) );
#3897 = CARTESIAN_POINT( '', ( -0.534726688102893, -0.116237942122188, 0.990000000000000 ) );
#3898 = DIRECTION( '', ( 0.000000000000000, 0.000000000000000, 1.00000000000000 ) );
#3899 = SURFACE_STYLE_FILL_AREA( #5194 );
#3900 = ORIENTED_EDGE( '', *, *, #5131, .F. );
#3901 = ORIENTED_EDGE( '', *, *, #5195, .F. );
#3902 = ORIENTED_EDGE( '', *, *, #5172, .T. );
#3903 = CARTESIAN_POINT( '', ( 0.950000000000000, -0.250000000000000, -0.150000000000000 ) );
#3904 = DIRECTION( '', ( 1.00000000000000, 0.000000000000000, 0.000000000000000 ) );
#3905 = DIRECTION( '', ( 0.000000000000000, 0.000000000000000, -1.00000000000000 ) );
#3906 = SURFACE_STYLE_FILL_AREA( #5196 );
#3907 = ORIENTED_EDGE( '', *, *, #5197, .F. );
#3908 = ORIENTED_EDGE( '', *, *, #5098, .T. );
#3909 = ORIENTED_EDGE( '', *, *, #5044, .T. );
#3910 = ORIENTED_EDGE( '', *, *, #5198, .T. );
#3911 = ORIENTED_EDGE( '', *, *, #5199, .T. );
#3912 = ORIENTED_EDGE( '', *, *, #5200, .F. );
#3913 = ORIENTED_EDGE( '', *, *, #5063, .T. );
#3914 = ORIENTED_EDGE( '', *, *, #5149, .F. );
#3915 = ORIENTED_EDGE( '', *, *, #5201, .F. );
#3916 = ORIENTED_EDGE( '', *, *, #5202, .F. );
#3917 = CARTESIAN_POINT( '', ( -1.45000000000000, -1.25000000000000, 1.00000000000000 ) );
#3918 = DIRECTION( '', ( 0.000000000000000, 0.000000000000000, 1.00000000000000 ) );
#3919 = DIRECTION( '', ( 1.00000000000000, 0.000000000000000, 0.000000000000000 ) );
#3920 = SURFACE_STYLE_FILL_AREA( #5203 );
#3921 = ORIENTED_EDGE( '', *, *, #5204, .F. );
#3922 = ORIENTED_EDGE( '', *, *, #5205, .F. );
#3923 = ORIENTED_EDGE( '', *, *, #5206, .T. );
#3924 = ORIENTED_EDGE( '', *, *, #5207, .T. );
#3925 = CARTESIAN_POINT( '', ( 1.15273311897106, 0.179903536977492, 0.990000000000000 ) );
#3926 = CARTESIAN_POINT( '', ( 1.15273311897106, 0.0789389067524115, 0.990000000000000 ) );
#3927 = CARTESIAN_POINT( '', ( 1.15273311897106, -0.0220257234726693, 0.990000000000000 ) );
#3928 = CARTESIAN_POINT( '', ( 1.15273311897106, -0.122990353697750, 0.990000000000000 ) );
#3929 = CARTESIAN_POINT( '', ( 1.15273311897106, -0.177331189710612, 0.990000000000000 ) );
#3930 = CARTESIAN_POINT( '', ( 1.14726688102894, -0.215916398713827, 0.990000000000000 ) );
#3931 = CARTESIAN_POINT( '', ( 1.13601286173633, -0.238745980707396, 0.990000000000000 ) );
#3932 = CARTESIAN_POINT( '', ( 1.12482170402612, -0.261448043490979, 0.990000000000000 ) );
#3933 = CARTESIAN_POINT( '', ( 1.10739549839228, -0.279581993569132, 0.990000000000000 ) );
#3934 = CARTESIAN_POINT( '', ( 1.05916398713826, -0.305948553054663, 0.990000000000000 ) );
#3935 = CARTESIAN_POINT( '', ( 1.02958199356913, -0.312379421221865, 0.990000000000000 ) );
#3936 = CARTESIAN_POINT( '', ( 0.952411575562701, -0.312379421221866, 0.990000000000000 ) );
#3937 = CARTESIAN_POINT( '', ( 0.918649517684888, -0.303054662379421, 0.990000000000000 ) );
#3938 = CARTESIAN_POINT( '', ( 0.892926045016078, -0.284405144694534, 0.990000000000000 ) );
#3939 = CARTESIAN_POINT( '', ( 0.867049770072094, -0.265644845360146, 0.990000000000000 ) );
#3940 = CARTESIAN_POINT( '', ( 0.854662379421222, -0.237138263665596, 0.990000000000000 ) );
#3941 = CARTESIAN_POINT( '', ( 0.855627009646303, -0.199196141479100, 0.990000000000000 ) );
#3942 = DIRECTION( '', ( 0.000000000000000, 0.000000000000000, 1.00000000000000 ) );
#3943 = SURFACE_STYLE_FILL_AREA( #5208 );
#3944 = ORIENTED_EDGE( '', *, *, #5199, .F. );
#3945 = ORIENTED_EDGE( '', *, *, #5209, .F. );
#3946 = ORIENTED_EDGE( '', *, *, #5210, .T. );
#3947 = ORIENTED_EDGE( '', *, *, #4996, .T. );
#3948 = CARTESIAN_POINT( '', ( 0.950000000000000, -0.250000000000000, 0.850000000000000 ) );
#3949 = DIRECTION( '', ( 0.447213595499958, 0.894427190999916, 0.000000000000000 ) );
#3950 = DIRECTION( '', ( -0.894427190999916, 0.447213595499958, 0.000000000000000 ) );
#3951 = SURFACE_STYLE_FILL_AREA( #5211 );
#3952 = ORIENTED_EDGE( '', *, *, #5076, .T. );
#3953 = ORIENTED_EDGE( '', *, *, #5212, .T. );
#3954 = ORIENTED_EDGE( '', *, *, #5213, .F. );
#3955 = ORIENTED_EDGE( '', *, *, #5214, .T. );
#3956 = CARTESIAN_POINT( '', ( -1.00000000000000, -0.500000000000000, -1.05000000000000 ) );
#3957 = DIRECTION( '', ( 0.000000000000000, 0.000000000000000, 1.00000000000000 ) );
#3958 = DIRECTION( '', ( 1.00000000000000, 0.000000000000000, 0.000000000000000 ) );
#3959 = SURFACE_STYLE_FILL_AREA( #5215 );
#3960 = ORIENTED_EDGE( '', *, *, #5216, .F. );
#3961 = ORIENTED_EDGE( '', *, *, #5217, .F. );
#3962 = ORIENTED_EDGE( '', *, *, #5156, .T. );
#3963 = ORIENTED_EDGE( '', *, *, #5218, .T. );
#3964 = CARTESIAN_POINT( '', ( -1.45000000000000, -0.500000000000000, -0.150000000000000 ) );
#3965 = DIRECTION( '', ( 0.447213595499958, -0.894427190999916, 0.000000000000000 ) );
#3966 = DIRECTION( '', ( 0.894427190999916, 0.447213595499958, 0.000000000000000 ) );
#3967 = SURFACE_STYLE_FILL_AREA( #5219 );
#3968 = ORIENTED_EDGE( '', *, *, #5220, .F. );
#3969 = ORIENTED_EDGE( '', *, *, #5221, .F. );
#3970 = ORIENTED_EDGE( '', *, *, #5222, .T. );
#3971 = ORIENTED_EDGE( '', *, *, #5223, .T. );
#3972 = CARTESIAN_POINT( '', ( 0.0627009646302256, 0.312379421221865, 0.990000000000000 ) );
#3973 = DIRECTION( '', ( -1.00000000000000, -5.42894559729642E-016, 0.000000000000000 ) );
#3974 = DIRECTION( '', ( 5.42894559729642E-016, -1.00000000000000, 0.000000000000000 ) );
#3975 = SURFACE_STYLE_FILL_AREA( #5224 );
#3976 = ORIENTED_EDGE( '', *, *, #5225, .F. );
#3977 = ORIENTED_EDGE( '', *, *, #5226, .F. );
#3978 = ORIENTED_EDGE( '', *, *, #5227, .T. );
#3979 = ORIENTED_EDGE( '', *, *, #5205, .T. );
#3980 = CARTESIAN_POINT( '', ( 1.09935691318328, 0.179903536977492, 0.990000000000000 ) );
#3981 = DIRECTION( '', ( -2.03124623881319E-015, -1.00000000000000, 0.000000000000000 ) );
#3982 = DIRECTION( '', ( 1.00000000000000, -2.03124623881319E-015, 0.000000000000000 ) );
#3983 = SURFACE_STYLE_FILL_AREA( #5228 );
#3984 = ORIENTED_EDGE( '', *, *, #5173, .T. );
#3985 = ORIENTED_EDGE( '', *, *, #5195, .T. );
#3986 = ORIENTED_EDGE( '', *, *, #5139, .T. );
#3987 = ORIENTED_EDGE( '', *, *, #5145, .T. );
#3988 = ORIENTED_EDGE( '', *, *, #5136, .T. );
#3989 = ORIENTED_EDGE( '', *, *, #5229, .T. );
#3990 = CARTESIAN_POINT( '', ( 0.950000000000000, -0.250000000000000, -0.150000000000000 ) );
#3991 = DIRECTION( '', ( 0.000000000000000, 0.000000000000000, -1.00000000000000 ) );
#3992 = DIRECTION( '', ( -1.00000000000000, 0.000000000000000, 0.000000000000000 ) );
#3993 = SURFACE_STYLE_FILL_AREA( #5230 );
#3994 = ORIENTED_EDGE( '', *, *, #5231, .F. );
#3995 = ORIENTED_EDGE( '', *, *, #5232, .F. );
#3996 = ORIENTED_EDGE( '', *, *, #4999, .T. );
#3997 = ORIENTED_EDGE( '', *, *, #5233, .T. );
#3998 = CARTESIAN_POINT( '', ( 1.60000000000000, -0.500000000000000, -1.05000000000000 ) );
#3999 = DIRECTION( '', ( 1.00000000000000, -2.77555756156289E-016, 0.000000000000000 ) );
#4000 = DIRECTION( '', ( 2.77555756156289E-016, 1.00000000000000, 0.000000000000000 ) );
#4001 = SURFACE_STYLE_FILL_AREA( #5234 );
#4002 = ORIENTED_EDGE( '', *, *, #5235, .F. );
#4003 = ORIENTED_EDGE( '', *, *, #5236, .F. );
#4004 = ORIENTED_EDGE( '', *, *, #5237, .T. );
#4005 = ORIENTED_EDGE( '', *, *, #5238, .T. );
#4006 = CARTESIAN_POINT( '', ( 0.342122186495178, 0.312379421221865, 0.990000000000000 ) );
#4007 = DIRECTION( '', ( 1.83253736762496E-015, -1.00000000000000, 0.000000000000000 ) );
#4008 = DIRECTION( '', ( 1.00000000000000, 1.83253736762496E-015, 0.000000000000000 ) );
#4009 = SURFACE_STYLE_FILL_AREA( #5239 );
#4010 = ORIENTED_EDGE( '', *, *, #5132, .F. );
#4011 = ORIENTED_EDGE( '', *, *, #5240, .T. );
#4012 = CARTESIAN_POINT( '', ( -0.725000000000000, 4.43919803260612E-017, 0.235000000000003 ) );
#4013 = DIRECTION( '', ( -1.00000000000000, 6.12303176911189E-017, 0.000000000000000 ) );
#4014 = DIRECTION( '', ( -6.12303176911189E-017, -1.00000000000000, 0.000000000000000 ) );
#4015 = SURFACE_STYLE_FILL_AREA( #5241 );
#4016 = ORIENTED_EDGE( '', *, *, #5242, .F. );
#4017 = ORIENTED_EDGE( '', *, *, #5243, .F. );
#4018 = ORIENTED_EDGE( '', *, *, #5244, .T. );
#4019 = ORIENTED_EDGE( '', *, *, #5236, .T. );
#4020 = CARTESIAN_POINT( '', ( 0.342122186495178, 0.244533762057877, 0.990000000000000 ) );
#4021 = DIRECTION( '', ( 1.00000000000000, -7.99021032329365E-016, 0.000000000000000 ) );
#4022 = DIRECTION( '', ( 7.99021032329365E-016, 1.00000000000000, 0.000000000000000 ) );
#4023 = SURFACE_STYLE_FILL_AREA( #5245 );
#4024 = ORIENTED_EDGE( '', *, *, #5246, .F. );
#4025 = ORIENTED_EDGE( '', *, *, #5207, .F. );
#4026 = ORIENTED_EDGE( '', *, *, #5247, .T. );
#4027 = ORIENTED_EDGE( '', *, *, #5248, .T. );
#4028 = CARTESIAN_POINT( '', ( 0.855627009646303, -0.199196141479100, 0.990000000000000 ) );
#4029 = DIRECTION( '', ( -0.132163720091011, -0.991227900682636, 0.000000000000000 ) );
#4030 = DIRECTION( '', ( 0.991227900682636, -0.132163720091011, 0.000000000000000 ) );
#4031 = SURFACE_STYLE_FILL_AREA( #5249 );
#4032 = ORIENTED_EDGE( '', *, *, #5250, .F. );
#4033 = ORIENTED_EDGE( '', *, *, #5118, .F. );
#4034 = ORIENTED_EDGE( '', *, *, #5107, .T. );
#4035 = ORIENTED_EDGE( '', *, *, #5251, .T. );
#4036 = CARTESIAN_POINT( '', ( 0.342122186495178, 0.179903536977492, 0.990000000000000 ) );
#4037 = DIRECTION( '', ( 3.66507473524995E-015, -1.00000000000000, 0.000000000000000 ) );
#4038 = DIRECTION( '', ( 1.00000000000000, 3.66507473524995E-015, 0.000000000000000 ) );
#4039 = SURFACE_STYLE_FILL_AREA( #5252 );
#4040 = ORIENTED_EDGE( '', *, *, #5253, .F. );
#4041 = ORIENTED_EDGE( '', *, *, #5254, .F. );
#4042 = ORIENTED_EDGE( '', *, *, #5179, .T. );
#4043 = ORIENTED_EDGE( '', *, *, #5255, .T. );
#4044 = CARTESIAN_POINT( '', ( -1.09163987138264, -0.170578778135049, 0.990000000000000 ) );
#4045 = DIRECTION( '', ( -7.54233800780387E-015, 1.00000000000000, 0.000000000000000 ) );
#4046 = DIRECTION( '', ( -1.00000000000000, -7.54233800780387E-015, 0.000000000000000 ) );
#4047 = SURFACE_STYLE_FILL_AREA( #5256 );
#4048 = ORIENTED_EDGE( '', *, *, #5216, .T. );
#4049 = ORIENTED_EDGE( '', *, *, #5047, .T. );
#4050 = ORIENTED_EDGE( '', *, *, #5257, .T. );
#4051 = ORIENTED_EDGE( '', *, *, #5073, .F. );
#4052 = ORIENTED_EDGE( '', *, *, #5163, .F. );
#4053 = ORIENTED_EDGE( '', *, *, #5258, .F. );
#4054 = CARTESIAN_POINT( '', ( -0.950000000000000, -0.250000000000000, 0.000000000000000 ) );
#4055 = DIRECTION( '', ( 0.000000000000000, 0.000000000000000, 1.00000000000000 ) );
#4056 = DIRECTION( '', ( 1.00000000000000, 0.000000000000000, 0.000000000000000 ) );
#4057 = SURFACE_STYLE_FILL_AREA( #5259 );
#4058 = ORIENTED_EDGE( '', *, *, #5260, .F. );
#4059 = ORIENTED_EDGE( '', *, *, #5193, .F. );
#4060 = ORIENTED_EDGE( '', *, *, #5261, .T. );
#4061 = ORIENTED_EDGE( '', *, *, #5191, .T. );
#4062 = CARTESIAN_POINT( '', ( -0.534726688102893, -0.116237942122188, 0.990000000000000 ) );
#4063 = CARTESIAN_POINT( '', ( -0.522486539652765, -0.126824016457433, 0.990000000000000 ) );
#4064 = CARTESIAN_POINT( '', ( -0.505144694533761, -0.132315112540194, 0.990000000000000 ) );
#4065 = CARTESIAN_POINT( '', ( -0.481993569131832, -0.131993569131833, 0.990000000000000 ) );
#4066 = CARTESIAN_POINT( '', ( -0.458851373768630, -0.131672149751789, 0.990000000000000 ) );
#4067 = CARTESIAN_POINT( '', ( -0.438585209003215, -0.127170418006432, 0.990000000000000 ) );
#4068 = CARTESIAN_POINT( '', ( -0.420578778135048, -0.117202572347268, 0.990000000000000 ) );
#4069 = CARTESIAN_POINT( '', ( -0.402818468850629, -0.107370972564822, 0.990000000000000 ) );
#4070 = CARTESIAN_POINT( '', ( -0.389710610932475, -0.0934083601286182, 0.990000000000000 ) );
#4071 = CARTESIAN_POINT( '', ( -0.381350482315112, -0.0760450160771712, 0.990000000000000 ) );
#4072 = CARTESIAN_POINT( '', ( -0.374987288651451, -0.0628291523141822, 0.990000000000000 ) );
#4073 = CARTESIAN_POINT( '', ( -0.371704180064308, -0.0429260450160780, 0.990000000000000 ) );
#4074 = CARTESIAN_POINT( '', ( -0.371704180064308, -0.0165594855305476, 0.990000000000000 ) );
#4075 = CARTESIAN_POINT( '', ( -0.371704180064308, -0.00937834941050443, 0.990000000000000 ) );
#4076 = CARTESIAN_POINT( '', ( -0.371489817792069, -0.00219721329046180, 0.990000000000000 ) );
#4077 = CARTESIAN_POINT( '', ( -0.371382636655948, 0.00498392282958105, 0.990000000000000 ) );
#4078 = DIRECTION( '', ( 0.000000000000000, 0.000000000000000, 1.00000000000000 ) );
#4079 = SURFACE_STYLE_FILL_AREA( #5262 );
#4080 = ORIENTED_EDGE( '', *, *, #5263, .F. );
#4081 = ORIENTED_EDGE( '', *, *, #5248, .F. );
#4082 = ORIENTED_EDGE( '', *, *, #5264, .T. );
#4083 = ORIENTED_EDGE( '', *, *, #5152, .T. );
#4084 = CARTESIAN_POINT( '', ( 0.913504823151126, -0.206913183279743, 0.990000000000000 ) );
#4085 = CARTESIAN_POINT( '', ( 0.915755627009647, -0.225241157556271, 0.990000000000000 ) );
#4086 = CARTESIAN_POINT( '', ( 0.922508038585210, -0.238424437299036, 0.990000000000000 ) );
#4087 = CARTESIAN_POINT( '', ( 0.933762057877815, -0.246784565916399, 0.990000000000000 ) );
#4088 = CARTESIAN_POINT( '', ( 0.948680589501888, -0.257866903694283, 0.990000000000000 ) );
#4089 = CARTESIAN_POINT( '', ( 0.968810289389068, -0.263826366559486, 0.990000000000000 ) );
#4090 = CARTESIAN_POINT( '', ( 1.02250803858521, -0.263826366559486, 0.990000000000000 ) );
#4091 = CARTESIAN_POINT( '', ( 1.04372990353698, -0.258360128617364, 0.990000000000000 ) );
#4092 = CARTESIAN_POINT( '', ( 1.07395498392283, -0.236495176848875, 0.990000000000000 ) );
#4093 = CARTESIAN_POINT( '', ( 1.08424437299035, -0.221061093247588, 0.990000000000000 ) );
#4094 = CARTESIAN_POINT( '', ( 1.08938906752412, -0.201125401929261, 0.990000000000000 ) );
#4095 = CARTESIAN_POINT( '', ( 1.09246835542310, -0.189193161320681, 0.990000000000000 ) );
#4096 = CARTESIAN_POINT( '', ( 1.09389067524116, -0.163826366559486, 0.990000000000000 ) );
#4097 = CARTESIAN_POINT( '', ( 1.09389067524116, -0.125241157556270, 0.990000000000000 ) );
#4098 = DIRECTION( '', ( 0.000000000000000, 0.000000000000000, 1.00000000000000 ) );
#4099 = SURFACE_STYLE_FILL_AREA( #5265 );
#4100 = ORIENTED_EDGE( '', *, *, #5266, .F. );
#4101 = ORIENTED_EDGE( '', *, *, #5267, .T. );
#4102 = CARTESIAN_POINT( '', ( 0.950000000000000, -2.16840434497101E-016, 1.00000000000000 ) );
#4103 = DIRECTION( '', ( -1.00000000000000, 6.12303176911189E-017, 0.000000000000000 ) );
#4104 = DIRECTION( '', ( -6.12303176911189E-017, -1.00000000000000, 0.000000000000000 ) );
#4105 = SURFACE_STYLE_FILL_AREA( #5268 );
#4106 = ORIENTED_EDGE( '', *, *, #5269, .F. );
#4107 = ORIENTED_EDGE( '', *, *, #5270, .F. );
#4108 = ORIENTED_EDGE( '', *, *, #5187, .T. );
#4109 = ORIENTED_EDGE( '', *, *, #5271, .T. );
#4110 = CARTESIAN_POINT( '', ( -1.15273311897106, 0.312379421221864, 0.990000000000000 ) );
#4111 = DIRECTION( '', ( 3.41743455043573E-015, -1.00000000000000, 0.000000000000000 ) );
#4112 = DIRECTION( '', ( 1.00000000000000, 3.41743455043573E-015, 0.000000000000000 ) );
#4113 = SURFACE_STYLE_FILL_AREA( #5272 );
#4114 = ORIENTED_EDGE( '', *, *, #5273, .F. );
#4115 = ORIENTED_EDGE( '', *, *, #5033, .F. );
#4116 = ORIENTED_EDGE( '', *, *, #5274, .T. );
#4117 = ORIENTED_EDGE( '', *, *, #5275, .T. );
#4118 = CARTESIAN_POINT( '', ( -0.294212218649517, -0.170578778135049, 0.990000000000000 ) );
#4119 = DIRECTION( '', ( 2.21833470817758E-015, 1.00000000000000, 0.000000000000000 ) );
#4120 = DIRECTION( '', ( -1.00000000000000, 2.21833470817758E-015, 0.000000000000000 ) );
#4121 = SURFACE_STYLE_FILL_AREA( #5276 );
#4122 = ORIENTED_EDGE( '', *, *, #5277, .F. );
#4123 = ORIENTED_EDGE( '', *, *, #5007, .F. );
#4124 = ORIENTED_EDGE( '', *, *, #5123, .T. );
#4125 = ORIENTED_EDGE( '', *, *, #5142, .T. );
#4126 = CARTESIAN_POINT( '', ( -0.221543408360128, 0.179903536977491, 0.990000000000000 ) );
#4127 = DIRECTION( '', ( 8.12498495525293E-015, -1.00000000000000, 0.000000000000000 ) );
#4128 = DIRECTION( '', ( 1.00000000000000, 8.12498495525293E-015, 0.000000000000000 ) );
#4129 = SURFACE_STYLE_FILL_AREA( #5278 );
#4130 = ORIENTED_EDGE( '', *, *, #5279, .F. );
#4131 = ORIENTED_EDGE( '', *, *, #5058, .F. );
#4132 = ORIENTED_EDGE( '', *, *, #5180, .T. );
#4133 = ORIENTED_EDGE( '', *, *, #5254, .T. );
#4134 = CARTESIAN_POINT( '', ( -1.09163987138264, 0.240996784565916, 0.990000000000000 ) );
#4135 = DIRECTION( '', ( -1.00000000000000, 1.05370898638435E-015, 0.000000000000000 ) );
#4136 = DIRECTION( '', ( -1.05370898638435E-015, -1.00000000000000, 0.000000000000000 ) );
#4137 = SURFACE_STYLE_FILL_AREA( #5280 );
#4138 = ORIENTED_EDGE( '', *, *, #5281, .F. );
#4139 = ORIENTED_EDGE( '', *, *, #5282, .F. );
#4140 = ORIENTED_EDGE( '', *, *, #5105, .T. );
#4141 = ORIENTED_EDGE( '', *, *, #5117, .T. );
#4142 = CARTESIAN_POINT( '', ( 0.401286173633441, -0.170578778135048, 0.990000000000000 ) );
#4143 = DIRECTION( '', ( -4.58134341906240E-016, 1.00000000000000, 0.000000000000000 ) );
#4144 = DIRECTION( '', ( -1.00000000000000, -4.58134341906240E-016, 0.000000000000000 ) );
#4145 = SURFACE_STYLE_FILL_AREA( #5283 );
#4146 = ORIENTED_EDGE( '', *, *, #5284, .T. );
#4147 = ORIENTED_EDGE( '', *, *, #5101, .F. );
#4148 = ORIENTED_EDGE( '', *, *, #5285, .F. );
#4149 = ORIENTED_EDGE( '', *, *, #5286, .T. );
#4150 = CARTESIAN_POINT( '', ( -0.950000000000000, 0.250000000000000, 0.850000000000000 ) );
#4151 = DIRECTION( '', ( 0.447213595499958, 0.894427190999916, 0.000000000000000 ) );
#4152 = DIRECTION( '', ( -0.894427190999916, 0.447213595499958, 0.000000000000000 ) );
#4153 = SURFACE_STYLE_FILL_AREA( #5287 );
#4154 = ORIENTED_EDGE( '', *, *, #5288, .T. );
#4155 = ORIENTED_EDGE( '', *, *, #5289, .T. );
#4156 = ORIENTED_EDGE( '', *, *, #5065, .T. );
#4157 = ORIENTED_EDGE( '', *, *, #5290, .T. );
#4158 = ORIENTED_EDGE( '', *, *, #5285, .T. );
#4159 = ORIENTED_EDGE( '', *, *, #5100, .T. );
#4160 = CARTESIAN_POINT( '', ( -0.950000000000000, -0.250000000000000, 0.850000000000000 ) );
#4161 = DIRECTION( '', ( 0.000000000000000, 0.000000000000000, 1.00000000000000 ) );
#4162 = DIRECTION( '', ( 1.00000000000000, 0.000000000000000, 0.000000000000000 ) );
#4163 = SURFACE_STYLE_FILL_AREA( #5291 );
#4164 = ORIENTED_EDGE( '', *, *, #5292, .F. );
#4165 = ORIENTED_EDGE( '', *, *, #5293, .T. );
#4166 = ORIENTED_EDGE( '', *, *, #5294, .F. );
#4167 = ORIENTED_EDGE( '', *, *, #5295, .T. );
#4168 = CARTESIAN_POINT( '', ( 0.950000000000000, 0.000000000000000, 0.000000000000000 ) );
#4169 = DIRECTION( '', ( 1.00000000000000, -0.000000000000000, -0.000000000000000 ) );
#4170 = DIRECTION( '', ( 0.000000000000000, 0.000000000000000, 1.00000000000000 ) );
#4171 = SURFACE_STYLE_FILL_AREA( #5296 );
#4172 = ORIENTED_EDGE( '', *, *, #5297, .F. );
#4173 = ORIENTED_EDGE( '', *, *, #5298, .F. );
#4174 = ORIENTED_EDGE( '', *, *, #5183, .T. );
#4175 = ORIENTED_EDGE( '', *, *, #5051, .T. );
#4176 = CARTESIAN_POINT( '', ( -0.692282958199356, 0.312379421221864, 0.990000000000000 ) );
#4177 = DIRECTION( '', ( -1.00000000000000, -4.48983855716368E-016, 0.000000000000000 ) );
#4178 = DIRECTION( '', ( 4.48983855716368E-016, -1.00000000000000, 0.000000000000000 ) );
#4179 = SURFACE_STYLE_FILL_AREA( #5299 );
#4180 = ORIENTED_EDGE( '', *, *, #5300, .F. );
#4181 = ORIENTED_EDGE( '', *, *, #5233, .F. );
#4182 = ORIENTED_EDGE( '', *, *, #5002, .F. );
#4183 = ORIENTED_EDGE( '', *, *, #5301, .T. );
#4184 = ORIENTED_EDGE( '', *, *, #5302, .T. );
#4185 = ORIENTED_EDGE( '', *, *, #5303, .T. );
#4186 = ORIENTED_EDGE( '', *, *, #5135, .T. );
#4187 = CARTESIAN_POINT( '', ( 1.45000000000000, 0.500000000000000, -1.05000000000000 ) );
#4188 = DIRECTION( '', ( -6.66133814775094E-016, 1.00000000000000, 0.000000000000000 ) );
#4189 = DIRECTION( '', ( -1.00000000000000, -6.66133814775094E-016, 0.000000000000000 ) );
#4190 = SURFACE_STYLE_FILL_AREA( #5304 );
#4191 = ORIENTED_EDGE( '', *, *, #4990, .T. );
#4192 = ORIENTED_EDGE( '', *, *, #5042, .F. );
#4193 = ORIENTED_EDGE( '', *, *, #5305, .F. );
#4194 = ORIENTED_EDGE( '', *, *, #5009, .T. );
#4195 = CARTESIAN_POINT( '', ( 0.450000000000000, 1.25000000000000, -0.200000000000000 ) );
#4196 = DIRECTION( '', ( -1.00000000000000, 1.30104260698260E-016, 0.000000000000000 ) );
#4197 = DIRECTION( '', ( -1.30104260698260E-016, -1.00000000000000, 0.000000000000000 ) );
#4198 = SURFACE_STYLE_FILL_AREA( #5306 );
#4199 = ORIENTED_EDGE( '', *, *, #5307, .T. );
#4200 = CARTESIAN_POINT( '', ( -1.45000000000000, -1.25000000000000, 1.00000000000000 ) );
#4201 = DIRECTION( '', ( 0.000000000000000, 0.000000000000000, 1.00000000000000 ) );
#4202 = DIRECTION( '', ( 1.00000000000000, 0.000000000000000, 0.000000000000000 ) );
#4203 = SURFACE_STYLE_FILL_AREA( #5308 );
#4204 = ORIENTED_EDGE( '', *, *, #4973, .F. );
#4205 = ORIENTED_EDGE( '', *, *, #5309, .T. );
#4206 = ORIENTED_EDGE( '', *, *, #5310, .T. );
#4207 = ORIENTED_EDGE( '', *, *, #5311, .T. );
#4208 = CARTESIAN_POINT( '', ( -1.45000000000000, -1.25000000000000, 1.00000000000000 ) );
#4209 = DIRECTION( '', ( 1.49545127239380E-016, 1.00000000000000, 0.000000000000000 ) );
#4210 = DIRECTION( '', ( -1.00000000000000, 1.49545127239380E-016, 0.000000000000000 ) );
#4211 = SURFACE_STYLE_FILL_AREA( #5312 );
#4212 = ORIENTED_EDGE( '', *, *, #5313, .F. );
#4213 = ORIENTED_EDGE( '', *, *, #5143, .F. );
#4214 = ORIENTED_EDGE( '', *, *, #5121, .T. );
#4215 = ORIENTED_EDGE( '', *, *, #5113, .T. );
#4216 = CARTESIAN_POINT( '', ( -0.168167202572347, 0.126848874598070, 0.990000000000000 ) );
#4217 = CARTESIAN_POINT( '', ( -0.154662379421221, 0.151607717041800, 0.990000000000000 ) );
#4218 = CARTESIAN_POINT( '', ( -0.142443729903536, 0.168006430868167, 0.990000000000000 ) );
#4219 = CARTESIAN_POINT( '', ( -0.131189710610932, 0.175723472668810, 0.990000000000000 ) );
#4220 = CARTESIAN_POINT( '', ( -0.119567014395361, 0.183693321502345, 0.990000000000000 ) );
#4221 = CARTESIAN_POINT( '', ( -0.107073954983922, 0.187620578778134, 0.990000000000000 ) );
#4222 = CARTESIAN_POINT( '', ( -0.0736334405144690, 0.187620578778134, 0.990000000000000 ) );
#4223 = CARTESIAN_POINT( '', ( -0.0536977491961409, 0.181189710610932, 0.990000000000000 ) );
#4224 = CARTESIAN_POINT( '', ( -0.0334405144694528, 0.168649517684886, 0.990000000000000 ) );
#4225 = DIRECTION( '', ( 0.000000000000000, 0.000000000000000, 1.00000000000000 ) );
#4226 = SURFACE_STYLE_FILL_AREA( #5314 );
#4227 = ORIENTED_EDGE( '', *, *, #5315, .F. );
#4228 = ORIENTED_EDGE( '', *, *, #5316, .F. );
#4229 = ORIENTED_EDGE( '', *, *, #5020, .T. );
#4230 = ORIENTED_EDGE( '', *, *, #5317, .T. );
#4231 = CARTESIAN_POINT( '', ( 0.544051446945338, 0.130064308681672, 0.990000000000000 ) );
#4232 = CARTESIAN_POINT( '', ( 0.569774919614149, 0.168327974276527, 0.990000000000000 ) );
#4233 = CARTESIAN_POINT( '', ( 0.607073954983924, 0.187620578778134, 0.990000000000000 ) );
#4234 = CARTESIAN_POINT( '', ( 0.676848874598071, 0.187620578778134, 0.990000000000000 ) );
#4235 = CARTESIAN_POINT( '', ( 0.696141479099679, 0.183762057877813, 0.990000000000000 ) );
#4236 = CARTESIAN_POINT( '', ( 0.713826366559486, 0.176366559485530, 0.990000000000000 ) );
#4237 = CARTESIAN_POINT( '', ( 0.731625703206568, 0.168923200524023, 0.990000000000000 ) );
#4238 = CARTESIAN_POINT( '', ( 0.745016077170419, 0.158681672025723, 0.990000000000000 ) );
#4239 = CARTESIAN_POINT( '', ( 0.753697749196142, 0.146463022508038, 0.990000000000000 ) );
#4240 = CARTESIAN_POINT( '', ( 0.762531240613020, 0.134030701254655, 0.990000000000000 ) );
#4241 = CARTESIAN_POINT( '', ( 0.768810289389069, 0.119453376205787, 0.990000000000000 ) );
#4242 = CARTESIAN_POINT( '', ( 0.772025723472670, 0.102411575562700, 0.990000000000000 ) );
#4243 = CARTESIAN_POINT( '', ( 0.774094919967857, 0.0914448341382047, 0.990000000000000 ) );
#4244 = CARTESIAN_POINT( '', ( 0.775562700964631, 0.0721864951768484, 0.990000000000000 ) );
#4245 = CARTESIAN_POINT( '', ( 0.775562700964631, 0.0448553054662374, 0.990000000000000 ) );
#4246 = CARTESIAN_POINT( '', ( 0.775562700964631, -0.0269560557341914, 0.990000000000000 ) );
#4247 = CARTESIAN_POINT( '', ( 0.775562700964631, -0.0987674169346202, 0.990000000000000 ) );
#4248 = CARTESIAN_POINT( '', ( 0.775562700964631, -0.170578778135048, 0.990000000000000 ) );
#4249 = DIRECTION( '', ( 0.000000000000000, 0.000000000000000, 1.00000000000000 ) );
#4250 = SURFACE_STYLE_FILL_AREA( #5318 );
#4251 = ORIENTED_EDGE( '', *, *, #5319, .F. );
#4252 = ORIENTED_EDGE( '', *, *, #5176, .T. );
#4253 = ORIENTED_EDGE( '', *, *, #4976, .T. );
#4254 = ORIENTED_EDGE( '', *, *, #5320, .T. );
#4255 = ORIENTED_EDGE( '', *, *, #5310, .F. );
#4256 = ORIENTED_EDGE( '', *, *, #5321, .T. );
#4257 = CARTESIAN_POINT( '', ( -1.45000000000000, 1.25000000000000, 1.00000000000000 ) );
#4258 = DIRECTION( '', ( 1.00000000000000, 0.000000000000000, 0.000000000000000 ) );
#4259 = DIRECTION( '', ( 0.000000000000000, 0.000000000000000, -1.00000000000000 ) );
#4260 = SURFACE_STYLE_FILL_AREA( #5322 );
#4261 = ORIENTED_EDGE( '', *, *, #5027, .F. );
#4262 = ORIENTED_EDGE( '', *, *, #5323, .F. );
#4263 = ORIENTED_EDGE( '', *, *, #5324, .F. );
#4264 = ORIENTED_EDGE( '', *, *, #5087, .F. );
#4265 = ORIENTED_EDGE( '', *, *, #5325, .F. );
#4266 = ORIENTED_EDGE( '', *, *, #5326, .F. );
#4267 = ORIENTED_EDGE( '', *, *, #4987, .F. );
#4268 = ORIENTED_EDGE( '', *, *, #5327, .F. );
#4269 = ORIENTED_EDGE( '', *, *, #5328, .F. );
#4270 = ORIENTED_EDGE( '', *, *, #5222, .F. );
#4271 = ORIENTED_EDGE( '', *, *, #5329, .F. );
#4272 = ORIENTED_EDGE( '', *, *, #5330, .F. );
#4273 = CARTESIAN_POINT( '', ( 0.0331189710610940, -0.170578778135049, 0.990000000000000 ) );
#4274 = DIRECTION( '', ( 0.000000000000000, 0.000000000000000, 1.00000000000000 ) );
#4275 = DIRECTION( '', ( 1.00000000000000, 0.000000000000000, 0.000000000000000 ) );
#4276 = SURFACE_STYLE_FILL_AREA( #5331 );
#4277 = ORIENTED_EDGE( '', *, *, #5332, .T. );
#4278 = ORIENTED_EDGE( '', *, *, #5333, .T. );
#4279 = ORIENTED_EDGE( '', *, *, #5066, .T. );
#4280 = ORIENTED_EDGE( '', *, *, #5334, .T. );
#4281 = ORIENTED_EDGE( '', *, *, #5202, .T. );
#4282 = ORIENTED_EDGE( '', *, *, #5335, .F. );
#4283 = CARTESIAN_POINT( '', ( 0.950000000000000, -2.16840434497101E-016, 1.00000000000000 ) );
#4284 = DIRECTION( '', ( 1.00000000000000, -0.000000000000000, -0.000000000000000 ) );
#4285 = DIRECTION( '', ( 0.000000000000000, 0.000000000000000, 1.00000000000000 ) );
#4286 = SURFACE_STYLE_FILL_AREA( #5336 );
#4287 = ORIENTED_EDGE( '', *, *, #5337, .F. );
#4288 = ORIENTED_EDGE( '', *, *, #5338, .F. );
#4289 = ORIENTED_EDGE( '', *, *, #5293, .F. );
#4290 = ORIENTED_EDGE( '', *, *, #5339, .F. );
#4291 = CARTESIAN_POINT( '', ( -0.750000000000000, 0.000000000000000, 0.000000000000000 ) );
#4292 = DIRECTION( '', ( -1.00000000000000, 6.12303176911189E-017, 0.000000000000000 ) );
#4293 = DIRECTION( '', ( -6.12303176911189E-017, -1.00000000000000, 0.000000000000000 ) );
#4294 = SURFACE_STYLE_FILL_AREA( #5340 );
#4295 = ORIENTED_EDGE( '', *, *, #5341, .F. );
#4296 = ORIENTED_EDGE( '', *, *, #5093, .F. );
#4297 = ORIENTED_EDGE( '', *, *, #5181, .T. );
#4298 = ORIENTED_EDGE( '', *, *, #5056, .T. );
#4299 = CARTESIAN_POINT( '', ( -0.895498392282957, -0.170578778135049, 0.990000000000000 ) );
#4300 = DIRECTION( '', ( -4.78958630174707E-015, 1.00000000000000, 0.000000000000000 ) );
#4301 = DIRECTION( '', ( -1.00000000000000, -4.78958630174707E-015, 0.000000000000000 ) );
#4302 = SURFACE_STYLE_FILL_AREA( #5342 );
#4303 = ORIENTED_EDGE( '', *, *, #5209, .T. );
#4304 = ORIENTED_EDGE( '', *, *, #5198, .F. );
#4305 = ORIENTED_EDGE( '', *, *, #5043, .T. );
#4306 = ORIENTED_EDGE( '', *, *, #4992, .T. );
#4307 = ORIENTED_EDGE( '', *, *, #5015, .F. );
#4308 = ORIENTED_EDGE( '', *, *, #5343, .F. );
#4309 = ORIENTED_EDGE( '', *, *, #5071, .F. );
#4310 = ORIENTED_EDGE( '', *, *, #5344, .T. );
#4311 = CARTESIAN_POINT( '', ( 1.45000000000000, -1.25000000000000, 1.00000000000000 ) );
#4312 = DIRECTION( '', ( -1.00000000000000, 8.67361737988404E-017, 0.000000000000000 ) );
#4313 = DIRECTION( '', ( -8.67361737988404E-017, -1.00000000000000, 0.000000000000000 ) );
#4314 = SURFACE_STYLE_FILL_AREA( #5345 );
#4315 = ORIENTED_EDGE( '', *, *, #5128, .T. );
#4316 = ORIENTED_EDGE( '', *, *, #5160, .T. );
#4317 = CARTESIAN_POINT( '', ( -0.950000000000000, 0.000000000000000, 3.68628738645072E-015 ) );
#4318 = DIRECTION( '', ( -1.00000000000000, 6.12303176911189E-017, 0.000000000000000 ) );
#4319 = DIRECTION( '', ( -6.12303176911189E-017, -1.00000000000000, 0.000000000000000 ) );
#4320 = SURFACE_STYLE_FILL_AREA( #5346 );
#4321 = ORIENTED_EDGE( '', *, *, #5347, .F. );
#4322 = ORIENTED_EDGE( '', *, *, #5083, .F. );
#4323 = ORIENTED_EDGE( '', *, *, #5017, .T. );
#4324 = ORIENTED_EDGE( '', *, *, #5348, .T. );
#4325 = CARTESIAN_POINT( '', ( 0.549839228295821, -0.170578778135049, 0.990000000000000 ) );
#4326 = DIRECTION( '', ( 0.000000000000000, 1.00000000000000, 0.000000000000000 ) );
#4327 = DIRECTION( '', ( 0.000000000000000, 0.000000000000000, 1.00000000000000 ) );
#4328 = SURFACE_STYLE_FILL_AREA( #5349 );
#4329 = ORIENTED_EDGE( '', *, *, #5350, .F. );
#4330 = ORIENTED_EDGE( '', *, *, #4983, .F. );
#4331 = ORIENTED_EDGE( '', *, *, #5120, .T. );
#4332 = ORIENTED_EDGE( '', *, *, #5005, .T. );
#4333 = CARTESIAN_POINT( '', ( -0.162700964630224, -0.170578778135049, 0.990000000000000 ) );
#4334 = DIRECTION( '', ( 2.30318904127727E-015, 1.00000000000000, 0.000000000000000 ) );
#4335 = DIRECTION( '', ( -1.00000000000000, 2.30318904127727E-015, 0.000000000000000 ) );
#4336 = SURFACE_STYLE_FILL_AREA( #5351 );
#4337 = ORIENTED_EDGE( '', *, *, #5352, .F. );
#4338 = ORIENTED_EDGE( '', *, *, #5353, .F. );
#4339 = ORIENTED_EDGE( '', *, *, #5354, .F. );
#4340 = ORIENTED_EDGE( '', *, *, #5355, .F. );
#4341 = CARTESIAN_POINT( '', ( 0.950000000000000, 0.000000000000000, 0.000000000000000 ) );
#4342 = DIRECTION( '', ( 1.00000000000000, -0.000000000000000, -0.000000000000000 ) );
#4343 = DIRECTION( '', ( 0.000000000000000, 0.000000000000000, 1.00000000000000 ) );
#4344 = SURFACE_STYLE_FILL_AREA( #5356 );
#4345 = ORIENTED_EDGE( '', *, *, #5357, .F. );
#4346 = ORIENTED_EDGE( '', *, *, #5358, .F. );
#4347 = ORIENTED_EDGE( '', *, *, #5237, .F. );
#4348 = ORIENTED_EDGE( '', *, *, #5244, .F. );
#4349 = CARTESIAN_POINT( '', ( 0.371704180064309, 0.244533762057877, 0.990000000000000 ) );
#4350 = DIRECTION( '', ( 0.000000000000000, 0.000000000000000, 1.00000000000000 ) );
#4351 = DIRECTION( '', ( 1.00000000000000, 0.000000000000000, 0.000000000000000 ) );
#4352 = SURFACE_STYLE_FILL_AREA( #5359 );
#4353 = ORIENTED_EDGE( '', *, *, #5161, .T. );
#4354 = ORIENTED_EDGE( '', *, *, #5127, .T. );
#4355 = ORIENTED_EDGE( '', *, *, #5218, .F. );
#4356 = CARTESIAN_POINT( '', ( -0.950000000000000, -0.250000000000000, -0.150000000000000 ) );
#4357 = DIRECTION( '', ( 1.00000000000000, 0.000000000000000, 0.000000000000000 ) );
#4358 = DIRECTION( '', ( 0.000000000000000, 0.000000000000000, -1.00000000000000 ) );
#4359 = SURFACE_STYLE_FILL_AREA( #5360 );
#4360 = ORIENTED_EDGE( '', *, *, #5361, .T. );
#4361 = ORIENTED_EDGE( '', *, *, #5362, .T. );
#4362 = ORIENTED_EDGE( '', *, *, #5069, .T. );
#4363 = CARTESIAN_POINT( '', ( 0.950000000000000, -0.250000000000000, 0.850000000000000 ) );
#4364 = DIRECTION( '', ( 1.00000000000000, 0.000000000000000, 0.000000000000000 ) );
#4365 = DIRECTION( '', ( 0.000000000000000, 0.000000000000000, -1.00000000000000 ) );
#4366 = SURFACE_STYLE_FILL_AREA( #5363 );
#4367 = ORIENTED_EDGE( '', *, *, #5284, .F. );
#4368 = ORIENTED_EDGE( '', *, *, #5332, .F. );
#4369 = ORIENTED_EDGE( '', *, *, #5364, .F. );
#4370 = ORIENTED_EDGE( '', *, *, #5147, .F. );
#4371 = ORIENTED_EDGE( '', *, *, #5061, .T. );
#4372 = ORIENTED_EDGE( '', *, *, #5365, .F. );
#4373 = ORIENTED_EDGE( '', *, *, #5068, .T. );
#4374 = ORIENTED_EDGE( '', *, *, #5343, .T. );
#4375 = ORIENTED_EDGE( '', *, *, #5014, .T. );
#4376 = ORIENTED_EDGE( '', *, *, #5102, .T. );
#4377 = CARTESIAN_POINT( '', ( -1.45000000000000, -1.25000000000000, 1.00000000000000 ) );
#4378 = DIRECTION( '', ( 0.000000000000000, 0.000000000000000, 1.00000000000000 ) );
#4379 = DIRECTION( '', ( 1.00000000000000, 0.000000000000000, 0.000000000000000 ) );
#4380 = SURFACE_STYLE_FILL_AREA( #5366 );
#4381 = ORIENTED_EDGE( '', *, *, #5261, .F. );
#4382 = ORIENTED_EDGE( '', *, *, #5192, .F. );
#4383 = ORIENTED_EDGE( '', *, *, #5367, .F. );
#4384 = ORIENTED_EDGE( '', *, *, #5274, .F. );
#4385 = ORIENTED_EDGE( '', *, *, #5032, .F. );
#4386 = ORIENTED_EDGE( '', *, *, #5037, .F. );
#4387 = ORIENTED_EDGE( '', *, *, #5368, .F. );
#4388 = ORIENTED_EDGE( '', *, *, #5369, .F. );
#4389 = CARTESIAN_POINT( '', ( -0.363263665594855, -0.150361736334406, 0.990000000000000 ) );
#4390 = DIRECTION( '', ( 0.000000000000000, 0.000000000000000, 1.00000000000000 ) );
#4391 = DIRECTION( '', ( 1.00000000000000, 0.000000000000000, 0.000000000000000 ) );
#4392 = SURFACE_STYLE_FILL_AREA( #5370 );
#4393 = ORIENTED_EDGE( '', *, *, #5371, .F. );
#4394 = ORIENTED_EDGE( '', *, *, #5251, .F. );
#4395 = ORIENTED_EDGE( '', *, *, #5106, .T. );
#4396 = ORIENTED_EDGE( '', *, *, #5282, .T. );
#4397 = CARTESIAN_POINT( '', ( 0.401286173633441, 0.179903536977492, 0.990000000000000 ) );
#4398 = DIRECTION( '', ( -1.00000000000000, -7.73364393676587E-016, 0.000000000000000 ) );
#4399 = DIRECTION( '', ( 7.73364393676587E-016, -1.00000000000000, 0.000000000000000 ) );
#4400 = SURFACE_STYLE_FILL_AREA( #5372 );
#4401 = ORIENTED_EDGE( '', *, *, #5373, .T. );
#4402 = ORIENTED_EDGE( '', *, *, #5305, .T. );
#4403 = ORIENTED_EDGE( '', *, *, #5041, .T. );
#4404 = ORIENTED_EDGE( '', *, *, #5374, .T. );
#4405 = ORIENTED_EDGE( '', *, *, #5010, .T. );
#4406 = CARTESIAN_POINT( '', ( 0.450000000000000, -1.25000000000000, -0.200000000000000 ) );
#4407 = DIRECTION( '', ( 0.000000000000000, 0.000000000000000, -1.00000000000000 ) );
#4408 = DIRECTION( '', ( -1.00000000000000, 0.000000000000000, 0.000000000000000 ) );
#4409 = SURFACE_STYLE_FILL_AREA( #5375 );
#4410 = ORIENTED_EDGE( '', *, *, #5376, .F. );
#4411 = ORIENTED_EDGE( '', *, *, #5317, .F. );
#4412 = ORIENTED_EDGE( '', *, *, #5019, .T. );
#4413 = ORIENTED_EDGE( '', *, *, #5082, .T. );
#4414 = CARTESIAN_POINT( '', ( 0.775562700964631, -0.170578778135048, 0.990000000000000 ) );
#4415 = DIRECTION( '', ( -7.33014947049981E-015, 1.00000000000000, 0.000000000000000 ) );
#4416 = DIRECTION( '', ( -1.00000000000000, -7.33014947049981E-015, 0.000000000000000 ) );
#4417 = SURFACE_STYLE_FILL_AREA( #5377 );
#4418 = ORIENTED_EDGE( '', *, *, #5378, .F. );
#4419 = ORIENTED_EDGE( '', *, *, #5174, .F. );
#4420 = ORIENTED_EDGE( '', *, *, #5379, .F. );
#4421 = ORIENTED_EDGE( '', *, *, #5380, .F. );
#4422 = ORIENTED_EDGE( '', *, *, #5381, .T. );
#4423 = ORIENTED_EDGE( '', *, *, #5000, .T. );
#4424 = ORIENTED_EDGE( '', *, *, #5232, .T. );
#4425 = CARTESIAN_POINT( '', ( 1.45000000000000, -0.500000000000000, -1.05000000000000 ) );
#4426 = DIRECTION( '', ( -1.11022302462516E-016, -1.00000000000000, 0.000000000000000 ) );
#4427 = DIRECTION( '', ( 1.00000000000000, -1.11022302462516E-016, 0.000000000000000 ) );
#4428 = SURFACE_STYLE_FILL_AREA( #5382 );
#4429 = ORIENTED_EDGE( '', *, *, #5383, .T. );
#4430 = ORIENTED_EDGE( '', *, *, #5354, .T. );
#4431 = CARTESIAN_POINT( '', ( 0.950000000000000, 0.000000000000000, 0.000000000000000 ) );
#4432 = DIRECTION( '', ( -1.00000000000000, 6.12303176911189E-017, 0.000000000000000 ) );
#4433 = DIRECTION( '', ( -6.12303176911189E-017, -1.00000000000000, 0.000000000000000 ) );
#4434 = SURFACE_STYLE_FILL_AREA( #5384 );
#4435 = ORIENTED_EDGE( '', *, *, #5385, .F. );
#4436 = ORIENTED_EDGE( '', *, *, #5154, .F. );
#4437 = ORIENTED_EDGE( '', *, *, #5386, .T. );
#4438 = ORIENTED_EDGE( '', *, *, #5226, .T. );
#4439 = CARTESIAN_POINT( '', ( 1.09935691318328, 0.136816720257234, 0.990000000000000 ) );
#4440 = DIRECTION( '', ( 1.00000000000000, 0.000000000000000, 0.000000000000000 ) );
#4441 = DIRECTION( '', ( 0.000000000000000, 0.000000000000000, -1.00000000000000 ) );
#4442 = SURFACE_STYLE_FILL_AREA( #5387 );
#4443 = ORIENTED_EDGE( '', *, *, #5388, .F. );
#4444 = ORIENTED_EDGE( '', *, *, #5271, .F. );
#4445 = ORIENTED_EDGE( '', *, *, #5186, .T. );
#4446 = ORIENTED_EDGE( '', *, *, #5389, .T. );
#4447 = CARTESIAN_POINT( '', ( -1.05755627009646, 0.312379421221864, 0.990000000000000 ) );
#4448 = CARTESIAN_POINT( '', ( -1.01929260450161, 0.198445873526259, 0.990000000000000 ) );
#4449 = CARTESIAN_POINT( '', ( -0.981028938906752, 0.0845123258306528, 0.990000000000000 ) );
#4450 = CARTESIAN_POINT( '', ( -0.942765273311896, -0.0294212218649529, 0.990000000000000 ) );
#4451 = CARTESIAN_POINT( '', ( -0.931985536031757, -0.0615188709652000, 0.990000000000000 ) );
#4452 = CARTESIAN_POINT( '', ( -0.924437299035369, -0.0853697749196154, 0.990000000000000 ) );
#4453 = CARTESIAN_POINT( '', ( -0.919614147909967, -0.101125401929262, 0.990000000000000 ) );
#4454 = DIRECTION( '', ( 0.000000000000000, 0.000000000000000, 1.00000000000000 ) );
#4455 = SURFACE_STYLE_FILL_AREA( #5390 );
#4456 = ORIENTED_EDGE( '', *, *, #5391, .F. );
#4457 = ORIENTED_EDGE( '', *, *, #5392, .F. );
#4458 = ORIENTED_EDGE( '', *, *, #5337, .T. );
#4459 = ORIENTED_EDGE( '', *, *, #5393, .F. );
#4460 = CARTESIAN_POINT( '', ( 0.750000000000000, 0.000000000000000, 0.000000000000000 ) );
#4461 = DIRECTION( '', ( 1.00000000000000, -0.000000000000000, -0.000000000000000 ) );
#4462 = DIRECTION( '', ( 0.000000000000000, 0.000000000000000, 1.00000000000000 ) );
#4463 = SURFACE_STYLE_FILL_AREA( #5394 );
#4464 = ORIENTED_EDGE( '', *, *, #5395, .T. );
#4465 = ORIENTED_EDGE( '', *, *, #5307, .F. );
#4466 = CARTESIAN_POINT( '', ( 0.905466237942123, 0.0107717041800642, 0.990000000000000 ) );
#4467 = CARTESIAN_POINT( '', ( 0.905466237942123, -0.0355305466237945, 0.990000000000000 ) );
#4468 = CARTESIAN_POINT( '', ( 0.914469453376207, -0.0689710610932478, 0.990000000000000 ) );
#4469 = CARTESIAN_POINT( '', ( 0.951125401929261, -0.111414790996785, 0.990000000000000 ) );
#4470 = CARTESIAN_POINT( '', ( 0.974276527331190, -0.122025723472669, 0.990000000000000 ) );
#4471 = CARTESIAN_POINT( '', ( 1.02926045016077, -0.122025723472669, 0.990000000000000 ) );
#4472 = CARTESIAN_POINT( '', ( 1.05209003215434, -0.111414790996785, 0.990000000000000 ) );
#4473 = CARTESIAN_POINT( '', ( 1.07041800643087, -0.0905144694533766, 0.990000000000000 ) );
#4474 = CARTESIAN_POINT( '', ( 1.08904515288585, -0.0692729866538411, 0.990000000000000 ) );
#4475 = CARTESIAN_POINT( '', ( 1.09839228295820, -0.0361736334405147, 0.990000000000000 ) );
#4476 = CARTESIAN_POINT( '', ( 1.09839228295820, 0.0519292604501603, 0.990000000000000 ) );
#4477 = CARTESIAN_POINT( '', ( 1.08874598070740, 0.0840836012861734, 0.990000000000000 ) );
#4478 = CARTESIAN_POINT( '', ( 1.06977491961415, 0.106270096463022, 0.990000000000000 ) );
#4479 = CARTESIAN_POINT( '', ( 1.05096267958562, 0.128270851750621, 0.990000000000000 ) );
#4480 = CARTESIAN_POINT( '', ( 1.02765273311897, 0.138745980707395, 0.990000000000000 ) );
#4481 = CARTESIAN_POINT( '', ( 1.00064308681672, 0.139067524115755, 0.990000000000000 ) );
#4482 = CARTESIAN_POINT( '', ( 0.974284090914270, 0.139381321686023, 0.990000000000000 ) );
#4483 = CARTESIAN_POINT( '', ( 0.951768488745981, 0.128135048231511, 0.990000000000000 ) );
#4484 = CARTESIAN_POINT( '', ( 0.933118971061094, 0.106591639871382, 0.990000000000000 ) );
#4485 = CARTESIAN_POINT( '', ( 0.914607193351468, 0.0852073449309515, 0.990000000000000 ) );
#4486 = CARTESIAN_POINT( '', ( 0.905466237942123, 0.0532154340836011, 0.990000000000000 ) );
#4487 = CARTESIAN_POINT( '', ( 0.905466237942123, 0.0107717041800642, 0.990000000000000 ) );
#4488 = DIRECTION( '', ( 0.000000000000000, 0.000000000000000, 1.00000000000000 ) );
#4489 = SURFACE_STYLE_FILL_AREA( #5396 );
#4490 = ORIENTED_EDGE( '', *, *, #5397, .F. );
#4491 = ORIENTED_EDGE( '', *, *, #5398, .F. );
#4492 = ORIENTED_EDGE( '', *, *, #5323, .T. );
#4493 = ORIENTED_EDGE( '', *, *, #5026, .T. );
#4494 = CARTESIAN_POINT( '', ( 0.0627009646302256, -0.0319935691318335, 0.990000000000000 ) );
#4495 = DIRECTION( '', ( -1.00000000000000, -1.17350420757422E-015, 0.000000000000000 ) );
#4496 = DIRECTION( '', ( 1.17350420757422E-015, -1.00000000000000, 0.000000000000000 ) );
#4497 = SURFACE_STYLE_FILL_AREA( #5399 );
#4498 = ORIENTED_EDGE( '', *, *, #5400, .F. );
#4499 = ORIENTED_EDGE( '', *, *, #5053, .F. );
#4500 = ORIENTED_EDGE( '', *, *, #5182, .T. );
#4501 = ORIENTED_EDGE( '', *, *, #5091, .T. );
#4502 = CARTESIAN_POINT( '', ( -0.753697749196141, -0.170578778135049, 0.990000000000000 ) );
#4503 = DIRECTION( '', ( 1.00000000000000, 0.000000000000000, 0.000000000000000 ) );
#4504 = DIRECTION( '', ( 0.000000000000000, 0.000000000000000, -1.00000000000000 ) );
#4505 = SURFACE_STYLE_FILL_AREA( #5401 );
#4506 = ORIENTED_EDGE( '', *, *, #5364, .T. );
#4507 = ORIENTED_EDGE( '', *, *, #5335, .T. );
#4508 = ORIENTED_EDGE( '', *, *, #5201, .T. );
#4509 = ORIENTED_EDGE( '', *, *, #5148, .F. );
#4510 = CARTESIAN_POINT( '', ( -0.750000000000000, -2.16840434497101E-016, 1.00000000000000 ) );
#4511 = DIRECTION( '', ( -1.00000000000000, 6.12303176911189E-017, 0.000000000000000 ) );
#4512 = DIRECTION( '', ( -6.12303176911189E-017, -1.00000000000000, 0.000000000000000 ) );
#4513 = SURFACE_STYLE_FILL_AREA( #5402 );
#4514 = ORIENTED_EDGE( '', *, *, #5403, .F. );
#4515 = ORIENTED_EDGE( '', *, *, #5404, .F. );
#4516 = ORIENTED_EDGE( '', *, *, #5329, .T. );
#4517 = ORIENTED_EDGE( '', *, *, #5221, .T. );
#4518 = CARTESIAN_POINT( '', ( 0.00353697749196204, 0.312379421221865, 0.990000000000000 ) );
#4519 = DIRECTION( '', ( -1.83253736762496E-015, -1.00000000000000, 0.000000000000000 ) );
#4520 = DIRECTION( '', ( 1.00000000000000, -1.83253736762496E-015, 0.000000000000000 ) );
#4521 = SURFACE_STYLE_FILL_AREA( #5405 );
#4522 = ORIENTED_EDGE( '', *, *, #5406, .T. );
#4523 = ORIENTED_EDGE( '', *, *, #5352, .T. );
#4524 = ORIENTED_EDGE( '', *, *, #5407, .T. );
#4525 = ORIENTED_EDGE( '', *, *, #5391, .T. );
#4526 = CARTESIAN_POINT( '', ( 0.750000000000000, 0.000000000000000, 0.000000000000000 ) );
#4527 = DIRECTION( '', ( -1.00000000000000, 6.12303176911189E-017, 0.000000000000000 ) );
#4528 = DIRECTION( '', ( -6.12303176911189E-017, -1.00000000000000, 0.000000000000000 ) );
#4529 = SURFACE_STYLE_FILL_AREA( #5408 );
#4530 = ORIENTED_EDGE( '', *, *, #5289, .F. );
#4531 = ORIENTED_EDGE( '', *, *, #5409, .T. );
#4532 = ORIENTED_EDGE( '', *, *, #5334, .F. );
#4533 = CARTESIAN_POINT( '', ( -0.950000000000000, -0.250000000000000, 0.850000000000000 ) );
#4534 = DIRECTION( '', ( 1.00000000000000, 0.000000000000000, 0.000000000000000 ) );
#4535 = DIRECTION( '', ( 0.000000000000000, 0.000000000000000, -1.00000000000000 ) );
#4536 = SURFACE_STYLE_FILL_AREA( #5410 );
#4537 = ORIENTED_EDGE( '', *, *, #5411, .F. );
#4538 = ORIENTED_EDGE( '', *, *, #5412, .F. );
#4539 = ORIENTED_EDGE( '', *, *, #5327, .T. );
#4540 = ORIENTED_EDGE( '', *, *, #4986, .T. );
#4541 = CARTESIAN_POINT( '', ( 0.203858520900323, 0.179903536977492, 0.990000000000000 ) );
#4542 = DIRECTION( '', ( -4.21483594553740E-015, -1.00000000000000, 0.000000000000000 ) );
#4543 = DIRECTION( '', ( 1.00000000000000, -4.21483594553740E-015, 0.000000000000000 ) );
#4544 = SURFACE_STYLE_FILL_AREA( #5413 );
#4545 = ORIENTED_EDGE( '', *, *, #5197, .T. );
#4546 = ORIENTED_EDGE( '', *, *, #5409, .F. );
#4547 = ORIENTED_EDGE( '', *, *, #5288, .F. );
#4548 = ORIENTED_EDGE( '', *, *, #5099, .T. );
#4549 = CARTESIAN_POINT( '', ( -0.950000000000000, -0.250000000000000, 0.850000000000000 ) );
#4550 = DIRECTION( '', ( 0.447213595499958, -0.894427190999916, 0.000000000000000 ) );
#4551 = DIRECTION( '', ( 0.894427190999916, 0.447213595499958, 0.000000000000000 ) );
#4552 = SURFACE_STYLE_FILL_AREA( #5414 );
#4553 = ORIENTED_EDGE( '', *, *, #5169, .F. );
#4554 = ORIENTED_EDGE( '', *, *, #5240, .F. );
#4555 = SURFACE_STYLE_FILL_AREA( #5415 );
#4556 = ORIENTED_EDGE( '', *, *, #5257, .F. );
#4557 = ORIENTED_EDGE( '', *, *, #5167, .F. );
#4558 = ORIENTED_EDGE( '', *, *, #5158, .T. );
#4559 = ORIENTED_EDGE( '', *, *, #5074, .T. );
#4560 = CARTESIAN_POINT( '', ( -1.45000000000000, 0.500000000000000, -0.150000000000000 ) );
#4561 = DIRECTION( '', ( 0.447213595499958, 0.894427190999916, 0.000000000000000 ) );
#4562 = DIRECTION( '', ( -0.894427190999916, 0.447213595499958, 0.000000000000000 ) );
#4563 = SURFACE_STYLE_FILL_AREA( #5416 );
#4564 = ORIENTED_EDGE( '', *, *, #5320, .F. );
#4565 = ORIENTED_EDGE( '', *, *, #4978, .F. );
#4566 = ORIENTED_EDGE( '', *, *, #4974, .F. );
#4567 = ORIENTED_EDGE( '', *, *, #5311, .F. );
#4568 = ORIENTED_EDGE( '', *, *, #5406, .F. );
#4569 = ORIENTED_EDGE( '', *, *, #5393, .T. );
#4570 = ORIENTED_EDGE( '', *, *, #5339, .T. );
#4571 = ORIENTED_EDGE( '', *, *, #5292, .T. );
#4572 = ORIENTED_EDGE( '', *, *, #5417, .T. );
#4573 = ORIENTED_EDGE( '', *, *, #5294, .T. );
#4574 = ORIENTED_EDGE( '', *, *, #5338, .T. );
#4575 = ORIENTED_EDGE( '', *, *, #5392, .T. );
#4576 = ORIENTED_EDGE( '', *, *, #5407, .F. );
#4577 = ORIENTED_EDGE( '', *, *, #5355, .T. );
#4578 = ORIENTED_EDGE( '', *, *, #5383, .F. );
#4579 = ORIENTED_EDGE( '', *, *, #5353, .T. );
#4580 = CARTESIAN_POINT( '', ( -1.45000000000000, -1.25000000000000, 0.000000000000000 ) );
#4581 = DIRECTION( '', ( 0.000000000000000, 0.000000000000000, 1.00000000000000 ) );
#4582 = DIRECTION( '', ( 1.00000000000000, 0.000000000000000, 0.000000000000000 ) );
#4583 = SURFACE_STYLE_FILL_AREA( #5418 );
#4584 = ORIENTED_EDGE( '', *, *, #5077, .F. );
#4585 = ORIENTED_EDGE( '', *, *, #5214, .F. );
#4586 = ORIENTED_EDGE( '', *, *, #5419, .F. );
#4587 = ORIENTED_EDGE( '', *, *, #5420, .F. );
#4588 = CARTESIAN_POINT( '', ( -1.00000000000000, 0.500000000000000, -1.20000000000000 ) );
#4589 = DIRECTION( '', ( -1.00000000000000, -2.77555756156289E-016, 0.000000000000000 ) );
#4590 = DIRECTION( '', ( 2.77555756156289E-016, -1.00000000000000, 0.000000000000000 ) );
#4591 = SURFACE_STYLE_FILL_AREA( #5421 );
#4592 = ORIENTED_EDGE( '', *, *, #5164, .F. );
#4593 = ORIENTED_EDGE( '', *, *, #5078, .F. );
#4594 = ORIENTED_EDGE( '', *, *, #5420, .T. );
#4595 = ORIENTED_EDGE( '', *, *, #5422, .T. );
#4596 = CARTESIAN_POINT( '', ( -1.00000000000000, 0.500000000000000, -1.20000000000000 ) );
#4597 = DIRECTION( '', ( 0.000000000000000, 0.000000000000000, -1.00000000000000 ) );
#4598 = DIRECTION( '', ( -1.00000000000000, 0.000000000000000, 0.000000000000000 ) );
#4599 = SURFACE_STYLE_FILL_AREA( #5423 );
#4600 = ORIENTED_EDGE( '', *, *, #5424, .F. );
#4601 = ORIENTED_EDGE( '', *, *, #4988, .F. );
#4602 = ORIENTED_EDGE( '', *, *, #5326, .T. );
#4603 = ORIENTED_EDGE( '', *, *, #5425, .T. );
#4604 = CARTESIAN_POINT( '', ( 0.146623794212219, 0.0493569131832790, 0.990000000000000 ) );
#4605 = DIRECTION( '', ( -0.829803825565357, -0.558055204327581, 0.000000000000000 ) );
#4606 = DIRECTION( '', ( 0.558055204327581, -0.829803825565357, 0.000000000000000 ) );
#4607 = SURFACE_STYLE_FILL_AREA( #5426 );
#4608 = ORIENTED_EDGE( '', *, *, #5427, .F. );
#4609 = ORIENTED_EDGE( '', *, *, #5255, .F. );
#4610 = ORIENTED_EDGE( '', *, *, #5188, .T. );
#4611 = ORIENTED_EDGE( '', *, *, #5270, .T. );
#4612 = CARTESIAN_POINT( '', ( -1.15273311897106, -0.170578778135049, 0.990000000000000 ) );
#4613 = DIRECTION( '', ( 1.00000000000000, 4.48983855716367E-016, 0.000000000000000 ) );
#4614 = DIRECTION( '', ( -4.48983855716367E-016, 1.00000000000000, 0.000000000000000 ) );
#4615 = SURFACE_STYLE_FILL_AREA( #5428 );
#4616 = ORIENTED_EDGE( '', *, *, #5321, .F. );
#4617 = ORIENTED_EDGE( '', *, *, #5309, .F. );
#4618 = ORIENTED_EDGE( '', *, *, #4972, .F. );
#4619 = ORIENTED_EDGE( '', *, *, #5429, .F. );
#4620 = CARTESIAN_POINT( '', ( -1.45000000000000, -1.05000000000000, 1.00000000000000 ) );
#4621 = DIRECTION( '', ( -1.05744373564371E-016, -0.707106781186547, 0.707106781186548 ) );
#4622 = DIRECTION( '', ( 0.000000000000000, -0.707106781186548, -0.707106781186547 ) );
#4623 = SURFACE_STYLE_FILL_AREA( #5430 );
#4624 = ORIENTED_EDGE( '', *, *, #5431, .F. );
#4625 = ORIENTED_EDGE( '', *, *, #5028, .F. );
#4626 = ORIENTED_EDGE( '', *, *, #5330, .T. );
#4627 = ORIENTED_EDGE( '', *, *, #5404, .T. );
#4628 = CARTESIAN_POINT( '', ( 0.00353697749196220, -0.170578778135049, 0.990000000000000 ) );
#4629 = DIRECTION( '', ( 1.00000000000000, 3.36737891787276E-016, 0.000000000000000 ) );
#4630 = DIRECTION( '', ( -3.36737891787276E-016, 1.00000000000000, 0.000000000000000 ) );
#4631 = SURFACE_STYLE_FILL_AREA( #5432 );
#4632 = ORIENTED_EDGE( '', *, *, #5433, .F. );
#4633 = ORIENTED_EDGE( '', *, *, #5434, .F. );
#4634 = ORIENTED_EDGE( '', *, *, #5369, .T. );
#4635 = ORIENTED_EDGE( '', *, *, #5435, .T. );
#4636 = CARTESIAN_POINT( '', ( -0.367845659163987, -0.126527331189711, 0.990000000000000 ) );
#4637 = CARTESIAN_POINT( '', ( -0.389067524115755, -0.145498392282959, 0.990000000000000 ) );
#4638 = CARTESIAN_POINT( '', ( -0.409967845659164, -0.159003215434084, 0.990000000000000 ) );
#4639 = CARTESIAN_POINT( '', ( -0.430546623794211, -0.167041800643087, 0.990000000000000 ) );
#4640 = CARTESIAN_POINT( '', ( -0.450737452076682, -0.174928842940928, 0.990000000000000 ) );
#4641 = CARTESIAN_POINT( '', ( -0.472668810289389, -0.178617363344052, 0.990000000000000 ) );
#4642 = CARTESIAN_POINT( '', ( -0.534726688102893, -0.178617363344052, 0.990000000000000 ) );
#4643 = CARTESIAN_POINT( '', ( -0.564308681672025, -0.169292604501608, 0.990000000000000 ) );
#4644 = CARTESIAN_POINT( '', ( -0.585209003215433, -0.150321543408361, 0.990000000000000 ) );
#4645 = CARTESIAN_POINT( '', ( -0.605773010215449, -0.131655752439116, 0.990000000000000 ) );
#4646 = CARTESIAN_POINT( '', ( -0.616398713826366, -0.107877813504824, 0.990000000000000 ) );
#4647 = CARTESIAN_POINT( '', ( -0.616398713826366, -0.0612540192926054, 0.990000000000000 ) );
#4648 = CARTESIAN_POINT( '', ( -0.612218649517684, -0.0454983922829591, 0.990000000000000 ) );
#4649 = CARTESIAN_POINT( '', ( -0.596784565916398, -0.0172025723472679, 0.990000000000000 ) );
#4650 = CARTESIAN_POINT( '', ( -0.586495176848874, -0.00594855305466308, 0.990000000000000 ) );
#4651 = CARTESIAN_POINT( '', ( -0.573633440514469, 0.00273311897106043, 0.990000000000000 ) );
#4652 = CARTESIAN_POINT( '', ( -0.561141706899859, 0.0111650391609212, 0.990000000000000 ) );
#4653 = CARTESIAN_POINT( '', ( -0.546623794212218, 0.0178456591639861, 0.990000000000000 ) );
#4654 = CARTESIAN_POINT( '', ( -0.530868167202572, 0.0223472668810280, 0.990000000000000 ) );
#4655 = CARTESIAN_POINT( '', ( -0.519401807923314, 0.0256233695322445, 0.990000000000000 ) );
#4656 = CARTESIAN_POINT( '', ( -0.501607717041800, 0.0281350482315104, 0.990000000000000 ) );
#4657 = CARTESIAN_POINT( '', ( -0.477813504823151, 0.0310289389067514, 0.990000000000000 ) );
#4658 = CARTESIAN_POINT( '', ( -0.429908223861796, 0.0368552568615111, 0.990000000000000 ) );
#4659 = CARTESIAN_POINT( '', ( -0.394212218649518, 0.0435691318327965, 0.990000000000000 ) );
#4660 = CARTESIAN_POINT( '', ( -0.371704180064308, 0.0516077170417996, 0.990000000000000 ) );
#4661 = DIRECTION( '', ( 0.000000000000000, 0.000000000000000, 1.00000000000000 ) );
#4662 = SURFACE_STYLE_FILL_AREA( #5436 );
#4663 = ORIENTED_EDGE( '', *, *, #5437, .F. );
#4664 = ORIENTED_EDGE( '', *, *, #5438, .F. );
#4665 = ORIENTED_EDGE( '', *, *, #5021, .T. );
#4666 = ORIENTED_EDGE( '', *, *, #5316, .T. );
#4667 = CARTESIAN_POINT( '', ( 0.544051446945338, 0.179903536977492, 0.990000000000000 ) );
#4668 = DIRECTION( '', ( -1.00000000000000, -4.35079839539345E-015, 0.000000000000000 ) );
#4669 = DIRECTION( '', ( 4.35079839539345E-015, -1.00000000000000, 0.000000000000000 ) );
#4670 = SURFACE_STYLE_FILL_AREA( #5439 );
#4671 = ORIENTED_EDGE( '', *, *, #5440, .F. );
#4672 = ORIENTED_EDGE( '', *, *, #5441, .F. );
#4673 = ORIENTED_EDGE( '', *, *, #5022, .T. );
#4674 = ORIENTED_EDGE( '', *, *, #5438, .T. );
#4675 = CARTESIAN_POINT( '', ( 0.490675241157558, 0.179903536977492, 0.990000000000000 ) );
#4676 = DIRECTION( '', ( 0.000000000000000, -1.00000000000000, 0.000000000000000 ) );
#4677 = DIRECTION( '', ( 0.000000000000000, 0.000000000000000, -1.00000000000000 ) );
#4678 = SURFACE_STYLE_FILL_AREA( #5442 );
#4679 = ORIENTED_EDGE( '', *, *, #5443, .F. );
#4680 = ORIENTED_EDGE( '', *, *, #5223, .F. );
#4681 = ORIENTED_EDGE( '', *, *, #5328, .T. );
#4682 = ORIENTED_EDGE( '', *, *, #5412, .T. );
#4683 = CARTESIAN_POINT( '', ( 0.0627009646302258, 0.0377813504823145, 0.990000000000000 ) );
#4684 = DIRECTION( '', ( 0.709510522722877, -0.704694840441953, 0.000000000000000 ) );
#4685 = DIRECTION( '', ( 0.704694840441953, 0.709510522722877, 0.000000000000000 ) );
#4686 = SURFACE_STYLE_FILL_AREA( #5444 );
#4687 = ORIENTED_EDGE( '', *, *, #5445, .F. );
#4688 = ORIENTED_EDGE( '', *, *, #5088, .F. );
#4689 = ORIENTED_EDGE( '', *, *, #5324, .T. );
#4690 = ORIENTED_EDGE( '', *, *, #5398, .T. );
#4691 = CARTESIAN_POINT( '', ( 0.103858520900323, 0.00787781350482263, 0.990000000000000 ) );
#4692 = DIRECTION( '', ( -0.695795215827009, 0.718240222789177, 0.000000000000000 ) );
#4693 = DIRECTION( '', ( -0.718240222789177, -0.695795215827009, 0.000000000000000 ) );
#4694 = SURFACE_STYLE_FILL_AREA( #5446 );
#4695 = ORIENTED_EDGE( '', *, *, #5190, .T. );
#4696 = ORIENTED_EDGE( '', *, *, #5260, .T. );
#4697 = CARTESIAN_POINT( '', ( -1.45000000000000, -1.25000000000000, 1.00000000000000 ) );
#4698 = DIRECTION( '', ( 0.000000000000000, 0.000000000000000, 1.00000000000000 ) );
#4699 = DIRECTION( '', ( 1.00000000000000, 0.000000000000000, 0.000000000000000 ) );
#4700 = SURFACE_STYLE_FILL_AREA( #5447 );
#4701 = ORIENTED_EDGE( '', *, *, #5448, .F. );
#4702 = ORIENTED_EDGE( '', *, *, #5449, .F. );
#4703 = ORIENTED_EDGE( '', *, *, #5357, .T. );
#4704 = ORIENTED_EDGE( '', *, *, #5243, .T. );
#4705 = CARTESIAN_POINT( '', ( 0.401286173633441, 0.244533762057877, 0.990000000000000 ) );
#4706 = DIRECTION( '', ( 1.83253736762495E-015, 1.00000000000000, 0.000000000000000 ) );
#4707 = DIRECTION( '', ( -1.00000000000000, 1.83253736762495E-015, 0.000000000000000 ) );
#4708 = SURFACE_STYLE_FILL_AREA( #5450 );
#4709 = ORIENTED_EDGE( '', *, *, #5210, .F. );
#4710 = ORIENTED_EDGE( '', *, *, #5344, .F. );
#4711 = ORIENTED_EDGE( '', *, *, #5070, .F. );
#4712 = ORIENTED_EDGE( '', *, *, #5362, .F. );
#4713 = ORIENTED_EDGE( '', *, *, #5266, .T. );
#4714 = ORIENTED_EDGE( '', *, *, #4997, .F. );
#4715 = CARTESIAN_POINT( '', ( 0.950000000000000, -0.250000000000000, 0.850000000000000 ) );
#4716 = DIRECTION( '', ( 0.000000000000000, 0.000000000000000, -1.00000000000000 ) );
#4717 = DIRECTION( '', ( -1.00000000000000, 0.000000000000000, 0.000000000000000 ) );
#4718 = SURFACE_STYLE_FILL_AREA( #5451 );
#4719 = ORIENTED_EDGE( '', *, *, #5286, .F. );
#4720 = ORIENTED_EDGE( '', *, *, #5290, .F. );
#4721 = ORIENTED_EDGE( '', *, *, #5333, .F. );
#4722 = CARTESIAN_POINT( '', ( -0.950000000000000, -0.250000000000000, 0.850000000000000 ) );
#4723 = DIRECTION( '', ( 1.00000000000000, 0.000000000000000, 0.000000000000000 ) );
#4724 = DIRECTION( '', ( 0.000000000000000, 0.000000000000000, -1.00000000000000 ) );
#4725 = SURFACE_STYLE_FILL_AREA( #5452 );
#4726 = ORIENTED_EDGE( '', *, *, #5171, .F. );
#4727 = ORIENTED_EDGE( '', *, *, #5378, .T. );
#4728 = ORIENTED_EDGE( '', *, *, #5231, .T. );
#4729 = ORIENTED_EDGE( '', *, *, #5300, .T. );
#4730 = ORIENTED_EDGE( '', *, *, #5134, .F. );
#4731 = ORIENTED_EDGE( '', *, *, #5096, .F. );
#4732 = CARTESIAN_POINT( '', ( 0.950000000000000, -0.250000000000000, 0.000000000000000 ) );
#4733 = DIRECTION( '', ( 0.000000000000000, 0.000000000000000, -1.00000000000000 ) );
#4734 = DIRECTION( '', ( -1.00000000000000, 0.000000000000000, 0.000000000000000 ) );
#4735 = SURFACE_STYLE_FILL_AREA( #5453 );
#4736 = ORIENTED_EDGE( '', *, *, #5081, .T. );
#4737 = ORIENTED_EDGE( '', *, *, #5347, .T. );
#4738 = ORIENTED_EDGE( '', *, *, #5454, .T. );
#4739 = ORIENTED_EDGE( '', *, *, #5440, .T. );
#4740 = ORIENTED_EDGE( '', *, *, #5437, .T. );
#4741 = ORIENTED_EDGE( '', *, *, #5315, .T. );
#4742 = ORIENTED_EDGE( '', *, *, #5376, .T. );
#4743 = ORIENTED_EDGE( '', *, *, #5455, .T. );
#4744 = ORIENTED_EDGE( '', *, *, #5448, .T. );
#4745 = ORIENTED_EDGE( '', *, *, #5242, .T. );
#4746 = ORIENTED_EDGE( '', *, *, #5235, .T. );
#4747 = ORIENTED_EDGE( '', *, *, #4980, .T. );
#4748 = ORIENTED_EDGE( '', *, *, #5350, .T. );
#4749 = ORIENTED_EDGE( '', *, *, #5004, .T. );
#4750 = ORIENTED_EDGE( '', *, *, #5277, .T. );
#4751 = ORIENTED_EDGE( '', *, *, #5141, .T. );
#4752 = ORIENTED_EDGE( '', *, *, #5313, .T. );
#4753 = ORIENTED_EDGE( '', *, *, #5112, .T. );
#4754 = ORIENTED_EDGE( '', *, *, #5279, .T. );
#4755 = ORIENTED_EDGE( '', *, *, #5253, .T. );
#4756 = ORIENTED_EDGE( '', *, *, #5427, .T. );
#4757 = ORIENTED_EDGE( '', *, *, #5269, .T. );
#4758 = ORIENTED_EDGE( '', *, *, #5388, .T. );
#4759 = ORIENTED_EDGE( '', *, *, #5456, .T. );
#4760 = ORIENTED_EDGE( '', *, *, #5457, .T. );
#4761 = ORIENTED_EDGE( '', *, *, #5297, .T. );
#4762 = ORIENTED_EDGE( '', *, *, #5050, .T. );
#4763 = ORIENTED_EDGE( '', *, *, #5400, .T. );
#4764 = ORIENTED_EDGE( '', *, *, #5090, .T. );
#4765 = ORIENTED_EDGE( '', *, *, #5341, .T. );
#4766 = ORIENTED_EDGE( '', *, *, #5055, .T. );
#4767 = ORIENTED_EDGE( '', *, *, #4971, .T. );
#4768 = ORIENTED_EDGE( '', *, *, #5177, .T. );
#4769 = ORIENTED_EDGE( '', *, *, #5319, .T. );
#4770 = ORIENTED_EDGE( '', *, *, #5429, .T. );
#4771 = ORIENTED_EDGE( '', *, *, #5273, .T. );
#4772 = ORIENTED_EDGE( '', *, *, #5458, .T. );
#4773 = ORIENTED_EDGE( '', *, *, #5433, .T. );
#4774 = ORIENTED_EDGE( '', *, *, #5459, .T. );
#4775 = ORIENTED_EDGE( '', *, *, #5035, .T. );
#4776 = ORIENTED_EDGE( '', *, *, #5030, .T. );
#4777 = ORIENTED_EDGE( '', *, *, #5397, .T. );
#4778 = ORIENTED_EDGE( '', *, *, #5025, .T. );
#4779 = ORIENTED_EDGE( '', *, *, #5431, .T. );
#4780 = ORIENTED_EDGE( '', *, *, #5403, .T. );
#4781 = ORIENTED_EDGE( '', *, *, #5220, .T. );
#4782 = ORIENTED_EDGE( '', *, *, #5443, .T. );
#4783 = ORIENTED_EDGE( '', *, *, #5411, .T. );
#4784 = ORIENTED_EDGE( '', *, *, #4985, .T. );
#4785 = ORIENTED_EDGE( '', *, *, #5424, .T. );
#4786 = ORIENTED_EDGE( '', *, *, #5460, .T. );
#4787 = ORIENTED_EDGE( '', *, *, #5085, .T. );
#4788 = ORIENTED_EDGE( '', *, *, #5445, .T. );
#4789 = ORIENTED_EDGE( '', *, *, #5371, .T. );
#4790 = ORIENTED_EDGE( '', *, *, #5281, .T. );
#4791 = ORIENTED_EDGE( '', *, *, #5116, .T. );
#4792 = ORIENTED_EDGE( '', *, *, #5250, .T. );
#4793 = ORIENTED_EDGE( '', *, *, #5225, .T. );
#4794 = ORIENTED_EDGE( '', *, *, #5204, .T. );
#4795 = ORIENTED_EDGE( '', *, *, #5246, .T. );
#4796 = ORIENTED_EDGE( '', *, *, #5263, .T. );
#4797 = ORIENTED_EDGE( '', *, *, #5151, .T. );
#4798 = ORIENTED_EDGE( '', *, *, #5385, .T. );
#4799 = CARTESIAN_POINT( '', ( -1.45000000000000, -1.25000000000000, 1.00000000000000 ) );
#4800 = DIRECTION( '', ( 0.000000000000000, 0.000000000000000, 1.00000000000000 ) );
#4801 = DIRECTION( '', ( 1.00000000000000, 0.000000000000000, 0.000000000000000 ) );
#4802 = SURFACE_STYLE_FILL_AREA( #5461 );
#4803 = ORIENTED_EDGE( '', *, *, #5365, .T. );
#4804 = ORIENTED_EDGE( '', *, *, #5060, .T. );
#4805 = ORIENTED_EDGE( '', *, *, #5200, .T. );
#4806 = ORIENTED_EDGE( '', *, *, #4995, .F. );
#4807 = ORIENTED_EDGE( '', *, *, #5267, .F. );
#4808 = ORIENTED_EDGE( '', *, *, #5361, .F. );
#4809 = CARTESIAN_POINT( '', ( 0.950000000000000, -2.16840434497101E-016, 1.00000000000000 ) );
#4810 = DIRECTION( '', ( 1.00000000000000, -0.000000000000000, -0.000000000000000 ) );
#4811 = DIRECTION( '', ( 0.000000000000000, 0.000000000000000, 1.00000000000000 ) );
#4812 = SURFACE_STYLE_FILL_AREA( #5462 );
#4813 = ORIENTED_EDGE( '', *, *, #5001, .F. );
#4814 = ORIENTED_EDGE( '', *, *, #5381, .F. );
#4815 = ORIENTED_EDGE( '', *, *, #5463, .F. );
#4816 = ORIENTED_EDGE( '', *, *, #5301, .F. );
#4817 = CARTESIAN_POINT( '', ( 1.00000000000000, 0.500000000000000, -1.20000000000000 ) );
#4818 = DIRECTION( '', ( 1.00000000000000, -2.77555756156289E-016, 0.000000000000000 ) );
#4819 = DIRECTION( '', ( 2.77555756156289E-016, 1.00000000000000, 0.000000000000000 ) );
#4820 = SURFACE_STYLE_FILL_AREA( #5464 );
#4821 = ORIENTED_EDGE( '', *, *, #5075, .T. );
#4822 = ORIENTED_EDGE( '', *, *, #5157, .T. );
#4823 = ORIENTED_EDGE( '', *, *, #5465, .F. );
#4824 = ORIENTED_EDGE( '', *, *, #5212, .F. );
#4825 = CARTESIAN_POINT( '', ( -1.45000000000000, 0.500000000000000, -1.05000000000000 ) );
#4826 = DIRECTION( '', ( -1.00000000000000, -3.88578058618805E-016, 0.000000000000000 ) );
#4827 = DIRECTION( '', ( 3.88578058618805E-016, -1.00000000000000, 0.000000000000000 ) );
#4828 = SURFACE_STYLE_FILL_AREA( #5466 );
#4829 = ORIENTED_EDGE( '', *, *, #5395, .F. );
#4830 = ORIENTED_EDGE( '', *, *, #5206, .F. );
#4831 = ORIENTED_EDGE( '', *, *, #5227, .F. );
#4832 = ORIENTED_EDGE( '', *, *, #5386, .F. );
#4833 = ORIENTED_EDGE( '', *, *, #5153, .F. );
#4834 = ORIENTED_EDGE( '', *, *, #5264, .F. );
#4835 = ORIENTED_EDGE( '', *, *, #5247, .F. );
#4836 = CARTESIAN_POINT( '', ( 1.14215962863898, -0.222875584879403, 0.990000000000000 ) );
#4837 = DIRECTION( '', ( 0.000000000000000, 0.000000000000000, 1.00000000000000 ) );
#4838 = DIRECTION( '', ( 1.00000000000000, 0.000000000000000, 0.000000000000000 ) );
#4839 = SURFACE_STYLE_FILL_AREA( #5467 );
#4840 = ORIENTED_EDGE( '', *, *, #5295, .F. );
#4841 = ORIENTED_EDGE( '', *, *, #5417, .F. );
#4842 = CARTESIAN_POINT( '', ( -0.950000000000000, 0.000000000000000, 0.000000000000000 ) );
#4843 = DIRECTION( '', ( -1.00000000000000, 6.12303176911189E-017, 0.000000000000000 ) );
#4844 = DIRECTION( '', ( -6.12303176911189E-017, -1.00000000000000, 0.000000000000000 ) );
#4845 = SURFACE_STYLE_FILL_AREA( #5468 );
#4846 = ORIENTED_EDGE( '', *, *, #5458, .F. );
#4847 = ORIENTED_EDGE( '', *, *, #5275, .F. );
#4848 = ORIENTED_EDGE( '', *, *, #5367, .T. );
#4849 = ORIENTED_EDGE( '', *, *, #5434, .T. );
#4850 = CARTESIAN_POINT( '', ( -0.355305466237942, -0.170578778135049, 0.990000000000000 ) );
#4851 = CARTESIAN_POINT( '', ( -0.361736334405144, -0.158360128617364, 0.990000000000000 ) );
#4852 = CARTESIAN_POINT( '', ( -0.365916398713826, -0.143569131832798, 0.990000000000000 ) );
#4853 = CARTESIAN_POINT( '', ( -0.367845659163987, -0.126527331189711, 0.990000000000000 ) );
#4854 = DIRECTION( '', ( 0.000000000000000, 0.000000000000000, 1.00000000000000 ) );
#4855 = SURFACE_STYLE_FILL_AREA( #5469 );
#4856 = ORIENTED_EDGE( '', *, *, #5229, .F. );
#4857 = ORIENTED_EDGE( '', *, *, #5303, .F. );
#4858 = ORIENTED_EDGE( '', *, *, #5470, .T. );
#4859 = ORIENTED_EDGE( '', *, *, #5379, .T. );
#4860 = CARTESIAN_POINT( '', ( 1.45000000000000, 0.500000000000000, -1.05000000000000 ) );
#4861 = DIRECTION( '', ( -1.00000000000000, 0.000000000000000, 0.000000000000000 ) );
#4862 = DIRECTION( '', ( 0.000000000000000, 0.000000000000000, 1.00000000000000 ) );
#4863 = SURFACE_STYLE_FILL_AREA( #5471 );
#4864 = ORIENTED_EDGE( '', *, *, #5457, .F. );
#4865 = ORIENTED_EDGE( '', *, *, #5472, .F. );
#4866 = ORIENTED_EDGE( '', *, *, #5184, .T. );
#4867 = ORIENTED_EDGE( '', *, *, #5298, .T. );
#4868 = CARTESIAN_POINT( '', ( -0.777170418006430, 0.312379421221864, 0.990000000000000 ) );
#4869 = DIRECTION( '', ( 2.55444602759842E-015, -1.00000000000000, 0.000000000000000 ) );
#4870 = DIRECTION( '', ( 1.00000000000000, 2.55444602759842E-015, 0.000000000000000 ) );
#4871 = SURFACE_STYLE_FILL_AREA( #5473 );
#4872 = ORIENTED_EDGE( '', *, *, #5110, .T. );
#4873 = ORIENTED_EDGE( '', *, *, #5011, .F. );
#4874 = ORIENTED_EDGE( '', *, *, #5374, .F. );
#4875 = ORIENTED_EDGE( '', *, *, #5040, .T. );
#4876 = CARTESIAN_POINT( '', ( -0.450000000000000, -1.25000000000000, -0.200000000000000 ) );
#4877 = DIRECTION( '', ( 1.00000000000000, 0.000000000000000, 0.000000000000000 ) );
#4878 = DIRECTION( '', ( 0.000000000000000, 0.000000000000000, -1.00000000000000 ) );
#4879 = SURFACE_STYLE_FILL_AREA( #5474 );
#4880 = ORIENTED_EDGE( '', *, *, #5455, .F. );
#4881 = ORIENTED_EDGE( '', *, *, #5238, .F. );
#4882 = ORIENTED_EDGE( '', *, *, #5358, .T. );
#4883 = ORIENTED_EDGE( '', *, *, #5449, .T. );
#4884 = CARTESIAN_POINT( '', ( 0.401286173633441, 0.312379421221865, 0.990000000000000 ) );
#4885 = DIRECTION( '', ( -1.00000000000000, -4.79412619397617E-015, 0.000000000000000 ) );
#4886 = DIRECTION( '', ( 4.79412619397617E-015, -1.00000000000000, 0.000000000000000 ) );
#4887 = SURFACE_STYLE_FILL_AREA( #5475 );
#4888 = ORIENTED_EDGE( '', *, *, #5454, .F. );
#4889 = ORIENTED_EDGE( '', *, *, #5348, .F. );
#4890 = ORIENTED_EDGE( '', *, *, #5023, .T. );
#4891 = ORIENTED_EDGE( '', *, *, #5441, .T. );
#4892 = CARTESIAN_POINT( '', ( 0.490675241157557, -0.170578778135049, 0.990000000000000 ) );
#4893 = DIRECTION( '', ( 1.00000000000000, -6.18691514941269E-016, 0.000000000000000 ) );
#4894 = DIRECTION( '', ( 6.18691514941269E-016, 1.00000000000000, 0.000000000000000 ) );
#4895 = SURFACE_STYLE_FILL_AREA( #5476 );
#4896 = ORIENTED_EDGE( '', *, *, #5456, .F. );
#4897 = ORIENTED_EDGE( '', *, *, #5389, .F. );
#4898 = ORIENTED_EDGE( '', *, *, #5185, .T. );
#4899 = ORIENTED_EDGE( '', *, *, #5472, .T. );
#4900 = CARTESIAN_POINT( '', ( -0.919614147909967, -0.101125401929262, 0.990000000000000 ) );
#4901 = CARTESIAN_POINT( '', ( -0.914147909967845, -0.0834405144694544, 0.990000000000000 ) );
#4902 = CARTESIAN_POINT( '', ( -0.905466237942121, -0.0577170418006441, 0.990000000000000 ) );
#4903 = CARTESIAN_POINT( '', ( -0.893890675241157, -0.0236334405144705, 0.990000000000000 ) );
#4904 = CARTESIAN_POINT( '', ( -0.855761764352710, 0.0886350193237352, 0.990000000000000 ) );
#4905 = CARTESIAN_POINT( '', ( -0.816077170418006, 0.200375133976419, 0.990000000000000 ) );
#4906 = CARTESIAN_POINT( '', ( -0.777170418006430, 0.312379421221864, 0.990000000000000 ) );
#4907 = DIRECTION( '', ( 0.000000000000000, 0.000000000000000, 1.00000000000000 ) );
#4908 = SURFACE_STYLE_FILL_AREA( #5477 );
#4909 = ORIENTED_EDGE( '', *, *, #5459, .F. );
#4910 = ORIENTED_EDGE( '', *, *, #5435, .F. );
#4911 = ORIENTED_EDGE( '', *, *, #5368, .T. );
#4912 = ORIENTED_EDGE( '', *, *, #5036, .T. );
#4913 = CARTESIAN_POINT( '', ( -0.371704180064308, 0.0516077170417996, 0.990000000000000 ) );
#4914 = CARTESIAN_POINT( '', ( -0.371382636655948, 0.0596463022508032, 0.990000000000000 ) );
#4915 = CARTESIAN_POINT( '', ( -0.371382636655949, 0.0651125401929253, 0.990000000000000 ) );
#4916 = CARTESIAN_POINT( '', ( -0.371382636655949, 0.0914790996784558, 0.990000000000000 ) );
#4917 = CARTESIAN_POINT( '', ( -0.376848874598070, 0.108520900321542, 0.990000000000000 ) );
#4918 = CARTESIAN_POINT( '', ( -0.388102893890675, 0.118810289389067, 0.990000000000000 ) );
#4919 = CARTESIAN_POINT( '', ( -0.403059880847364, 0.132485248892326, 0.990000000000000 ) );
#4920 = CARTESIAN_POINT( '', ( -0.426045016077169, 0.138745980707395, 0.990000000000000 ) );
#4921 = CARTESIAN_POINT( '', ( -0.455948553054662, 0.139067524115755, 0.990000000000000 ) );
#4922 = CARTESIAN_POINT( '', ( -0.483594632269575, 0.139364793784732, 0.990000000000000 ) );
#4923 = CARTESIAN_POINT( '', ( -0.504180064308681, 0.133922829581993, 0.990000000000000 ) );
#4924 = CARTESIAN_POINT( '', ( -0.517684887459806, 0.124276527331189, 0.990000000000000 ) );
#4925 = CARTESIAN_POINT( '', ( -0.531128878074215, 0.114673676892326, 0.990000000000000 ) );
#4926 = CARTESIAN_POINT( '', ( -0.540836012861735, 0.0969453376205780, 0.990000000000000 ) );
#4927 = CARTESIAN_POINT( '', ( -0.547266881028938, 0.0721864951768480, 0.990000000000000 ) );
#4928 = DIRECTION( '', ( 0.000000000000000, 0.000000000000000, 1.00000000000000 ) );
#4929 = SURFACE_STYLE_FILL_AREA( #5478 );
#4930 = ORIENTED_EDGE( '', *, *, #5258, .T. );
#4931 = ORIENTED_EDGE( '', *, *, #5165, .F. );
#4932 = ORIENTED_EDGE( '', *, *, #5422, .F. );
#4933 = ORIENTED_EDGE( '', *, *, #5419, .T. );
#4934 = ORIENTED_EDGE( '', *, *, #5213, .T. );
#4935 = ORIENTED_EDGE( '', *, *, #5465, .T. );
#4936 = ORIENTED_EDGE( '', *, *, #5217, .T. );
#4937 = CARTESIAN_POINT( '', ( -1.45000000000000, -0.500000000000000, -1.05000000000000 ) );
#4938 = DIRECTION( '', ( 0.000000000000000, 1.00000000000000, 0.000000000000000 ) );
#4939 = DIRECTION( '', ( 0.000000000000000, 0.000000000000000, 1.00000000000000 ) );
#4940 = SURFACE_STYLE_FILL_AREA( #5479 );
#4941 = ORIENTED_EDGE( '', *, *, #5470, .F. );
#4942 = ORIENTED_EDGE( '', *, *, #5302, .F. );
#4943 = ORIENTED_EDGE( '', *, *, #5463, .T. );
#4944 = ORIENTED_EDGE( '', *, *, #5380, .T. );
#4945 = CARTESIAN_POINT( '', ( 1.00000000000000, 0.500000000000000, -1.05000000000000 ) );
#4946 = DIRECTION( '', ( 0.000000000000000, 0.000000000000000, 1.00000000000000 ) );
#4947 = DIRECTION( '', ( 1.00000000000000, 0.000000000000000, 0.000000000000000 ) );
#4948 = SURFACE_STYLE_FILL_AREA( #5480 );
#4949 = ORIENTED_EDGE( '', *, *, #5481, .T. );
#4950 = ORIENTED_EDGE( '', *, *, #5373, .F. );
#4951 = CARTESIAN_POINT( '', ( -1.08420217248550E-016, 0.000000000000000, -0.190000000000000 ) );
#4952 = DIRECTION( '', ( -0.000000000000000, -0.000000000000000, 1.00000000000000 ) );
#4953 = DIRECTION( '', ( -1.00000000000000, 0.000000000000000, 0.000000000000000 ) );
#4954 = SURFACE_STYLE_FILL_AREA( #5482 );
#4955 = ORIENTED_EDGE( '', *, *, #5460, .F. );
#4956 = ORIENTED_EDGE( '', *, *, #5425, .F. );
#4957 = ORIENTED_EDGE( '', *, *, #5325, .T. );
#4958 = ORIENTED_EDGE( '', *, *, #5086, .T. );
#4959 = CARTESIAN_POINT( '', ( 0.294533762057879, -0.170578778135049, 0.990000000000000 ) );
#4960 = DIRECTION( '', ( 3.69722451362930E-016, 1.00000000000000, 0.000000000000000 ) );
#4961 = DIRECTION( '', ( -1.00000000000000, 3.69722451362930E-016, 0.000000000000000 ) );
#4962 = SURFACE_STYLE_FILL_AREA( #5483 );
#4963 = ORIENTED_EDGE( '', *, *, #5481, .F. );
#4964 = CARTESIAN_POINT( '', ( -1.08420217248550E-016, 0.000000000000000, -0.190000000000000 ) );
#4965 = DIRECTION( '', ( 0.000000000000000, 0.000000000000000, 1.00000000000000 ) );
#4966 = DIRECTION( '', ( 1.00000000000000, 0.000000000000000, 0.000000000000000 ) );
#4968 = FILL_AREA_STYLE( '', ( #5484 ) );
#4969 = EDGE_CURVE( '', #5485, #5486, #5487, .T. );
#4970 = EDGE_CURVE( '', #5485, #5488, #5489, .T. );
#4971 = EDGE_CURVE( '', #5490, #5488, #5491, .T. );
#4972 = EDGE_CURVE( '', #5490, #5492, #5493, .T. );
#4973 = EDGE_CURVE( '', #5492, #5494, #5495, .T. );
#4974 = EDGE_CURVE( '', #5494, #5486, #5496, .T. );
#4975 = FILL_AREA_STYLE( '', ( #5497 ) );
#4976 = EDGE_CURVE( '', #5498, #5499, #5500, .T. );
#4977 = EDGE_CURVE( '', #5498, #5485, #5501, .T. );
#4978 = EDGE_CURVE( '', #5486, #5499, #5502, .T. );
#4979 = FILL_AREA_STYLE( '', ( #5503 ) );
#4980 = EDGE_CURVE( '', #5504, #5505, #5506, .T. );
#4981 = EDGE_CURVE( '', #5507, #5504, #5508, .T. );
#4982 = EDGE_CURVE( '', #5507, #5509, #5510, .T. );
#4983 = EDGE_CURVE( '', #5509, #5505, #5511, .T. );
#4984 = FILL_AREA_STYLE( '', ( #5512 ) );
#4985 = EDGE_CURVE( '', #5513, #5514, #5515, .T. );
#4986 = EDGE_CURVE( '', #5516, #5513, #5517, .T. );
#4987 = EDGE_CURVE( '', #5516, #5518, #5519, .T. );
#4988 = EDGE_CURVE( '', #5518, #5514, #5520, .T. );
#4989 = FILL_AREA_STYLE( '', ( #5521 ) );
#4990 = EDGE_CURVE( '', #5522, #5523, #5524, .T. );
#4991 = EDGE_CURVE( '', #5525, #5522, #5526, .T. );
#4992 = EDGE_CURVE( '', #5527, #5525, #5528, .T. );
#4993 = EDGE_CURVE( '', #5523, #5527, #5529, .T. );
#4994 = FILL_AREA_STYLE( '', ( #5530 ) );
#4995 = EDGE_CURVE( '', #5531, #5532, #5533, .T. );
#4996 = EDGE_CURVE( '', #5534, #5532, #5535, .T. );
#4997 = EDGE_CURVE( '', #5534, #5531, #5536, .T. );
#4998 = FILL_AREA_STYLE( '', ( #5537 ) );
#4999 = EDGE_CURVE( '', #5538, #5539, #5540, .T. );
#5000 = EDGE_CURVE( '', #5541, #5538, #5542, .T. );
#5001 = EDGE_CURVE( '', #5541, #5543, #5544, .T. );
#5002 = EDGE_CURVE( '', #5543, #5539, #5545, .T. );
#5003 = FILL_AREA_STYLE( '', ( #5546 ) );
#5004 = EDGE_CURVE( '', #5547, #5548, #5549, .T. );
#5005 = EDGE_CURVE( '', #5550, #5547, #5551, .T. );
#5006 = EDGE_CURVE( '', #5550, #5552, #5553, .T. );
#5007 = EDGE_CURVE( '', #5552, #5548, #5554, .T. );
#5008 = FILL_AREA_STYLE( '', ( #5555 ) );
#5009 = EDGE_CURVE( '', #5556, #5522, #5557, .T. );
#5010 = EDGE_CURVE( '', #5558, #5556, #5559, .T. );
#5011 = EDGE_CURVE( '', #5558, #5560, #5561, .T. );
#5012 = EDGE_CURVE( '', #5560, #5562, #5563, .T. );
#5013 = EDGE_CURVE( '', #5564, #5562, #5565, .T. );
#5014 = EDGE_CURVE( '', #5566, #5564, #5567, .T. );
#5015 = EDGE_CURVE( '', #5566, #5525, #5568, .T. );
#5016 = FILL_AREA_STYLE( '', ( #5569 ) );
#5017 = EDGE_CURVE( '', #5570, #5571, #5572, .T. );
#5018 = EDGE_CURVE( '', #5573, #5570, #5574, .T. );
#5019 = EDGE_CURVE( '', #5575, #5573, #5576, .T. );
#5020 = EDGE_CURVE( '', #5577, #5575, #5578, .T. );
#5021 = EDGE_CURVE( '', #5579, #5577, #5580, .T. );
#5022 = EDGE_CURVE( '', #5581, #5579, #5582, .T. );
#5023 = EDGE_CURVE( '', #5571, #5581, #5583, .T. );
#5024 = FILL_AREA_STYLE( '', ( #5584 ) );
#5025 = EDGE_CURVE( '', #5585, #5586, #5587, .T. );
#5026 = EDGE_CURVE( '', #5588, #5585, #5589, .T. );
#5027 = EDGE_CURVE( '', #5588, #5590, #5591, .T. );
#5028 = EDGE_CURVE( '', #5590, #5586, #5592, .T. );
#5029 = FILL_AREA_STYLE( '', ( #5593 ) );
#5030 = EDGE_CURVE( '', #5594, #5595, #5596, .T. );
#5031 = EDGE_CURVE( '', #5597, #5594, #5598, .T. );
#5032 = EDGE_CURVE( '', #5597, #5599, #5600, .T. );
#5033 = EDGE_CURVE( '', #5599, #5595, #5601, .T. );
#5034 = FILL_AREA_STYLE( '', ( #5602 ) );
#5035 = EDGE_CURVE( '', #5603, #5594, #5604, .T. );
#5036 = EDGE_CURVE( '', #5605, #5603, #5606, .T. );
#5037 = EDGE_CURVE( '', #5605, #5597, #5607, .T. );
#5038 = FILL_AREA_STYLE( '', ( #5608 ) );
#5039 = EDGE_CURVE( '', #5609, #5610, #5611, .T. );
#5040 = EDGE_CURVE( '', #5612, #5610, #5613, .T. );
#5041 = EDGE_CURVE( '', #5614, #5612, #5615, .T. );
#5042 = EDGE_CURVE( '', #5614, #5523, #5616, .T. );
#5043 = EDGE_CURVE( '', #5617, #5527, #5618, .T. );
#5044 = EDGE_CURVE( '', #5619, #5617, #5620, .T. );
#5045 = EDGE_CURVE( '', #5619, #5609, #5621, .T. );
#5046 = FILL_AREA_STYLE( '', ( #5622 ) );
#5047 = EDGE_CURVE( '', #5623, #5624, #5625, .T. );
#5048 = EDGE_CURVE( '', #5623, #5624, #5626, .T. );
#5049 = FILL_AREA_STYLE( '', ( #5627 ) );
#5050 = EDGE_CURVE( '', #5628, #5629, #5630, .T. );
#5051 = EDGE_CURVE( '', #5631, #5628, #5632, .T. );
#5052 = EDGE_CURVE( '', #5631, #5633, #5634, .T. );
#5053 = EDGE_CURVE( '', #5633, #5629, #5635, .T. );
#5054 = FILL_AREA_STYLE( '', ( #5636 ) );
#5055 = EDGE_CURVE( '', #5637, #5638, #5639, .T. );
#5056 = EDGE_CURVE( '', #5640, #5637, #5641, .T. );
#5057 = EDGE_CURVE( '', #5640, #5642, #5643, .T. );
#5058 = EDGE_CURVE( '', #5642, #5638, #5644, .T. );
#5059 = FILL_AREA_STYLE( '', ( #5645 ) );
#5060 = EDGE_CURVE( '', #5646, #5647, #5648, .T. );
#5061 = EDGE_CURVE( '', #5649, #5646, #5650, .T. );
#5062 = EDGE_CURVE( '', #5649, #5651, #5652, .T. );
#5063 = EDGE_CURVE( '', #5647, #5651, #5653, .T. );
#5064 = FILL_AREA_STYLE( '', ( #5654 ) );
#5065 = EDGE_CURVE( '', #5655, #5656, #5657, .T. );
#5066 = EDGE_CURVE( '', #5656, #5655, #5658, .T. );
#5067 = FILL_AREA_STYLE( '', ( #5659 ) );
#5068 = EDGE_CURVE( '', #5660, #5661, #5662, .T. );
#5069 = EDGE_CURVE( '', #5663, #5660, #5664, .T. );
#5070 = EDGE_CURVE( '', #5663, #5665, #5666, .T. );
#5071 = EDGE_CURVE( '', #5665, #5661, #5667, .T. );
#5072 = FILL_AREA_STYLE( '', ( #5668 ) );
#5073 = EDGE_CURVE( '', #5669, #5670, #5671, .T. );
#5074 = EDGE_CURVE( '', #5672, #5670, #5673, .T. );
#5075 = EDGE_CURVE( '', #5674, #5672, #5675, .T. );
#5076 = EDGE_CURVE( '', #5676, #5674, #5677, .T. );
#5077 = EDGE_CURVE( '', #5676, #5678, #5679, .T. );
#5078 = EDGE_CURVE( '', #5678, #5680, #5681, .T. );
#5079 = EDGE_CURVE( '', #5680, #5669, #5682, .T. );
#5080 = FILL_AREA_STYLE( '', ( #5683 ) );
#5081 = EDGE_CURVE( '', #5684, #5685, #5686, .T. );
#5082 = EDGE_CURVE( '', #5573, #5684, #5687, .T. );
#5083 = EDGE_CURVE( '', #5570, #5685, #5688, .T. );
#5084 = FILL_AREA_STYLE( '', ( #5689 ) );
#5085 = EDGE_CURVE( '', #5690, #5691, #5692, .T. );
#5086 = EDGE_CURVE( '', #5693, #5690, #5694, .T. );
#5087 = EDGE_CURVE( '', #5693, #5695, #5696, .T. );
#5088 = EDGE_CURVE( '', #5695, #5691, #5697, .T. );
#5089 = FILL_AREA_STYLE( '', ( #5698 ) );
#5090 = EDGE_CURVE( '', #5699, #5700, #5701, .T. );
#5091 = EDGE_CURVE( '', #5702, #5699, #5703, .T. );
#5092 = EDGE_CURVE( '', #5702, #5704, #5705, .T. );
#5093 = EDGE_CURVE( '', #5704, #5700, #5706, .T. );
#5094 = FILL_AREA_STYLE( '', ( #5707 ) );
#5095 = EDGE_CURVE( '', #5708, #5709, #5710, .T. );
#5096 = EDGE_CURVE( '', #5708, #5709, #5711, .T. );
#5097 = FILL_AREA_STYLE( '', ( #5712 ) );
#5098 = EDGE_CURVE( '', #5713, #5619, #5714, .T. );
#5099 = EDGE_CURVE( '', #5715, #5713, #5716, .T. );
#5100 = EDGE_CURVE( '', #5717, #5715, #5718, .T. );
#5101 = EDGE_CURVE( '', #5717, #5719, #5720, .T. );
#5102 = EDGE_CURVE( '', #5564, #5719, #5721, .T. );
#5103 = EDGE_CURVE( '', #5562, #5609, #5722, .T. );
#5104 = FILL_AREA_STYLE( '', ( #5723 ) );
#5105 = EDGE_CURVE( '', #5724, #5725, #5726, .T. );
#5106 = EDGE_CURVE( '', #5727, #5724, #5728, .T. );
#5107 = EDGE_CURVE( '', #5729, #5727, #5730, .T. );
#5108 = EDGE_CURVE( '', #5725, #5729, #5731, .T. );
#5109 = FILL_AREA_STYLE( '', ( #5732 ) );
#5110 = EDGE_CURVE( '', #5610, #5560, #5733, .T. );
#5111 = FILL_AREA_STYLE( '', ( #5734 ) );
#5112 = EDGE_CURVE( '', #5735, #5504, #5736, .T. );
#5113 = EDGE_CURVE( '', #5737, #5735, #5738, .T. );
#5114 = EDGE_CURVE( '', #5737, #5507, #5739, .T. );
#5115 = FILL_AREA_STYLE( '', ( #5740 ) );
#5116 = EDGE_CURVE( '', #5741, #5742, #5743, .T. );
#5117 = EDGE_CURVE( '', #5725, #5741, #5744, .T. );
#5118 = EDGE_CURVE( '', #5729, #5742, #5745, .T. );
#5119 = FILL_AREA_STYLE( '', ( #5746 ) );
#5120 = EDGE_CURVE( '', #5509, #5550, #5747, .T. );
#5121 = EDGE_CURVE( '', #5748, #5737, #5749, .T. );
#5122 = EDGE_CURVE( '', #5750, #5748, #5751, .T. );
#5123 = EDGE_CURVE( '', #5552, #5750, #5752, .T. );
#5124 = FILL_AREA_STYLE( '', ( #5753 ) );
#5125 = EDGE_CURVE( '', #5754, #5754, #5755, .T. );
#5126 = EDGE_CURVE( '', #5624, #5756, #5757, .T. );
#5127 = EDGE_CURVE( '', #5758, #5623, #5759, .T. );
#5128 = EDGE_CURVE( '', #5756, #5758, #5760, .T. );
#5129 = EDGE_CURVE( '', #5709, #5761, #5762, .T. );
#5130 = EDGE_CURVE( '', #5761, #5763, #5764, .T. );
#5131 = EDGE_CURVE( '', #5763, #5708, #5765, .T. );
#5132 = EDGE_CURVE( '', #5766, #5766, #5767, .T. );
#5133 = FILL_AREA_STYLE( '', ( #5768 ) );
#5134 = EDGE_CURVE( '', #5709, #5769, #5770, .T. );
#5135 = EDGE_CURVE( '', #5771, #5769, #5772, .T. );
#5136 = EDGE_CURVE( '', #5773, #5771, #5774, .T. );
#5137 = EDGE_CURVE( '', #5773, #5709, #5775, .T. );
#5138 = FILL_AREA_STYLE( '', ( #5776 ) );
#5139 = EDGE_CURVE( '', #5763, #5761, #5777, .T. );
#5140 = FILL_AREA_STYLE( '', ( #5778 ) );
#5141 = EDGE_CURVE( '', #5779, #5780, #5781, .T. );
#5142 = EDGE_CURVE( '', #5750, #5779, #5782, .T. );
#5143 = EDGE_CURVE( '', #5748, #5780, #5783, .T. );
#5144 = FILL_AREA_STYLE( '', ( #5784 ) );
#5145 = EDGE_CURVE( '', #5761, #5773, #5785, .T. );
#5146 = FILL_AREA_STYLE( '', ( #5786 ) );
#5147 = EDGE_CURVE( '', #5649, #5787, #5788, .T. );
#5148 = EDGE_CURVE( '', #5787, #5789, #5790, .T. );
#5149 = EDGE_CURVE( '', #5789, #5651, #5791, .F. );
#5150 = FILL_AREA_STYLE( '', ( #5792 ) );
#5151 = EDGE_CURVE( '', #5793, #5794, #5795, .T. );
#5152 = EDGE_CURVE( '', #5796, #5793, #5797, .T. );
#5153 = EDGE_CURVE( '', #5796, #5798, #5799, .T. );
#5154 = EDGE_CURVE( '', #5798, #5794, #5800, .T. );
#5155 = FILL_AREA_STYLE( '', ( #5801 ) );
#5156 = EDGE_CURVE( '', #5802, #5803, #5804, .T. );
#5157 = EDGE_CURVE( '', #5672, #5802, #5805, .T. );
#5158 = EDGE_CURVE( '', #5806, #5672, #5807, .T. );
#5159 = EDGE_CURVE( '', #5756, #5806, #5808, .T. );
#5160 = EDGE_CURVE( '', #5758, #5756, #5809, .T. );
#5161 = EDGE_CURVE( '', #5803, #5758, #5810, .T. );
#5162 = FILL_AREA_STYLE( '', ( #5811 ) );
#5163 = EDGE_CURVE( '', #5812, #5669, #5813, .T. );
#5164 = EDGE_CURVE( '', #5680, #5814, #5815, .T. );
#5165 = EDGE_CURVE( '', #5814, #5812, #5816, .T. );
#5166 = FILL_AREA_STYLE( '', ( #5817 ) );
#5167 = EDGE_CURVE( '', #5806, #5624, #5818, .T. );
#5168 = FILL_AREA_STYLE( '', ( #5819 ) );
#5169 = EDGE_CURVE( '', #5820, #5820, #5821, .T. );
#5170 = FILL_AREA_STYLE( '', ( #5822 ) );
#5171 = EDGE_CURVE( '', #5823, #5708, #5824, .T. );
#5172 = EDGE_CURVE( '', #5825, #5708, #5826, .T. );
#5173 = EDGE_CURVE( '', #5827, #5825, #5828, .T. );
#5174 = EDGE_CURVE( '', #5827, #5823, #5829, .T. );
#5175 = FILL_AREA_STYLE( '', ( #5830 ) );
#5176 = EDGE_CURVE( '', #5831, #5498, #5832, .T. );
#5177 = EDGE_CURVE( '', #5488, #5831, #5833, .T. );
#5178 = FILL_AREA_STYLE( '', ( #5834 ) );
#5179 = EDGE_CURVE( '', #5835, #5836, #5837, .T. );
#5180 = EDGE_CURVE( '', #5642, #5835, #5838, .T. );
#5181 = EDGE_CURVE( '', #5704, #5640, #5839, .T. );
#5182 = EDGE_CURVE( '', #5633, #5702, #5840, .T. );
#5183 = EDGE_CURVE( '', #5841, #5631, #5842, .T. );
#5184 = EDGE_CURVE( '', #5843, #5841, #5844, .T. );
#5185 = EDGE_CURVE( '', #5845, #5843, #5846, .T. );
#5186 = EDGE_CURVE( '', #5847, #5845, #5848, .T. );
#5187 = EDGE_CURVE( '', #5849, #5847, #5850, .T. );
#5188 = EDGE_CURVE( '', #5836, #5849, #5851, .T. );
#5189 = FILL_AREA_STYLE( '', ( #5852 ) );
#5190 = EDGE_CURVE( '', #5853, #5854, #5855, .T. );
#5191 = EDGE_CURVE( '', #5856, #5853, #5857, .T. );
#5192 = EDGE_CURVE( '', #5856, #5858, #5859, .T. );
#5193 = EDGE_CURVE( '', #5858, #5854, #5860, .T. );
#5194 = FILL_AREA_STYLE( '', ( #5861 ) );
#5195 = EDGE_CURVE( '', #5825, #5763, #5862, .T. );
#5196 = FILL_AREA_STYLE( '', ( #5863 ) );
#5197 = EDGE_CURVE( '', #5713, #5864, #5865, .T. );
#5198 = EDGE_CURVE( '', #5617, #5866, #5867, .T. );
#5199 = EDGE_CURVE( '', #5866, #5532, #5868, .T. );
#5200 = EDGE_CURVE( '', #5647, #5532, #5869, .F. );
#5201 = EDGE_CURVE( '', #5870, #5789, #5871, .T. );
#5202 = EDGE_CURVE( '', #5864, #5870, #5872, .F. );
#5203 = FILL_AREA_STYLE( '', ( #5873 ) );
#5204 = EDGE_CURVE( '', #5874, #5875, #5876, .T. );
#5205 = EDGE_CURVE( '', #5877, #5874, #5878, .T. );
#5206 = EDGE_CURVE( '', #5877, #5879, #5880, .T. );
#5207 = EDGE_CURVE( '', #5879, #5875, #5881, .T. );
#5208 = FILL_AREA_STYLE( '', ( #5882 ) );
#5209 = EDGE_CURVE( '', #5883, #5866, #5884, .T. );
#5210 = EDGE_CURVE( '', #5883, #5534, #5885, .T. );
#5211 = FILL_AREA_STYLE( '', ( #5886 ) );
#5212 = EDGE_CURVE( '', #5674, #5887, #5888, .T. );
#5213 = EDGE_CURVE( '', #5889, #5887, #5890, .T. );
#5214 = EDGE_CURVE( '', #5889, #5676, #5891, .T. );
#5215 = FILL_AREA_STYLE( '', ( #5892 ) );
#5216 = EDGE_CURVE( '', #5893, #5623, #5894, .T. );
#5217 = EDGE_CURVE( '', #5802, #5893, #5895, .T. );
#5218 = EDGE_CURVE( '', #5803, #5623, #5896, .T. );
#5219 = FILL_AREA_STYLE( '', ( #5897 ) );
#5220 = EDGE_CURVE( '', #5898, #5899, #5900, .T. );
#5221 = EDGE_CURVE( '', #5901, #5898, #5902, .T. );
#5222 = EDGE_CURVE( '', #5901, #5903, #5904, .T. );
#5223 = EDGE_CURVE( '', #5903, #5899, #5905, .T. );
#5224 = FILL_AREA_STYLE( '', ( #5906 ) );
#5225 = EDGE_CURVE( '', #5907, #5874, #5908, .T. );
#5226 = EDGE_CURVE( '', #5909, #5907, #5910, .T. );
#5227 = EDGE_CURVE( '', #5909, #5877, #5911, .T. );
#5228 = FILL_AREA_STYLE( '', ( #5912 ) );
#5229 = EDGE_CURVE( '', #5771, #5827, #5913, .T. );
#5230 = FILL_AREA_STYLE( '', ( #5914 ) );
#5231 = EDGE_CURVE( '', #5915, #5916, #5917, .T. );
#5232 = EDGE_CURVE( '', #5538, #5915, #5918, .T. );
#5233 = EDGE_CURVE( '', #5539, #5916, #5919, .T. );
#5234 = FILL_AREA_STYLE( '', ( #5920 ) );
#5235 = EDGE_CURVE( '', #5921, #5922, #5923, .T. );
#5236 = EDGE_CURVE( '', #5924, #5921, #5925, .T. );
#5237 = EDGE_CURVE( '', #5924, #5926, #5927, .T. );
#5238 = EDGE_CURVE( '', #5926, #5922, #5928, .T. );
#5239 = FILL_AREA_STYLE( '', ( #5929 ) );
#5240 = EDGE_CURVE( '', #5930, #5930, #5931, .T. );
#5241 = FILL_AREA_STYLE( '', ( #5932 ) );
#5242 = EDGE_CURVE( '', #5933, #5921, #5934, .T. );
#5243 = EDGE_CURVE( '', #5935, #5933, #5936, .T. );
#5244 = EDGE_CURVE( '', #5935, #5924, #5937, .T. );
#5245 = FILL_AREA_STYLE( '', ( #5938 ) );
#5246 = EDGE_CURVE( '', #5875, #5939, #5940, .T. );
#5247 = EDGE_CURVE( '', #5879, #5941, #5942, .T. );
#5248 = EDGE_CURVE( '', #5941, #5939, #5943, .T. );
#5249 = FILL_AREA_STYLE( '', ( #5944 ) );
#5250 = EDGE_CURVE( '', #5742, #5945, #5946, .T. );
#5251 = EDGE_CURVE( '', #5727, #5945, #5947, .T. );
#5252 = FILL_AREA_STYLE( '', ( #5948 ) );
#5253 = EDGE_CURVE( '', #5949, #5950, #5951, .T. );
#5254 = EDGE_CURVE( '', #5835, #5949, #5952, .T. );
#5255 = EDGE_CURVE( '', #5836, #5950, #5953, .T. );
#5256 = FILL_AREA_STYLE( '', ( #5954 ) );
#5257 = EDGE_CURVE( '', #5624, #5670, #5955, .T. );
#5258 = EDGE_CURVE( '', #5893, #5812, #5956, .T. );
#5259 = FILL_AREA_STYLE( '', ( #5957 ) );
#5260 = EDGE_CURVE( '', #5854, #5853, #5958, .T. );
#5261 = EDGE_CURVE( '', #5858, #5856, #5959, .T. );
#5262 = FILL_AREA_STYLE( '', ( #5960 ) );
#5263 = EDGE_CURVE( '', #5939, #5793, #5961, .T. );
#5264 = EDGE_CURVE( '', #5941, #5796, #5962, .T. );
#5265 = FILL_AREA_STYLE( '', ( #5963 ) );
#5266 = EDGE_CURVE( '', #5964, #5531, #5965, .T. );
#5267 = EDGE_CURVE( '', #5964, #5531, #5966, .T. );
#5268 = FILL_AREA_STYLE( '', ( #5967 ) );
#5269 = EDGE_CURVE( '', #5968, #5969, #5970, .T. );
#5270 = EDGE_CURVE( '', #5849, #5968, #5971, .T. );
#5271 = EDGE_CURVE( '', #5847, #5969, #5972, .T. );
#5272 = FILL_AREA_STYLE( '', ( #5973 ) );
#5273 = EDGE_CURVE( '', #5595, #5974, #5975, .T. );
#5274 = EDGE_CURVE( '', #5599, #5976, #5977, .T. );
#5275 = EDGE_CURVE( '', #5976, #5974, #5978, .T. );
#5276 = FILL_AREA_STYLE( '', ( #5979 ) );
#5277 = EDGE_CURVE( '', #5548, #5779, #5980, .T. );
#5278 = FILL_AREA_STYLE( '', ( #5981 ) );
#5279 = EDGE_CURVE( '', #5638, #5949, #5982, .T. );
#5280 = FILL_AREA_STYLE( '', ( #5983 ) );
#5281 = EDGE_CURVE( '', #5984, #5741, #5985, .T. );
#5282 = EDGE_CURVE( '', #5724, #5984, #5986, .T. );
#5283 = FILL_AREA_STYLE( '', ( #5987 ) );
#5284 = EDGE_CURVE( '', #5988, #5719, #5989, .T. );
#5285 = EDGE_CURVE( '', #5990, #5717, #5991, .T. );
#5286 = EDGE_CURVE( '', #5990, #5988, #5992, .T. );
#5287 = FILL_AREA_STYLE( '', ( #5993 ) );
#5288 = EDGE_CURVE( '', #5715, #5994, #5995, .T. );
#5289 = EDGE_CURVE( '', #5994, #5655, #5996, .T. );
#5290 = EDGE_CURVE( '', #5656, #5990, #5997, .T. );
#5291 = FILL_AREA_STYLE( '', ( #5998 ) );
#5292 = EDGE_CURVE( '', #5999, #6000, #6001, .T. );
#5293 = EDGE_CURVE( '', #5999, #6002, #6003, .F. );
#5294 = EDGE_CURVE( '', #6004, #6002, #6005, .F. );
#5295 = EDGE_CURVE( '', #6004, #6000, #6006, .T. );
#5296 = FILL_AREA_STYLE( '', ( #6007 ) );
#5297 = EDGE_CURVE( '', #6008, #5628, #6009, .T. );
#5298 = EDGE_CURVE( '', #5841, #6008, #6010, .T. );
#5299 = FILL_AREA_STYLE( '', ( #6011 ) );
#5300 = EDGE_CURVE( '', #5916, #5769, #6012, .T. );
#5301 = EDGE_CURVE( '', #5543, #6013, #6014, .T. );
#5302 = EDGE_CURVE( '', #6013, #6015, #6016, .T. );
#5303 = EDGE_CURVE( '', #6015, #5771, #6017, .T. );
#5304 = FILL_AREA_STYLE( '', ( #6018 ) );
#5305 = EDGE_CURVE( '', #5556, #5614, #6019, .T. );
#5306 = FILL_AREA_STYLE( '', ( #6020 ) );
#5307 = EDGE_CURVE( '', #6021, #6021, #6022, .T. );
#5308 = FILL_AREA_STYLE( '', ( #6023 ) );
#5309 = EDGE_CURVE( '', #5492, #6024, #6025, .T. );
#5310 = EDGE_CURVE( '', #6024, #6026, #6027, .T. );
#5311 = EDGE_CURVE( '', #6026, #5494, #6028, .T. );
#5312 = FILL_AREA_STYLE( '', ( #6029 ) );
#5313 = EDGE_CURVE( '', #5780, #5735, #6030, .T. );
#5314 = FILL_AREA_STYLE( '', ( #6031 ) );
#5315 = EDGE_CURVE( '', #6032, #6033, #6034, .T. );
#5316 = EDGE_CURVE( '', #5577, #6032, #6035, .T. );
#5317 = EDGE_CURVE( '', #5575, #6033, #6036, .T. );
#5318 = FILL_AREA_STYLE( '', ( #6037 ) );
#5319 = EDGE_CURVE( '', #5831, #6038, #6039, .T. );
#5320 = EDGE_CURVE( '', #5499, #6026, #6040, .T. );
#5321 = EDGE_CURVE( '', #6024, #6038, #6041, .T. );
#5322 = FILL_AREA_STYLE( '', ( #6042 ) );
#5323 = EDGE_CURVE( '', #6043, #5588, #6044, .T. );
#5324 = EDGE_CURVE( '', #5695, #6043, #6045, .T. );
#5325 = EDGE_CURVE( '', #6046, #5693, #6047, .T. );
#5326 = EDGE_CURVE( '', #5518, #6046, #6048, .T. );
#5327 = EDGE_CURVE( '', #6049, #5516, #6050, .T. );
#5328 = EDGE_CURVE( '', #5903, #6049, #6051, .T. );
#5329 = EDGE_CURVE( '', #6052, #5901, #6053, .T. );
#5330 = EDGE_CURVE( '', #5590, #6052, #6054, .T. );
#5331 = FILL_AREA_STYLE( '', ( #6055 ) );
#5332 = EDGE_CURVE( '', #6056, #5988, #6057, .T. );
#5333 = EDGE_CURVE( '', #5988, #5656, #6058, .T. );
#5334 = EDGE_CURVE( '', #5655, #5864, #6059, .T. );
#5335 = EDGE_CURVE( '', #6056, #5870, #6060, .T. );
#5336 = FILL_AREA_STYLE( '', ( #6061 ) );
#5337 = EDGE_CURVE( '', #6062, #6063, #6064, .T. );
#5338 = EDGE_CURVE( '', #6002, #6062, #6065, .T. );
#5339 = EDGE_CURVE( '', #6063, #5999, #6066, .T. );
#5340 = FILL_AREA_STYLE( '', ( #6067 ) );
#5341 = EDGE_CURVE( '', #5700, #5637, #6068, .T. );
#5342 = FILL_AREA_STYLE( '', ( #6069 ) );
#5343 = EDGE_CURVE( '', #5661, #5566, #6070, .T. );
#5344 = EDGE_CURVE( '', #5665, #5883, #6071, .T. );
#5345 = FILL_AREA_STYLE( '', ( #6072 ) );
#5346 = FILL_AREA_STYLE( '', ( #6073 ) );
#5347 = EDGE_CURVE( '', #5685, #6074, #6075, .T. );
#5348 = EDGE_CURVE( '', #5571, #6074, #6076, .T. );
#5349 = FILL_AREA_STYLE( '', ( #6077 ) );
#5350 = EDGE_CURVE( '', #5505, #5547, #6078, .T. );
#5351 = FILL_AREA_STYLE( '', ( #6079 ) );
#5352 = EDGE_CURVE( '', #6080, #6081, #6082, .F. );
#5353 = EDGE_CURVE( '', #6083, #6080, #6084, .T. );
#5354 = EDGE_CURVE( '', #6085, #6083, #6086, .T. );
#5355 = EDGE_CURVE( '', #6081, #6085, #6087, .F. );
#5356 = FILL_AREA_STYLE( '', ( #6088 ) );
#5357 = EDGE_CURVE( '', #6089, #5935, #6090, .T. );
#5358 = EDGE_CURVE( '', #5926, #6089, #6091, .T. );
#5359 = FILL_AREA_STYLE( '', ( #6092 ) );
#5360 = FILL_AREA_STYLE( '', ( #6093 ) );
#5361 = EDGE_CURVE( '', #5660, #5964, #6094, .T. );
#5362 = EDGE_CURVE( '', #5964, #5663, #6095, .T. );
#5363 = FILL_AREA_STYLE( '', ( #6096 ) );
#5364 = EDGE_CURVE( '', #5787, #6056, #6097, .T. );
#5365 = EDGE_CURVE( '', #5660, #5646, #6098, .T. );
#5366 = FILL_AREA_STYLE( '', ( #6099 ) );
#5367 = EDGE_CURVE( '', #5976, #6100, #6101, .T. );
#5368 = EDGE_CURVE( '', #6102, #5605, #6103, .T. );
#5369 = EDGE_CURVE( '', #6100, #6102, #6104, .T. );
#5370 = FILL_AREA_STYLE( '', ( #6105 ) );
#5371 = EDGE_CURVE( '', #5945, #5984, #6106, .T. );
#5372 = FILL_AREA_STYLE( '', ( #6107 ) );
#5373 = EDGE_CURVE( '', #6108, #6108, #6109, .T. );
#5374 = EDGE_CURVE( '', #5612, #5558, #6110, .T. );
#5375 = FILL_AREA_STYLE( '', ( #6111 ) );
#5376 = EDGE_CURVE( '', #6033, #5684, #6112, .T. );
#5377 = FILL_AREA_STYLE( '', ( #6113 ) );
#5378 = EDGE_CURVE( '', #5823, #5915, #6114, .T. );
#5379 = EDGE_CURVE( '', #6115, #5827, #6116, .T. );
#5380 = EDGE_CURVE( '', #6117, #6115, #6118, .T. );
#5381 = EDGE_CURVE( '', #6117, #5541, #6119, .T. );
#5382 = FILL_AREA_STYLE( '', ( #6120 ) );
#5383 = EDGE_CURVE( '', #6083, #6085, #6121, .T. );
#5384 = FILL_AREA_STYLE( '', ( #6122 ) );
#5385 = EDGE_CURVE( '', #5794, #5907, #6123, .T. );
#5386 = EDGE_CURVE( '', #5798, #5909, #6124, .T. );
#5387 = FILL_AREA_STYLE( '', ( #6125 ) );
#5388 = EDGE_CURVE( '', #5969, #6126, #6127, .T. );
#5389 = EDGE_CURVE( '', #5845, #6126, #6128, .T. );
#5390 = FILL_AREA_STYLE( '', ( #6129 ) );
#5391 = EDGE_CURVE( '', #6130, #6131, #6132, .T. );
#5392 = EDGE_CURVE( '', #6062, #6130, #6133, .F. );
#5393 = EDGE_CURVE( '', #6131, #6063, #6134, .T. );
#5394 = FILL_AREA_STYLE( '', ( #6135 ) );
#5395 = EDGE_CURVE( '', #6136, #6136, #6137, .T. );
#5396 = FILL_AREA_STYLE( '', ( #6138 ) );
#5397 = EDGE_CURVE( '', #6139, #5585, #6140, .T. );
#5398 = EDGE_CURVE( '', #6043, #6139, #6141, .T. );
#5399 = FILL_AREA_STYLE( '', ( #6142 ) );
#5400 = EDGE_CURVE( '', #5629, #5699, #6143, .T. );
#5401 = FILL_AREA_STYLE( '', ( #6144 ) );
#5402 = FILL_AREA_STYLE( '', ( #6145 ) );
#5403 = EDGE_CURVE( '', #6146, #5898, #6147, .T. );
#5404 = EDGE_CURVE( '', #6052, #6146, #6148, .T. );
#5405 = FILL_AREA_STYLE( '', ( #6149 ) );
#5406 = EDGE_CURVE( '', #6131, #6080, #6150, .T. );
#5407 = EDGE_CURVE( '', #6081, #6130, #6151, .T. );
#5408 = FILL_AREA_STYLE( '', ( #6152 ) );
#5409 = EDGE_CURVE( '', #5994, #5864, #6153, .T. );
#5410 = FILL_AREA_STYLE( '', ( #6154 ) );
#5411 = EDGE_CURVE( '', #6155, #5513, #6156, .T. );
#5412 = EDGE_CURVE( '', #6049, #6155, #6157, .T. );
#5413 = FILL_AREA_STYLE( '', ( #6158 ) );
#5414 = FILL_AREA_STYLE( '', ( #6159 ) );
#5415 = FILL_AREA_STYLE( '', ( #6160 ) );
#5416 = FILL_AREA_STYLE( '', ( #6161 ) );
#5417 = EDGE_CURVE( '', #6000, #6004, #6162, .T. );
#5418 = FILL_AREA_STYLE( '', ( #6163 ) );
#5419 = EDGE_CURVE( '', #6164, #5889, #6165, .T. );
#5420 = EDGE_CURVE( '', #5678, #6164, #6166, .T. );
#5421 = FILL_AREA_STYLE( '', ( #6167 ) );
#5422 = EDGE_CURVE( '', #6164, #5814, #6168, .T. );
#5423 = FILL_AREA_STYLE( '', ( #6169 ) );
#5424 = EDGE_CURVE( '', #5514, #6170, #6171, .T. );
#5425 = EDGE_CURVE( '', #6046, #6170, #6172, .T. );
#5426 = FILL_AREA_STYLE( '', ( #6173 ) );
#5427 = EDGE_CURVE( '', #5950, #5968, #6174, .T. );
#5428 = FILL_AREA_STYLE( '', ( #6175 ) );
#5429 = EDGE_CURVE( '', #6038, #5490, #6176, .T. );
#5430 = FILL_AREA_STYLE( '', ( #6177 ) );
#5431 = EDGE_CURVE( '', #5586, #6146, #6178, .T. );
#5432 = FILL_AREA_STYLE( '', ( #6179 ) );
#5433 = EDGE_CURVE( '', #6180, #6181, #6182, .T. );
#5434 = EDGE_CURVE( '', #6100, #6180, #6183, .T. );
#5435 = EDGE_CURVE( '', #6102, #6181, #6184, .T. );
#5436 = FILL_AREA_STYLE( '', ( #6185 ) );
#5437 = EDGE_CURVE( '', #6186, #6032, #6187, .T. );
#5438 = EDGE_CURVE( '', #5579, #6186, #6188, .T. );
#5439 = FILL_AREA_STYLE( '', ( #6189 ) );
#5440 = EDGE_CURVE( '', #6190, #6186, #6191, .T. );
#5441 = EDGE_CURVE( '', #5581, #6190, #6192, .T. );
#5442 = FILL_AREA_STYLE( '', ( #6193 ) );
#5443 = EDGE_CURVE( '', #5899, #6155, #6194, .T. );
#5444 = FILL_AREA_STYLE( '', ( #6195 ) );
#5445 = EDGE_CURVE( '', #5691, #6139, #6196, .T. );
#5446 = FILL_AREA_STYLE( '', ( #6197 ) );
#5447 = FILL_AREA_STYLE( '', ( #6198 ) );
#5448 = EDGE_CURVE( '', #6199, #5933, #6200, .T. );
#5449 = EDGE_CURVE( '', #6089, #6199, #6201, .T. );
#5450 = FILL_AREA_STYLE( '', ( #6202 ) );
#5451 = FILL_AREA_STYLE( '', ( #6203 ) );
#5452 = FILL_AREA_STYLE( '', ( #6204 ) );
#5453 = FILL_AREA_STYLE( '', ( #6205 ) );
#5454 = EDGE_CURVE( '', #6074, #6190, #6206, .T. );
#5455 = EDGE_CURVE( '', #5922, #6199, #6207, .T. );
#5456 = EDGE_CURVE( '', #6126, #6208, #6209, .T. );
#5457 = EDGE_CURVE( '', #6208, #6008, #6210, .T. );
#5458 = EDGE_CURVE( '', #5974, #6180, #6211, .T. );
#5459 = EDGE_CURVE( '', #6181, #5603, #6212, .T. );
#5460 = EDGE_CURVE( '', #6170, #5690, #6213, .T. );
#5461 = FILL_AREA_STYLE( '', ( #6214 ) );
#5462 = FILL_AREA_STYLE( '', ( #6215 ) );
#5463 = EDGE_CURVE( '', #6013, #6117, #6216, .T. );
#5464 = FILL_AREA_STYLE( '', ( #6217 ) );
#5465 = EDGE_CURVE( '', #5887, #5802, #6218, .T. );
#5466 = FILL_AREA_STYLE( '', ( #6219 ) );
#5467 = FILL_AREA_STYLE( '', ( #6220 ) );
#5468 = FILL_AREA_STYLE( '', ( #6221 ) );
#5469 = FILL_AREA_STYLE( '', ( #6222 ) );
#5470 = EDGE_CURVE( '', #6015, #6115, #6223, .T. );
#5471 = FILL_AREA_STYLE( '', ( #6224 ) );
#5472 = EDGE_CURVE( '', #5843, #6208, #6225, .T. );
#5473 = FILL_AREA_STYLE( '', ( #6226 ) );
#5474 = FILL_AREA_STYLE( '', ( #6227 ) );
#5475 = FILL_AREA_STYLE( '', ( #6228 ) );
#5476 = FILL_AREA_STYLE( '', ( #6229 ) );
#5477 = FILL_AREA_STYLE( '', ( #6230 ) );
#5478 = FILL_AREA_STYLE( '', ( #6231 ) );
#5479 = FILL_AREA_STYLE( '', ( #6232 ) );
#5480 = FILL_AREA_STYLE( '', ( #6233 ) );
#5481 = EDGE_CURVE( '', #6234, #6234, #6235, .T. );
#5482 = FILL_AREA_STYLE( '', ( #6236 ) );
#5483 = FILL_AREA_STYLE( '', ( #6237 ) );
#5484 = FILL_AREA_STYLE_COLOUR( '', #6238 );
#5485 = VERTEX_POINT( '', #6239 );
#5486 = VERTEX_POINT( '', #6240 );
#5487 = LINE( '', #6241, #6242 );
#5488 = VERTEX_POINT( '', #6243 );
#5489 = LINE( '', #6244, #6245 );
#5490 = VERTEX_POINT( '', #6246 );
#5491 = LINE( '', #6247, #6248 );
#5492 = VERTEX_POINT( '', #6249 );
#5493 = LINE( '', #6250, #6251 );
#5494 = VERTEX_POINT( '', #6252 );
#5495 = LINE( '', #6253, #6254 );
#5496 = LINE( '', #6255, #6256 );
#5497 = FILL_AREA_STYLE_COLOUR( '', #6257 );
#5498 = VERTEX_POINT( '', #6258 );
#5499 = VERTEX_POINT( '', #6259 );
#5500 = LINE( '', #6260, #6261 );
#5501 = LINE( '', #6262, #6263 );
#5502 = LINE( '', #6264, #6265 );
#5503 = FILL_AREA_STYLE_COLOUR( '', #6266 );
#5504 = VERTEX_POINT( '', #6267 );
#5505 = VERTEX_POINT( '', #6268 );
#5506 = B_SPLINE_CURVE_WITH_KNOTS( '', 3, ( #6269, #6270, #6271, #6272, #6273, #6274, #6275, #6276, #6277, #6278, #6279, #6280, #6281, #6282, #6283 ), .UNSPECIFIED., .F., .F., ( 4, 2, 3, 3, 3, 4 ), ( 0.610615742799227, 0.649515610191698, 0.683995038107752, 0.719625121518288, 0.782799083170768, 0.947219656909034 ), .UNSPECIFIED. );
#5507 = VERTEX_POINT( '', #6284 );
#5508 = LINE( '', #6285, #6286 );
#5509 = VERTEX_POINT( '', #6287 );
#5510 = B_SPLINE_CURVE_WITH_KNOTS( '', 3, ( #6288, #6289, #6290, #6291, #6292, #6293, #6294, #6295, #6296, #6297, #6298, #6299, #6300, #6301, #6302 ), .UNSPECIFIED., .F., .F., ( 4, 2, 3, 3, 3, 4 ), ( 0.610615742799227, 0.649515610191698, 0.683995038107752, 0.719625121518288, 0.782799083170768, 0.947219656909034 ), .UNSPECIFIED. );
#5511 = LINE( '', #6303, #6304 );
#5512 = FILL_AREA_STYLE_COLOUR( '', #6305 );
#5513 = VERTEX_POINT( '', #6306 );
#5514 = VERTEX_POINT( '', #6307 );
#5515 = B_SPLINE_CURVE_WITH_KNOTS( '', 1, ( #6308, #6309 ), .UNSPECIFIED., .F., .F., ( 2, 2 ), ( 0.523899473310671, 0.613611110426539 ), .UNSPECIFIED. );
#5516 = VERTEX_POINT( '', #6310 );
#5517 = LINE( '', #6311, #6312 );
#5518 = VERTEX_POINT( '', #6313 );
#5519 = B_SPLINE_CURVE_WITH_KNOTS( '', 1, ( #6314, #6315 ), .UNSPECIFIED., .F., .F., ( 2, 2 ), ( 0.523899473310671, 0.613611110426539 ), .UNSPECIFIED. );
#5520 = LINE( '', #6316, #6317 );
#5521 = FILL_AREA_STYLE_COLOUR( '', #6318 );
#5522 = VERTEX_POINT( '', #6319 );
#5523 = VERTEX_POINT( '', #6320 );
#5524 = LINE( '', #6321, #6322 );
#5525 = VERTEX_POINT( '', #6323 );
#5526 = LINE( '', #6324, #6325 );
#5527 = VERTEX_POINT( '', #6326 );
#5528 = LINE( '', #6327, #6328 );
#5529 = LINE( '', #6329, #6330 );
#5530 = FILL_AREA_STYLE_COLOUR( '', #6331 );
#5531 = VERTEX_POINT( '', #6332 );
#5532 = VERTEX_POINT( '', #6333 );
#5533 = CIRCLE( '', #6334, 0.250000000000000 );
#5534 = VERTEX_POINT( '', #6335 );
#5535 = LINE( '', #6336, #6337 );
#5536 = LINE( '', #6338, #6339 );
#5537 = FILL_AREA_STYLE_COLOUR( '', #6340 );
#5538 = VERTEX_POINT( '', #6341 );
#5539 = VERTEX_POINT( '', #6342 );
#5540 = LINE( '', #6343, #6344 );
#5541 = VERTEX_POINT( '', #6345 );
#5542 = LINE( '', #6346, #6347 );
#5543 = VERTEX_POINT( '', #6348 );
#5544 = LINE( '', #6349, #6350 );
#5545 = LINE( '', #6351, #6352 );
#5546 = FILL_AREA_STYLE_COLOUR( '', #6353 );
#5547 = VERTEX_POINT( '', #6354 );
#5548 = VERTEX_POINT( '', #6355 );
#5549 = B_SPLINE_CURVE_WITH_KNOTS( '', 3, ( #6356, #6357, #6358, #6359 ), .UNSPECIFIED., .F., .F., ( 4, 4 ), ( 0.000000000000000, 0.314374721142912 ), .UNSPECIFIED. );
#5550 = VERTEX_POINT( '', #6360 );
#5551 = LINE( '', #6361, #6362 );
#5552 = VERTEX_POINT( '', #6363 );
#5553 = B_SPLINE_CURVE_WITH_KNOTS( '', 3, ( #6364, #6365, #6366, #6367 ), .UNSPECIFIED., .F., .F., ( 4, 4 ), ( 0.000000000000000, 0.314374721142912 ), .UNSPECIFIED. );
#5554 = LINE( '', #6368, #6369 );
#5555 = FILL_AREA_STYLE_COLOUR( '', #6370 );
#5556 = VERTEX_POINT( '', #6371 );
#5557 = LINE( '', #6372, #6373 );
#5558 = VERTEX_POINT( '', #6374 );
#5559 = LINE( '', #6375, #6376 );
#5560 = VERTEX_POINT( '', #6377 );
#5561 = LINE( '', #6378, #6379 );
#5562 = VERTEX_POINT( '', #6380 );
#5563 = LINE( '', #6381, #6382 );
#5564 = VERTEX_POINT( '', #6383 );
#5565 = LINE( '', #6384, #6385 );
#5566 = VERTEX_POINT( '', #6386 );
#5567 = LINE( '', #6387, #6388 );
#5568 = LINE( '', #6389, #6390 );
#5569 = FILL_AREA_STYLE_COLOUR( '', #6391 );
#5570 = VERTEX_POINT( '', #6392 );
#5571 = VERTEX_POINT( '', #6393 );
#5572 = B_SPLINE_CURVE_WITH_KNOTS( '', 3, ( #6394, #6395, #6396, #6397 ), .UNSPECIFIED., .F., .F., ( 4, 4 ), ( 0.967967528120303, 1.00000000000000 ), .UNSPECIFIED. );
#5573 = VERTEX_POINT( '', #6398 );
#5574 = B_SPLINE_CURVE_WITH_KNOTS( '', 3, ( #6399, #6400, #6401, #6402, #6403, #6404, #6405, #6406, #6407, #6408, #6409, #6410, #6411, #6412, #6413, #6414, #6415, #6416, #6417, #6418 ), .UNSPECIFIED., .F., .F., ( 4, 3, 3, 2, 3, 2, 3, 4 ), ( 0.582301816735135, 0.697897258735781, 0.727682193021292, 0.749965873996903, 0.772249554972515, 0.818209178399425, 0.864168801826335, 0.967967528120303 ), .UNSPECIFIED. );
#5575 = VERTEX_POINT( '', #6419 );
#5576 = B_SPLINE_CURVE_WITH_KNOTS( '', 3, ( #6420, #6421, #6422, #6423 ), .UNSPECIFIED., .F., .F., ( 4, 4 ), ( 0.550269344855437, 0.582301816735135 ), .UNSPECIFIED. );
#5577 = VERTEX_POINT( '', #6424 );
#5578 = B_SPLINE_CURVE_WITH_KNOTS( '', 3, ( #6425, #6426, #6427, #6428, #6429, #6430, #6431, #6432, #6433, #6434, #6435, #6436, #6437, #6438, #6439, #6440, #6441, #6442 ), .UNSPECIFIED., .F., .F., ( 4, 2, 3, 3, 3, 3, 4 ), ( 0.245640314251374, 0.317563337196489, 0.348999890271838, 0.376335385920032, 0.402372375392432, 0.433633459013528, 0.550269344855437 ), .UNSPECIFIED. );
#5579 = VERTEX_POINT( '', #6443 );
#5580 = B_SPLINE_CURVE_WITH_KNOTS( '', 3, ( #6444, #6445, #6446, #6447 ), .UNSPECIFIED., .F., .F., ( 4, 4 ), ( 0.218656438483151, 0.245640314251374 ), .UNSPECIFIED. );
#5581 = VERTEX_POINT( '', #6448 );
#5582 = B_SPLINE_CURVE_WITH_KNOTS( '', 3, ( #6449, #6450, #6451, #6452 ), .UNSPECIFIED., .F., .F., ( 4, 4 ), ( 0.189757577982990, 0.218656438483151 ), .UNSPECIFIED. );
#5583 = B_SPLINE_CURVE_WITH_KNOTS( '', 3, ( #6453, #6454, #6455, #6456 ), .UNSPECIFIED., .F., .F., ( 4, 4 ), ( 0.000000000000000, 0.189757577982990 ), .UNSPECIFIED. );
#5584 = FILL_AREA_STYLE_COLOUR( '', #6457 );
#5585 = VERTEX_POINT( '', #6458 );
#5586 = VERTEX_POINT( '', #6459 );
#5587 = B_SPLINE_CURVE_WITH_KNOTS( '', 1, ( #6460, #6461 ), .UNSPECIFIED., .F., .F., ( 2, 2 ), ( 0.971672493844612, 1.00000000000000 ), .UNSPECIFIED. );
#5588 = VERTEX_POINT( '', #6462 );
#5589 = LINE( '', #6463, #6464 );
#5590 = VERTEX_POINT( '', #6465 );
#5591 = B_SPLINE_CURVE_WITH_KNOTS( '', 1, ( #6466, #6467 ), .UNSPECIFIED., .F., .F., ( 2, 2 ), ( 0.971672493844612, 1.00000000000000 ), .UNSPECIFIED. );
#5592 = LINE( '', #6468, #6469 );
#5593 = FILL_AREA_STYLE_COLOUR( '', #6470 );
#5594 = VERTEX_POINT( '', #6471 );
#5595 = VERTEX_POINT( '', #6472 );
#5596 = B_SPLINE_CURVE_WITH_KNOTS( '', 3, ( #6473, #6474, #6475, #6476, #6477, #6478, #6479, #6480, #6481, #6482, #6483, #6484, #6485, #6486, #6487, #6488, #6489, #6490, #6491, #6492, #6493, #6494, #6495, #6496, #6497, #6498, #6499, #6500, #6501 ), .UNSPECIFIED., .F., .F., ( 4, 3, 3, 2, 3, 2, 3, 3, 3, 3, 4 ), ( 0.552703734267950, 0.591087798597977, 0.628264512461586, 0.673559569258793, 0.718372763749648, 0.745662116123218, 0.772951468496788, 0.804970043029894, 0.851074147843539, 0.911992415995526, 0.937795278096468 ), .UNSPECIFIED. );
#5597 = VERTEX_POINT( '', #6502 );
#5598 = LINE( '', #6503, #6504 );
#5599 = VERTEX_POINT( '', #6505 );
#5600 = B_SPLINE_CURVE_WITH_KNOTS( '', 3, ( #6506, #6507, #6508, #6509, #6510, #6511, #6512, #6513, #6514, #6515, #6516, #6517, #6518, #6519, #6520, #6521, #6522, #6523, #6524, #6525, #6526, #6527, #6528, #6529, #6530, #6531, #6532, #6533, #6534 ), .UNSPECIFIED., .F., .F., ( 4, 3, 3, 2, 3, 2, 3, 3, 3, 3, 4 ), ( 0.552703734267950, 0.591087798597977, 0.628264512461586, 0.673559569258793, 0.718372763749648, 0.745662116123218, 0.772951468496788, 0.804970043029894, 0.851074147843539, 0.911992415995526, 0.937795278096468 ), .UNSPECIFIED. );
#5601 = LINE( '', #6535, #6536 );
#5602 = FILL_AREA_STYLE_COLOUR( '', #6537 );
#5603 = VERTEX_POINT( '', #6538 );
#5604 = B_SPLINE_CURVE_WITH_KNOTS( '', 3, ( #6539, #6540, #6541, #6542 ), .UNSPECIFIED., .F., .F., ( 4, 4 ), ( 0.518253236707345, 0.552703734267950 ), .UNSPECIFIED. );
#5605 = VERTEX_POINT( '', #6543 );
#5606 = LINE( '', #6544, #6545 );
#5607 = B_SPLINE_CURVE_WITH_KNOTS( '', 3, ( #6546, #6547, #6548, #6549 ), .UNSPECIFIED., .F., .F., ( 4, 4 ), ( 0.518253236707345, 0.552703734267950 ), .UNSPECIFIED. );
#5608 = FILL_AREA_STYLE_COLOUR( '', #6550 );
#5609 = VERTEX_POINT( '', #6551 );
#5610 = VERTEX_POINT( '', #6552 );
#5611 = LINE( '', #6553, #6554 );
#5612 = VERTEX_POINT( '', #6555 );
#5613 = LINE( '', #6556, #6557 );
#5614 = VERTEX_POINT( '', #6558 );
#5615 = LINE( '', #6559, #6560 );
#5616 = LINE( '', #6561, #6562 );
#5617 = VERTEX_POINT( '', #6563 );
#5618 = LINE( '', #6564, #6565 );
#5619 = VERTEX_POINT( '', #6566 );
#5620 = LINE( '', #6567, #6568 );
#5621 = LINE( '', #6569, #6570 );
#5622 = FILL_AREA_STYLE_COLOUR( '', #6571 );
#5623 = VERTEX_POINT( '', #6572 );
#5624 = VERTEX_POINT( '', #6573 );
#5625 = LINE( '', #6574, #6575 );
#5626 = CIRCLE( '', #6576, 0.250000000000000 );
#5627 = FILL_AREA_STYLE_COLOUR( '', #6577 );
#5628 = VERTEX_POINT( '', #6578 );
#5629 = VERTEX_POINT( '', #6579 );
#5630 = B_SPLINE_CURVE_WITH_KNOTS( '', 3, ( #6580, #6581, #6582, #6583 ), .UNSPECIFIED., .F., .F., ( 4, 4 ), ( 0.520656883151474, 0.536492445906294 ), .UNSPECIFIED. );
#5631 = VERTEX_POINT( '', #6584 );
#5632 = LINE( '', #6585, #6586 );
#5633 = VERTEX_POINT( '', #6587 );
#5634 = B_SPLINE_CURVE_WITH_KNOTS( '', 3, ( #6588, #6589, #6590, #6591 ), .UNSPECIFIED., .F., .F., ( 4, 4 ), ( 0.520656883151474, 0.536492445906294 ), .UNSPECIFIED. );
#5635 = LINE( '', #6592, #6593 );
#5636 = FILL_AREA_STYLE_COLOUR( '', #6594 );
#5637 = VERTEX_POINT( '', #6595 );
#5638 = VERTEX_POINT( '', #6596 );
#5639 = B_SPLINE_CURVE_WITH_KNOTS( '', 3, ( #6597, #6598, #6599, #6600 ), .UNSPECIFIED., .F., .F., ( 4, 4 ), ( 0.766066837949627, 0.878124202881752 ), .UNSPECIFIED. );
#5640 = VERTEX_POINT( '', #6601 );
#5641 = LINE( '', #6602, #6603 );
#5642 = VERTEX_POINT( '', #6604 );
#5643 = B_SPLINE_CURVE_WITH_KNOTS( '', 3, ( #6605, #6606, #6607, #6608 ), .UNSPECIFIED., .F., .F., ( 4, 4 ), ( 0.766066837949627, 0.878124202881752 ), .UNSPECIFIED. );
#5644 = LINE( '', #6609, #6610 );
#5645 = FILL_AREA_STYLE_COLOUR( '', #6611 );
#5646 = VERTEX_POINT( '', #6612 );
#5647 = VERTEX_POINT( '', #6613 );
#5648 = CIRCLE( '', #6614, 0.250000000000000 );
#5649 = VERTEX_POINT( '', #6615 );
#5650 = LINE( '', #6616, #6617 );
#5651 = VERTEX_POINT( '', #6618 );
#5652 = CIRCLE( '', #6619, 0.500000000000000 );
#5653 = LINE( '', #6620, #6621 );
#5654 = FILL_AREA_STYLE_COLOUR( '', #6622 );
#5655 = VERTEX_POINT( '', #6623 );
#5656 = VERTEX_POINT( '', #6624 );
#5657 = LINE( '', #6625, #6626 );
#5658 = CIRCLE( '', #6627, 0.250000000000000 );
#5659 = FILL_AREA_STYLE_COLOUR( '', #6628 );
#5660 = VERTEX_POINT( '', #6629 );
#5661 = VERTEX_POINT( '', #6630 );
#5662 = LINE( '', #6631, #6632 );
#5663 = VERTEX_POINT( '', #6633 );
#5664 = LINE( '', #6634, #6635 );
#5665 = VERTEX_POINT( '', #6636 );
#5666 = LINE( '', #6637, #6638 );
#5667 = LINE( '', #6639, #6640 );
#5668 = FILL_AREA_STYLE_COLOUR( '', #6641 );
#5669 = VERTEX_POINT( '', #6642 );
#5670 = VERTEX_POINT( '', #6643 );
#5671 = LINE( '', #6644, #6645 );
#5672 = VERTEX_POINT( '', #6646 );
#5673 = LINE( '', #6647, #6648 );
#5674 = VERTEX_POINT( '', #6649 );
#5675 = LINE( '', #6650, #6651 );
#5676 = VERTEX_POINT( '', #6652 );
#5677 = LINE( '', #6653, #6654 );
#5678 = VERTEX_POINT( '', #6655 );
#5679 = LINE( '', #6656, #6657 );
#5680 = VERTEX_POINT( '', #6658 );
#5681 = LINE( '', #6659, #6660 );
#5682 = LINE( '', #6661, #6662 );
#5683 = FILL_AREA_STYLE_COLOUR( '', #6663 );
#5684 = VERTEX_POINT( '', #6664 );
#5685 = VERTEX_POINT( '', #6665 );
#5686 = B_SPLINE_CURVE_WITH_KNOTS( '', 3, ( #6666, #6667, #6668, #6669, #6670, #6671, #6672, #6673, #6674, #6675, #6676, #6677, #6678, #6679, #6680, #6681, #6682, #6683, #6684, #6685 ), .UNSPECIFIED., .F., .F., ( 4, 3, 3, 2, 3, 2, 3, 4 ), ( 0.582301816735135, 0.697897258735781, 0.727682193021292, 0.749965873996903, 0.772249554972515, 0.818209178399425, 0.864168801826335, 0.967967528120303 ), .UNSPECIFIED. );
#5687 = LINE( '', #6686, #6687 );
#5688 = LINE( '', #6688, #6689 );
#5689 = FILL_AREA_STYLE_COLOUR( '', #6690 );
#5690 = VERTEX_POINT( '', #6691 );
#5691 = VERTEX_POINT( '', #6692 );
#5692 = B_SPLINE_CURVE_WITH_KNOTS( '', 1, ( #6693, #6694 ), .UNSPECIFIED., .F., .F., ( 2, 2 ), ( 0.775615380794607, 0.877881759759685 ), .UNSPECIFIED. );
#5693 = VERTEX_POINT( '', #6695 );
#5694 = LINE( '', #6696, #6697 );
#5695 = VERTEX_POINT( '', #6698 );
#5696 = B_SPLINE_CURVE_WITH_KNOTS( '', 1, ( #6699, #6700 ), .UNSPECIFIED., .F., .F., ( 2, 2 ), ( 0.775615380794607, 0.877881759759685 ), .UNSPECIFIED. );
#5697 = LINE( '', #6701, #6702 );
#5698 = FILL_AREA_STYLE_COLOUR( '', #6703 );
#5699 = VERTEX_POINT( '', #6704 );
#5700 = VERTEX_POINT( '', #6705 );
#5701 = B_SPLINE_CURVE_WITH_KNOTS( '', 3, ( #6706, #6707, #6708, #6709 ), .UNSPECIFIED., .F., .F., ( 4, 4 ), ( 0.640874506159270, 0.751474905777646 ), .UNSPECIFIED. );
#5702 = VERTEX_POINT( '', #6710 );
#5703 = LINE( '', #6711, #6712 );
#5704 = VERTEX_POINT( '', #6713 );
#5705 = B_SPLINE_CURVE_WITH_KNOTS( '', 3, ( #6714, #6715, #6716, #6717 ), .UNSPECIFIED., .F., .F., ( 4, 4 ), ( 0.640874506159270, 0.751474905777646 ), .UNSPECIFIED. );
#5706 = LINE( '', #6718, #6719 );
#5707 = FILL_AREA_STYLE_COLOUR( '', #6720 );
#5708 = VERTEX_POINT( '', #6721 );
#5709 = VERTEX_POINT( '', #6722 );
#5710 = CIRCLE( '', #6723, 0.250000000000000 );
#5711 = LINE( '', #6724, #6725 );
#5712 = FILL_AREA_STYLE_COLOUR( '', #6726 );
#5713 = VERTEX_POINT( '', #6727 );
#5714 = LINE( '', #6728, #6729 );
#5715 = VERTEX_POINT( '', #6730 );
#5716 = LINE( '', #6731, #6732 );
#5717 = VERTEX_POINT( '', #6733 );
#5718 = LINE( '', #6734, #6735 );
#5719 = VERTEX_POINT( '', #6736 );
#5720 = LINE( '', #6737, #6738 );
#5721 = LINE( '', #6739, #6740 );
#5722 = LINE( '', #6741, #6742 );
#5723 = FILL_AREA_STYLE_COLOUR( '', #6743 );
#5724 = VERTEX_POINT( '', #6744 );
#5725 = VERTEX_POINT( '', #6745 );
#5726 = B_SPLINE_CURVE_WITH_KNOTS( '', 1, ( #6746, #6747 ), .UNSPECIFIED., .F., .F., ( 2, 2 ), ( 0.927786499215071, 1.00000000000000 ), .UNSPECIFIED. );
#5727 = VERTEX_POINT( '', #6748 );
#5728 = B_SPLINE_CURVE_WITH_KNOTS( '', 1, ( #6749, #6750 ), .UNSPECIFIED., .F., .F., ( 2, 2 ), ( 0.500000000000000, 0.927786499215071 ), .UNSPECIFIED. );
#5729 = VERTEX_POINT( '', #6751 );
#5730 = B_SPLINE_CURVE_WITH_KNOTS( '', 1, ( #6752, #6753 ), .UNSPECIFIED., .F., .F., ( 2, 2 ), ( 0.427786499215071, 0.500000000000000 ), .UNSPECIFIED. );
#5731 = B_SPLINE_CURVE_WITH_KNOTS( '', 1, ( #6754, #6755 ), .UNSPECIFIED., .F., .F., ( 2, 2 ), ( 0.000000000000000, 0.427786499215071 ), .UNSPECIFIED. );
#5732 = FILL_AREA_STYLE_COLOUR( '', #6756 );
#5733 = LINE( '', #6757, #6758 );
#5734 = FILL_AREA_STYLE_COLOUR( '', #6759 );
#5735 = VERTEX_POINT( '', #6760 );
#5736 = B_SPLINE_CURVE_WITH_KNOTS( '', 3, ( #6761, #6762, #6763, #6764 ), .UNSPECIFIED., .F., .F., ( 4, 4 ), ( 0.558495160106586, 0.610615742799227 ), .UNSPECIFIED. );
#5737 = VERTEX_POINT( '', #6765 );
#5738 = LINE( '', #6766, #6767 );
#5739 = B_SPLINE_CURVE_WITH_KNOTS( '', 3, ( #6768, #6769, #6770, #6771 ), .UNSPECIFIED., .F., .F., ( 4, 4 ), ( 0.558495160106586, 0.610615742799227 ), .UNSPECIFIED. );
#5740 = FILL_AREA_STYLE_COLOUR( '', #6772 );
#5741 = VERTEX_POINT( '', #6773 );
#5742 = VERTEX_POINT( '', #6774 );
#5743 = B_SPLINE_CURVE_WITH_KNOTS( '', 1, ( #6775, #6776 ), .UNSPECIFIED., .F., .F., ( 2, 2 ), ( 0.000000000000000, 0.427786499215071 ), .UNSPECIFIED. );
#5744 = LINE( '', #6777, #6778 );
#5745 = LINE( '', #6779, #6780 );
#5746 = FILL_AREA_STYLE_COLOUR( '', #6781 );
#5747 = B_SPLINE_CURVE_WITH_KNOTS( '', 3, ( #6782, #6783, #6784, #6785 ), .UNSPECIFIED., .F., .F., ( 4, 4 ), ( 0.947219656909034, 1.00000000000000 ), .UNSPECIFIED. );
#5748 = VERTEX_POINT( '', #6786 );
#5749 = B_SPLINE_CURVE_WITH_KNOTS( '', 3, ( #6787, #6788, #6789, #6790, #6791, #6792, #6793, #6794, #6795 ), .UNSPECIFIED., .F., .F., ( 4, 3, 2, 4 ), ( 0.409840806187226, 0.465242072542818, 0.502901973289724, 0.558495160106586 ), .UNSPECIFIED. );
#5750 = VERTEX_POINT( '', #6796 );
#5751 = B_SPLINE_CURVE_WITH_KNOTS( '', 3, ( #6797, #6798, #6799, #6800 ), .UNSPECIFIED., .F., .F., ( 4, 4 ), ( 0.362251972252749, 0.409840806187226 ), .UNSPECIFIED. );
#5752 = B_SPLINE_CURVE_WITH_KNOTS( '', 3, ( #6801, #6802, #6803, #6804 ), .UNSPECIFIED., .F., .F., ( 4, 4 ), ( 0.314374721142912, 0.362251972252749 ), .UNSPECIFIED. );
#5753 = FILL_AREA_STYLE_COLOUR( '', #6805 );
#5754 = VERTEX_POINT( '', #6806 );
#5755 = B_SPLINE_CURVE_WITH_KNOTS( '', 3, ( #6807, #6808, #6809, #6810, #6811, #6812, #6813, #6814, #6815, #6816, #6817, #6818, #6819, #6820, #6821, #6822, #6823, #6824, #6825, #6826, #6827, #6828, #6829, #6830, #6831, #6832, #6833, #6834, #6835, #6836, #6837, #6838, #6839, #6840, #6841, #6842, #6843, #6844, #6845, #6846, #6847, #6848, #6849, #6850, #6851, #6852, #6853, #6854, #6855, #6856, #6857, #6858, #6859, #6860, #6861, #6862, #6863, #6864 ), .UNSPECIFIED., .T., .F., ( 4, 3, 3, 3, 3, 3, 3, 3, 3, 3, 3, 3, 3, 3, 3, 3, 3, 3, 3, 4 ), ( 0.000000000000000, 8.49918305332636E-006, 1.69539710623074E-005, 2.60845724443179E-005, 3.56967459431038E-005, 4.53484058546646E-005, 5.47311297581716E-005, 6.36383004442290E-005, 7.20058120667555E-005, 7.99857504252075E-005, 8.78814090391801E-005, 9.59993729586287E-005, 0.000104544362033629, 0.000113574559745031, 0.000123010863234814, 0.000132674022282151, 0.000142248902172860, 0.000151175238711450, 0.000159037696351276, 0.000162524267103213 ), .UNSPECIFIED. );
#5756 = VERTEX_POINT( '', #6865 );
#5757 = CIRCLE( '', #6866, 0.250000000000000 );
#5758 = VERTEX_POINT( '', #6867 );
#5759 = CIRCLE( '', #6868, 0.250000000000000 );
#5760 = CIRCLE( '', #6869, 0.250000000000000 );
#5761 = VERTEX_POINT( '', #6870 );
#5762 = CIRCLE( '', #6871, 0.250000000000000 );
#5763 = VERTEX_POINT( '', #6872 );
#5764 = CIRCLE( '', #6873, 0.250000000000000 );
#5765 = CIRCLE( '', #6874, 0.250000000000000 );
#5766 = VERTEX_POINT( '', #6875 );
#5767 = B_SPLINE_CURVE_WITH_KNOTS( '', 3, ( #6876, #6877, #6878, #6879, #6880, #6881, #6882, #6883, #6884, #6885, #6886, #6887, #6888, #6889, #6890, #6891, #6892, #6893, #6894, #6895, #6896, #6897, #6898, #6899, #6900, #6901, #6902, #6903, #6904, #6905, #6906, #6907, #6908, #6909, #6910, #6911, #6912, #6913, #6914, #6915, #6916, #6917, #6918, #6919, #6920, #6921, #6922, #6923, #6924, #6925, #6926, #6927, #6928, #6929, #6930, #6931, #6932, #6933 ), .UNSPECIFIED., .T., .F., ( 4, 3, 3, 3, 3, 3, 3, 3, 3, 3, 3, 3, 3, 3, 3, 3, 3, 3, 3, 4 ), ( 0.000000000000000, 8.91474949948771E-006, 1.77924676276778E-005, 2.72383091261676E-005, 3.69159352229560E-005, 4.64524885324499E-005, 5.55970959821071E-005, 6.42075119909765E-005, 7.23334428009458E-005, 8.02253375982723E-005, 8.82053691865982E-005, 9.65342559268587E-005, 0.000105340193393458, 0.000114603278777753, 0.000124187746341054, 0.000133854899209383, 0.000143161954063589, 0.000151513925666578, 0.000158974264652155, 0.000162488050812089 ), .UNSPECIFIED. );
#5768 = FILL_AREA_STYLE_COLOUR( '', #6934 );
#5769 = VERTEX_POINT( '', #6935 );
#5770 = LINE( '', #6936, #6937 );
#5771 = VERTEX_POINT( '', #6938 );
#5772 = LINE( '', #6939, #6940 );
#5773 = VERTEX_POINT( '', #6941 );
#5774 = LINE( '', #6942, #6943 );
#5775 = LINE( '', #6944, #6945 );
#5776 = FILL_AREA_STYLE_COLOUR( '', #6946 );
#5777 = LINE( '', #6947, #6948 );
#5778 = FILL_AREA_STYLE_COLOUR( '', #6949 );
#5779 = VERTEX_POINT( '', #6950 );
#5780 = VERTEX_POINT( '', #6951 );
#5781 = B_SPLINE_CURVE_WITH_KNOTS( '', 3, ( #6952, #6953, #6954, #6955 ), .UNSPECIFIED., .F., .F., ( 4, 4 ), ( 0.362251972252749, 0.409840806187226 ), .UNSPECIFIED. );
#5782 = LINE( '', #6956, #6957 );
#5783 = LINE( '', #6958, #6959 );
#5784 = FILL_AREA_STYLE_COLOUR( '', #6960 );
#5785 = LINE( '', #6961, #6962 );
#5786 = FILL_AREA_STYLE_COLOUR( '', #6963 );
#5787 = VERTEX_POINT( '', #6964 );
#5788 = LINE( '', #6965, #6966 );
#5789 = VERTEX_POINT( '', #6967 );
#5790 = CIRCLE( '', #6968, 0.500000000000000 );
#5791 = LINE( '', #6969, #6970 );
#5792 = FILL_AREA_STYLE_COLOUR( '', #6971 );
#5793 = VERTEX_POINT( '', #6972 );
#5794 = VERTEX_POINT( '', #6973 );
#5795 = B_SPLINE_CURVE_WITH_KNOTS( '', 3, ( #6974, #6975, #6976, #6977, #6978, #6979, #6980, #6981, #6982, #6983, #6984, #6985, #6986, #6987, #6988, #6989, #6990, #6991 ), .UNSPECIFIED., .F., .F., ( 4, 2, 3, 2, 3, 2, 2, 4 ), ( 0.182838976793792, 0.235524243111121, 0.301819869893760, 0.369369061871496, 0.415142527487989, 0.458299330204614, 0.501456132921240, 0.558850231379431 ), .UNSPECIFIED. );
#5796 = VERTEX_POINT( '', #6992 );
#5797 = LINE( '', #6993, #6994 );
#5798 = VERTEX_POINT( '', #6995 );
#5799 = B_SPLINE_CURVE_WITH_KNOTS( '', 3, ( #6996, #6997, #6998, #6999, #7000, #7001, #7002, #7003, #7004, #7005, #7006, #7007, #7008, #7009, #7010, #7011, #7012, #7013 ), .UNSPECIFIED., .F., .F., ( 4, 2, 3, 2, 3, 2, 2, 4 ), ( 0.182838976793792, 0.235524243111121, 0.301819869893760, 0.369369061871496, 0.415142527487989, 0.458299330204614, 0.501456132921240, 0.558850231379431 ), .UNSPECIFIED. );
#5800 = LINE( '', #7014, #7015 );
#5801 = FILL_AREA_STYLE_COLOUR( '', #7016 );
#5802 = VERTEX_POINT( '', #7017 );
#5803 = VERTEX_POINT( '', #7018 );
#5804 = LINE( '', #7019, #7020 );
#5805 = LINE( '', #7021, #7022 );
#5806 = VERTEX_POINT( '', #7023 );
#5807 = LINE( '', #7024, #7025 );
#5808 = LINE( '', #7026, #7027 );
#5809 = LINE( '', #7028, #7029 );
#5810 = LINE( '', #7030, #7031 );
#5811 = FILL_AREA_STYLE_COLOUR( '', #7032 );
#5812 = VERTEX_POINT( '', #7033 );
#5813 = LINE( '', #7034, #7035 );
#5814 = VERTEX_POINT( '', #7036 );
#5815 = LINE( '', #7037, #7038 );
#5816 = LINE( '', #7039, #7040 );
#5817 = FILL_AREA_STYLE_COLOUR( '', #7041 );
#5818 = LINE( '', #7042, #7043 );
#5819 = FILL_AREA_STYLE_COLOUR( '', #7044 );
#5820 = VERTEX_POINT( '', #7045 );
#5821 = B_SPLINE_CURVE_WITH_KNOTS( '', 3, ( #7046, #7047, #7048, #7049, #7050, #7051, #7052, #7053, #7054, #7055 ), .UNSPECIFIED., .T., .F., ( 2, 2, 2, 2, 2, 2, 2 ), ( -0.250000000000000, 0.000000000000000, 0.250000000000000, 0.500000000000000, 0.750000000000000, 1.00000000000000, 1.25000000000000 ), .UNSPECIFIED. );
#5822 = FILL_AREA_STYLE_COLOUR( '', #7056 );
#5823 = VERTEX_POINT( '', #7057 );
#5824 = LINE( '', #7058, #7059 );
#5825 = VERTEX_POINT( '', #7060 );
#5826 = LINE( '', #7061, #7062 );
#5827 = VERTEX_POINT( '', #7063 );
#5828 = LINE( '', #7064, #7065 );
#5829 = LINE( '', #7066, #7067 );
#5830 = FILL_AREA_STYLE_COLOUR( '', #7068 );
#5831 = VERTEX_POINT( '', #7069 );
#5832 = LINE( '', #7070, #7071 );
#5833 = LINE( '', #7072, #7073 );
#5834 = FILL_AREA_STYLE_COLOUR( '', #7074 );
#5835 = VERTEX_POINT( '', #7075 );
#5836 = VERTEX_POINT( '', #7076 );
#5837 = B_SPLINE_CURVE_WITH_KNOTS( '', 3, ( #7077, #7078, #7079, #7080 ), .UNSPECIFIED., .F., .F., ( 4, 4 ), ( 0.984247345950703, 1.00000000000000 ), .UNSPECIFIED. );
#5838 = B_SPLINE_CURVE_WITH_KNOTS( '', 3, ( #7081, #7082, #7083, #7084 ), .UNSPECIFIED., .F., .F., ( 4, 4 ), ( 0.878124202881752, 0.984247345950703 ), .UNSPECIFIED. );
#5839 = B_SPLINE_CURVE_WITH_KNOTS( '', 3, ( #7085, #7086, #7087, #7088 ), .UNSPECIFIED., .F., .F., ( 4, 4 ), ( 0.751474905777646, 0.766066837949627 ), .UNSPECIFIED. );
#5840 = B_SPLINE_CURVE_WITH_KNOTS( '', 3, ( #7089, #7090, #7091, #7092 ), .UNSPECIFIED., .F., .F., ( 4, 4 ), ( 0.536492445906294, 0.640874506159270 ), .UNSPECIFIED. );
#5841 = VERTEX_POINT( '', #7093 );
#5842 = B_SPLINE_CURVE_WITH_KNOTS( '', 3, ( #7094, #7095, #7096, #7097 ), .UNSPECIFIED., .F., .F., ( 4, 4 ), ( 0.396128007456503, 0.520656883151474 ), .UNSPECIFIED. );
#5843 = VERTEX_POINT( '', #7098 );
#5844 = B_SPLINE_CURVE_WITH_KNOTS( '', 3, ( #7099, #7100, #7101, #7102 ), .UNSPECIFIED., .F., .F., ( 4, 4 ), ( 0.374240109198532, 0.396128007456503 ), .UNSPECIFIED. );
#5845 = VERTEX_POINT( '', #7103 );
#5846 = B_SPLINE_CURVE_WITH_KNOTS( '', 3, ( #7104, #7105, #7106, #7107, #7108, #7109, #7110 ), .UNSPECIFIED., .F., .F., ( 4, 3, 4 ), ( 0.261468230552944, 0.282521875201089, 0.374240109198532 ), .UNSPECIFIED. );
#5847 = VERTEX_POINT( '', #7111 );
#5848 = B_SPLINE_CURVE_WITH_KNOTS( '', 3, ( #7112, #7113, #7114, #7115, #7116, #7117, #7118 ), .UNSPECIFIED., .F., .F., ( 4, 3, 4 ), ( 0.149069852529666, 0.242039240282829, 0.261468230552944 ), .UNSPECIFIED. );
#5849 = VERTEX_POINT( '', #7119 );
#5850 = B_SPLINE_CURVE_WITH_KNOTS( '', 3, ( #7120, #7121, #7122, #7123 ), .UNSPECIFIED., .F., .F., ( 4, 4 ), ( 0.124528875694971, 0.149069852529666 ), .UNSPECIFIED. );
#5851 = B_SPLINE_CURVE_WITH_KNOTS( '', 3, ( #7124, #7125, #7126, #7127 ), .UNSPECIFIED., .F., .F., ( 4, 4 ), ( 0.000000000000000, 0.124528875694971 ), .UNSPECIFIED. );
#5852 = FILL_AREA_STYLE_COLOUR( '', #7128 );
#5853 = VERTEX_POINT( '', #7129 );
#5854 = VERTEX_POINT( '', #7130 );
#5855 = B_SPLINE_CURVE_WITH_KNOTS( '', 3, ( #7131, #7132, #7133, #7134, #7135, #7136, #7137, #7138, #7139, #7140, #7141, #7142, #7143, #7144, #7145 ), .UNSPECIFIED., .F., .F., ( 4, 3, 3, 3, 2, 4 ), ( 0.000000000000000, 0.192720247722041, 0.295769340488981, 0.355183468830475, 0.411410445403417, 0.499265096298639 ), .UNSPECIFIED. );
#5856 = VERTEX_POINT( '', #7146 );
#5857 = LINE( '', #7147, #7148 );
#5858 = VERTEX_POINT( '', #7149 );
#5859 = B_SPLINE_CURVE_WITH_KNOTS( '', 3, ( #7150, #7151, #7152, #7153, #7154, #7155, #7156, #7157, #7158, #7159, #7160, #7161, #7162, #7163, #7164 ), .UNSPECIFIED., .F., .F., ( 4, 3, 3, 3, 2, 4 ), ( 0.000000000000000, 0.192720247722041, 0.295769340488981, 0.355183468830475, 0.411410445403417, 0.499265096298639 ), .UNSPECIFIED. );
#5860 = LINE( '', #7165, #7166 );
#5861 = FILL_AREA_STYLE_COLOUR( '', #7167 );
#5862 = LINE( '', #7168, #7169 );
#5863 = FILL_AREA_STYLE_COLOUR( '', #7170 );
#5864 = VERTEX_POINT( '', #7171 );
#5865 = LINE( '', #7172, #7173 );
#5866 = VERTEX_POINT( '', #7174 );
#5867 = LINE( '', #7175, #7176 );
#5868 = LINE( '', #7177, #7178 );
#5869 = LINE( '', #7179, #7180 );
#5870 = VERTEX_POINT( '', #7181 );
#5871 = LINE( '', #7182, #7183 );
#5872 = LINE( '', #7184, #7185 );
#5873 = FILL_AREA_STYLE_COLOUR( '', #7186 );
#5874 = VERTEX_POINT( '', #7187 );
#5875 = VERTEX_POINT( '', #7188 );
#5876 = B_SPLINE_CURVE_WITH_KNOTS( '', 3, ( #7189, #7190, #7191, #7192, #7193, #7194, #7195, #7196, #7197, #7198, #7199, #7200, #7201, #7202, #7203, #7204, #7205 ), .UNSPECIFIED., .F., .F., ( 4, 3, 3, 2, 2, 3, 4 ), ( 0.606665047240643, 0.756803569044848, 0.815199863785841, 0.858155349706570, 0.901110835627300, 0.951876409897253, 1.00000000000000 ), .UNSPECIFIED. );
#5877 = VERTEX_POINT( '', #7206 );
#5878 = LINE( '', #7207, #7208 );
#5879 = VERTEX_POINT( '', #7209 );
#5880 = B_SPLINE_CURVE_WITH_KNOTS( '', 3, ( #7210, #7211, #7212, #7213, #7214, #7215, #7216, #7217, #7218, #7219, #7220, #7221, #7222, #7223, #7224, #7225, #7226 ), .UNSPECIFIED., .F., .F., ( 4, 3, 3, 2, 2, 3, 4 ), ( 0.606665047240643, 0.756803569044848, 0.815199863785841, 0.858155349706570, 0.901110835627300, 0.951876409897253, 1.00000000000000 ), .UNSPECIFIED. );
#5881 = LINE( '', #7227, #7228 );
#5882 = FILL_AREA_STYLE_COLOUR( '', #7229 );
#5883 = VERTEX_POINT( '', #7230 );
#5884 = LINE( '', #7231, #7232 );
#5885 = LINE( '', #7233, #7234 );
#5886 = FILL_AREA_STYLE_COLOUR( '', #7235 );
#5887 = VERTEX_POINT( '', #7236 );
#5888 = LINE( '', #7237, #7238 );
#5889 = VERTEX_POINT( '', #7239 );
#5890 = LINE( '', #7240, #7241 );
#5891 = LINE( '', #7242, #7243 );
#5892 = FILL_AREA_STYLE_COLOUR( '', #7244 );
#5893 = VERTEX_POINT( '', #7245 );
#5894 = LINE( '', #7246, #7247 );
#5895 = LINE( '', #7248, #7249 );
#5896 = LINE( '', #7250, #7251 );
#5897 = FILL_AREA_STYLE_COLOUR( '', #7252 );
#5898 = VERTEX_POINT( '', #7253 );
#5899 = VERTEX_POINT( '', #7254 );
#5900 = B_SPLINE_CURVE_WITH_KNOTS( '', 1, ( #7255, #7256 ), .UNSPECIFIED., .F., .F., ( 2, 2 ), ( 0.259566170532524, 0.391042748014596 ), .UNSPECIFIED. );
#5901 = VERTEX_POINT( '', #7257 );
#5902 = LINE( '', #7258, #7259 );
#5903 = VERTEX_POINT( '', #7260 );
#5904 = B_SPLINE_CURVE_WITH_KNOTS( '', 1, ( #7261, #7262 ), .UNSPECIFIED., .F., .F., ( 2, 2 ), ( 0.259566170532524, 0.391042748014596 ), .UNSPECIFIED. );
#5905 = LINE( '', #7263, #7264 );
#5906 = FILL_AREA_STYLE_COLOUR( '', #7265 );
#5907 = VERTEX_POINT( '', #7266 );
#5908 = B_SPLINE_CURVE_WITH_KNOTS( '', 3, ( #7267, #7268, #7269, #7270 ), .UNSPECIFIED., .F., .F., ( 4, 4 ), ( 0.580207515797439, 0.606665047240643 ), .UNSPECIFIED. );
#5909 = VERTEX_POINT( '', #7271 );
#5910 = LINE( '', #7272, #7273 );
#5911 = B_SPLINE_CURVE_WITH_KNOTS( '', 3, ( #7274, #7275, #7276, #7277 ), .UNSPECIFIED., .F., .F., ( 4, 4 ), ( 0.580207515797439, 0.606665047240643 ), .UNSPECIFIED. );
#5912 = FILL_AREA_STYLE_COLOUR( '', #7278 );
#5913 = LINE( '', #7279, #7280 );
#5914 = FILL_AREA_STYLE_COLOUR( '', #7281 );
#5915 = VERTEX_POINT( '', #7282 );
#5916 = VERTEX_POINT( '', #7283 );
#5917 = LINE( '', #7284, #7285 );
#5918 = LINE( '', #7286, #7287 );
#5919 = LINE( '', #7288, #7289 );
#5920 = FILL_AREA_STYLE_COLOUR( '', #7290 );
#5921 = VERTEX_POINT( '', #7291 );
#5922 = VERTEX_POINT( '', #7292 );
#5923 = B_SPLINE_CURVE_WITH_KNOTS( '', 1, ( #7293, #7294 ), .UNSPECIFIED., .F., .F., ( 2, 2 ), ( 0.267088607594937, 0.500000000000000 ), .UNSPECIFIED. );
#5924 = VERTEX_POINT( '', #7295 );
#5925 = LINE( '', #7296, #7297 );
#5926 = VERTEX_POINT( '', #7298 );
#5927 = B_SPLINE_CURVE_WITH_KNOTS( '', 1, ( #7299, #7300 ), .UNSPECIFIED., .F., .F., ( 2, 2 ), ( 0.267088607594937, 0.500000000000000 ), .UNSPECIFIED. );
#5928 = LINE( '', #7301, #7302 );
#5929 = FILL_AREA_STYLE_COLOUR( '', #7303 );
#5930 = VERTEX_POINT( '', #7304 );
#5931 = CIRCLE( '', #7305, 0.0250000000000000 );
#5932 = FILL_AREA_STYLE_COLOUR( '', #7306 );
#5933 = VERTEX_POINT( '', #7307 );
#5934 = B_SPLINE_CURVE_WITH_KNOTS( '', 1, ( #7308, #7309 ), .UNSPECIFIED., .F., .F., ( 2, 2 ), ( 0.000000000000000, 0.267088607594937 ), .UNSPECIFIED. );
#5935 = VERTEX_POINT( '', #7310 );
#5936 = LINE( '', #7311, #7312 );
#5937 = B_SPLINE_CURVE_WITH_KNOTS( '', 1, ( #7313, #7314 ), .UNSPECIFIED., .F., .F., ( 2, 2 ), ( 0.000000000000000, 0.267088607594937 ), .UNSPECIFIED. );
#5938 = FILL_AREA_STYLE_COLOUR( '', #7315 );
#5939 = VERTEX_POINT( '', #7316 );
#5940 = B_SPLINE_CURVE_WITH_KNOTS( '', 3, ( #7317, #7318, #7319, #7320 ), .UNSPECIFIED., .F., .F., ( 4, 4 ), ( 0.000000000000000, 0.0289427784437565 ), .UNSPECIFIED. );
#5941 = VERTEX_POINT( '', #7321 );
#5942 = B_SPLINE_CURVE_WITH_KNOTS( '', 3, ( #7322, #7323, #7324, #7325 ), .UNSPECIFIED., .F., .F., ( 4, 4 ), ( 0.000000000000000, 0.0289427784437565 ), .UNSPECIFIED. );
#5943 = LINE( '', #7326, #7327 );
#5944 = FILL_AREA_STYLE_COLOUR( '', #7328 );
#5945 = VERTEX_POINT( '', #7329 );
#5946 = B_SPLINE_CURVE_WITH_KNOTS( '', 1, ( #7330, #7331 ), .UNSPECIFIED., .F., .F., ( 2, 2 ), ( 0.427786499215071, 0.500000000000000 ), .UNSPECIFIED. );
#5947 = LINE( '', #7332, #7333 );
#5948 = FILL_AREA_STYLE_COLOUR( '', #7334 );
#5949 = VERTEX_POINT( '', #7335 );
#5950 = VERTEX_POINT( '', #7336 );
#5951 = B_SPLINE_CURVE_WITH_KNOTS( '', 3, ( #7337, #7338, #7339, #7340 ), .UNSPECIFIED., .F., .F., ( 4, 4 ), ( 0.984247345950703, 1.00000000000000 ), .UNSPECIFIED. );
#5952 = LINE( '', #7341, #7342 );
#5953 = LINE( '', #7343, #7344 );
#5954 = FILL_AREA_STYLE_COLOUR( '', #7345 );
#5955 = LINE( '', #7346, #7347 );
#5956 = LINE( '', #7348, #7349 );
#5957 = FILL_AREA_STYLE_COLOUR( '', #7350 );
#5958 = B_SPLINE_CURVE_WITH_KNOTS( '', 3, ( #7351, #7352, #7353, #7354, #7355, #7356, #7357, #7358, #7359, #7360, #7361, #7362, #7363, #7364, #7365, #7366 ), .UNSPECIFIED., .F., .F., ( 4, 3, 3, 3, 3, 4 ), ( 0.499265096298639, 0.607595818716467, 0.730441237094497, 0.841672752430367, 0.958533283835744, 1.00000000000000 ), .UNSPECIFIED. );
#5959 = B_SPLINE_CURVE_WITH_KNOTS( '', 3, ( #7367, #7368, #7369, #7370, #7371, #7372, #7373, #7374, #7375, #7376, #7377, #7378, #7379, #7380, #7381, #7382 ), .UNSPECIFIED., .F., .F., ( 4, 3, 3, 3, 3, 4 ), ( 0.499265096298639, 0.607595818716467, 0.730441237094497, 0.841672752430367, 0.958533283835744, 1.00000000000000 ), .UNSPECIFIED. );
#5960 = FILL_AREA_STYLE_COLOUR( '', #7383 );
#5961 = B_SPLINE_CURVE_WITH_KNOTS( '', 3, ( #7384, #7385, #7386, #7387, #7388, #7389, #7390, #7391, #7392, #7393, #7394, #7395, #7396, #7397 ), .UNSPECIFIED., .F., .F., ( 4, 3, 2, 2, 3, 4 ), ( 0.0289427784437565, 0.0517557706347697, 0.0811537898240827, 0.113124135692461, 0.145094481560838, 0.182838976793792 ), .UNSPECIFIED. );
#5962 = B_SPLINE_CURVE_WITH_KNOTS( '', 3, ( #7398, #7399, #7400, #7401, #7402, #7403, #7404, #7405, #7406, #7407, #7408, #7409, #7410, #7411 ), .UNSPECIFIED., .F., .F., ( 4, 3, 2, 2, 3, 4 ), ( 0.0289427784437565, 0.0517557706347697, 0.0811537898240827, 0.113124135692461, 0.145094481560838, 0.182838976793792 ), .UNSPECIFIED. );
#5963 = FILL_AREA_STYLE_COLOUR( '', #7412 );
#5964 = VERTEX_POINT( '', #7413 );
#5965 = LINE( '', #7414, #7415 );
#5966 = CIRCLE( '', #7416, 0.250000000000000 );
#5967 = FILL_AREA_STYLE_COLOUR( '', #7417 );
#5968 = VERTEX_POINT( '', #7418 );
#5969 = VERTEX_POINT( '', #7419 );
#5970 = B_SPLINE_CURVE_WITH_KNOTS( '', 3, ( #7420, #7421, #7422, #7423 ), .UNSPECIFIED., .F., .F., ( 4, 4 ), ( 0.124528875694971, 0.149069852529666 ), .UNSPECIFIED. );
#5971 = LINE( '', #7424, #7425 );
#5972 = LINE( '', #7426, #7427 );
#5973 = FILL_AREA_STYLE_COLOUR( '', #7428 );
#5974 = VERTEX_POINT( '', #7429 );
#5975 = B_SPLINE_CURVE_WITH_KNOTS( '', 3, ( #7430, #7431, #7432, #7433 ), .UNSPECIFIED., .F., .F., ( 4, 4 ), ( 0.937795278096468, 0.973259864798146 ), .UNSPECIFIED. );
#5976 = VERTEX_POINT( '', #7434 );
#5977 = B_SPLINE_CURVE_WITH_KNOTS( '', 3, ( #7435, #7436, #7437, #7438 ), .UNSPECIFIED., .F., .F., ( 4, 4 ), ( 0.937795278096468, 0.973259864798146 ), .UNSPECIFIED. );
#5978 = LINE( '', #7439, #7440 );
#5979 = FILL_AREA_STYLE_COLOUR( '', #7441 );
#5980 = B_SPLINE_CURVE_WITH_KNOTS( '', 3, ( #7442, #7443, #7444, #7445 ), .UNSPECIFIED., .F., .F., ( 4, 4 ), ( 0.314374721142912, 0.362251972252749 ), .UNSPECIFIED. );
#5981 = FILL_AREA_STYLE_COLOUR( '', #7446 );
#5982 = B_SPLINE_CURVE_WITH_KNOTS( '', 3, ( #7447, #7448, #7449, #7450 ), .UNSPECIFIED., .F., .F., ( 4, 4 ), ( 0.878124202881752, 0.984247345950703 ), .UNSPECIFIED. );
#5983 = FILL_AREA_STYLE_COLOUR( '', #7451 );
#5984 = VERTEX_POINT( '', #7452 );
#5985 = B_SPLINE_CURVE_WITH_KNOTS( '', 1, ( #7453, #7454 ), .UNSPECIFIED., .F., .F., ( 2, 2 ), ( 0.927786499215071, 1.00000000000000 ), .UNSPECIFIED. );
#5986 = LINE( '', #7455, #7456 );
#5987 = FILL_AREA_STYLE_COLOUR( '', #7457 );
#5988 = VERTEX_POINT( '', #7458 );
#5989 = LINE( '', #7459, #7460 );
#5990 = VERTEX_POINT( '', #7461 );
#5991 = LINE( '', #7462, #7463 );
#5992 = LINE( '', #7464, #7465 );
#5993 = FILL_AREA_STYLE_COLOUR( '', #7466 );
#5994 = VERTEX_POINT( '', #7467 );
#5995 = LINE( '', #7468, #7469 );
#5996 = LINE( '', #7470, #7471 );
#5997 = LINE( '', #7472, #7473 );
#5998 = FILL_AREA_STYLE_COLOUR( '', #7474 );
#5999 = VERTEX_POINT( '', #7475 );
#6000 = VERTEX_POINT( '', #7476 );
#6001 = LINE( '', #7477, #7478 );
#6002 = VERTEX_POINT( '', #7479 );
#6003 = CIRCLE( '', #7480, 0.250000000000000 );
#6004 = VERTEX_POINT( '', #7481 );
#6005 = LINE( '', #7482, #7483 );
#6006 = CIRCLE( '', #7484, 0.250000000000000 );
#6007 = FILL_AREA_STYLE_COLOUR( '', #7485 );
#6008 = VERTEX_POINT( '', #7486 );
#6009 = B_SPLINE_CURVE_WITH_KNOTS( '', 3, ( #7487, #7488, #7489, #7490 ), .UNSPECIFIED., .F., .F., ( 4, 4 ), ( 0.396128007456503, 0.520656883151474 ), .UNSPECIFIED. );
#6010 = LINE( '', #7491, #7492 );
#6011 = FILL_AREA_STYLE_COLOUR( '', #7493 );
#6012 = LINE( '', #7494, #7495 );
#6013 = VERTEX_POINT( '', #7496 );
#6014 = LINE( '', #7497, #7498 );
#6015 = VERTEX_POINT( '', #7499 );
#6016 = LINE( '', #7500, #7501 );
#6017 = LINE( '', #7502, #7503 );
#6018 = FILL_AREA_STYLE_COLOUR( '', #7504 );
#6019 = LINE( '', #7505, #7506 );
#6020 = FILL_AREA_STYLE_COLOUR( '', #7507 );
#6021 = VERTEX_POINT( '', #7508 );
#6022 = B_SPLINE_CURVE_WITH_KNOTS( '', 3, ( #7509, #7510, #7511, #7512, #7513, #7514, #7515, #7516, #7517, #7518, #7519, #7520, #7521, #7522, #7523, #7524, #7525, #7526, #7527, #7528, #7529, #7530 ), .UNSPECIFIED., .T., .F., ( 4, 2, 2, 3, 2, 3, 3, 3, 4 ), ( 0.000000000000000, 0.119629600204718, 0.239259200409437, 0.360296207675392, 0.506488056325201, 0.646414540032877, 0.754586018311960, 0.860643409138521, 1.00000000000000 ), .UNSPECIFIED. );
#6023 = FILL_AREA_STYLE_COLOUR( '', #7531 );
#6024 = VERTEX_POINT( '', #7532 );
#6025 = LINE( '', #7533, #7534 );
#6026 = VERTEX_POINT( '', #7535 );
#6027 = LINE( '', #7536, #7537 );
#6028 = LINE( '', #7538, #7539 );
#6029 = FILL_AREA_STYLE_COLOUR( '', #7540 );
#6030 = B_SPLINE_CURVE_WITH_KNOTS( '', 3, ( #7541, #7542, #7543, #7544, #7545, #7546, #7547, #7548, #7549 ), .UNSPECIFIED., .F., .F., ( 4, 3, 2, 4 ), ( 0.409840806187226, 0.465242072542818, 0.502901973289724, 0.558495160106586 ), .UNSPECIFIED. );
#6031 = FILL_AREA_STYLE_COLOUR( '', #7550 );
#6032 = VERTEX_POINT( '', #7551 );
#6033 = VERTEX_POINT( '', #7552 );
#6034 = B_SPLINE_CURVE_WITH_KNOTS( '', 3, ( #7553, #7554, #7555, #7556, #7557, #7558, #7559, #7560, #7561, #7562, #7563, #7564, #7565, #7566, #7567, #7568, #7569, #7570 ), .UNSPECIFIED., .F., .F., ( 4, 2, 3, 3, 3, 3, 4 ), ( 0.245640314251374, 0.317563337196489, 0.348999890271838, 0.376335385920032, 0.402372375392432, 0.433633459013528, 0.550269344855437 ), .UNSPECIFIED. );
#6035 = LINE( '', #7571, #7572 );
#6036 = LINE( '', #7573, #7574 );
#6037 = FILL_AREA_STYLE_COLOUR( '', #7575 );
#6038 = VERTEX_POINT( '', #7576 );
#6039 = LINE( '', #7577, #7578 );
#6040 = LINE( '', #7579, #7580 );
#6041 = LINE( '', #7581, #7582 );
#6042 = FILL_AREA_STYLE_COLOUR( '', #7583 );
#6043 = VERTEX_POINT( '', #7584 );
#6044 = B_SPLINE_CURVE_WITH_KNOTS( '', 1, ( #7585, #7586 ), .UNSPECIFIED., .F., .F., ( 2, 2 ), ( 0.905318389752371, 0.971672493844612 ), .UNSPECIFIED. );
#6045 = B_SPLINE_CURVE_WITH_KNOTS( '', 1, ( #7587, #7588 ), .UNSPECIFIED., .F., .F., ( 2, 2 ), ( 0.877881759759685, 0.905318389752371 ), .UNSPECIFIED. );
#6046 = VERTEX_POINT( '', #7589 );
#6047 = B_SPLINE_CURVE_WITH_KNOTS( '', 1, ( #7590, #7591 ), .UNSPECIFIED., .F., .F., ( 2, 2 ), ( 0.740513905775974, 0.775615380794607 ), .UNSPECIFIED. );
#6048 = B_SPLINE_CURVE_WITH_KNOTS( '', 1, ( #7592, #7593 ), .UNSPECIFIED., .F., .F., ( 2, 2 ), ( 0.613611110426539, 0.740513905775974 ), .UNSPECIFIED. );
#6049 = VERTEX_POINT( '', #7594 );
#6050 = B_SPLINE_CURVE_WITH_KNOTS( '', 1, ( #7595, #7596 ), .UNSPECIFIED., .F., .F., ( 2, 2 ), ( 0.486950552238425, 0.523899473310671 ), .UNSPECIFIED. );
#6051 = B_SPLINE_CURVE_WITH_KNOTS( '', 1, ( #7597, #7598 ), .UNSPECIFIED., .F., .F., ( 2, 2 ), ( 0.391042748014596, 0.486950552238425 ), .UNSPECIFIED. );
#6052 = VERTEX_POINT( '', #7599 );
#6053 = B_SPLINE_CURVE_WITH_KNOTS( '', 1, ( #7600, #7601 ), .UNSPECIFIED., .F., .F., ( 2, 2 ), ( 0.231238664377136, 0.259566170532524 ), .UNSPECIFIED. );
#6054 = B_SPLINE_CURVE_WITH_KNOTS( '', 1, ( #7602, #7603 ), .UNSPECIFIED., .F., .F., ( 2, 2 ), ( 0.000000000000000, 0.231238664377136 ), .UNSPECIFIED. );
#6055 = FILL_AREA_STYLE_COLOUR( '', #7604 );
#6056 = VERTEX_POINT( '', #7605 );
#6057 = LINE( '', #7606, #7607 );
#6058 = CIRCLE( '', #7608, 0.250000000000000 );
#6059 = CIRCLE( '', #7609, 0.250000000000000 );
#6060 = CIRCLE( '', #7610, 0.250000000000000 );
#6061 = FILL_AREA_STYLE_COLOUR( '', #7611 );
#6062 = VERTEX_POINT( '', #7612 );
#6063 = VERTEX_POINT( '', #7613 );
#6064 = CIRCLE( '', #7614, 0.500000000000000 );
#6065 = LINE( '', #7615, #7616 );
#6066 = LINE( '', #7617, #7618 );
#6067 = FILL_AREA_STYLE_COLOUR( '', #7619 );
#6068 = B_SPLINE_CURVE_WITH_KNOTS( '', 3, ( #7620, #7621, #7622, #7623 ), .UNSPECIFIED., .F., .F., ( 4, 4 ), ( 0.751474905777646, 0.766066837949627 ), .UNSPECIFIED. );
#6069 = FILL_AREA_STYLE_COLOUR( '', #7624 );
#6070 = LINE( '', #7625, #7626 );
#6071 = LINE( '', #7627, #7628 );
#6072 = FILL_AREA_STYLE_COLOUR( '', #7629 );
#6073 = FILL_AREA_STYLE_COLOUR( '', #7630 );
#6074 = VERTEX_POINT( '', #7631 );
#6075 = B_SPLINE_CURVE_WITH_KNOTS( '', 3, ( #7632, #7633, #7634, #7635 ), .UNSPECIFIED., .F., .F., ( 4, 4 ), ( 0.967967528120303, 1.00000000000000 ), .UNSPECIFIED. );
#6076 = LINE( '', #7636, #7637 );
#6077 = FILL_AREA_STYLE_COLOUR( '', #7638 );
#6078 = B_SPLINE_CURVE_WITH_KNOTS( '', 3, ( #7639, #7640, #7641, #7642 ), .UNSPECIFIED., .F., .F., ( 4, 4 ), ( 0.947219656909034, 1.00000000000000 ), .UNSPECIFIED. );
#6079 = FILL_AREA_STYLE_COLOUR( '', #7643 );
#6080 = VERTEX_POINT( '', #7644 );
#6081 = VERTEX_POINT( '', #7645 );
#6082 = CIRCLE( '', #7646, 0.250000000000000 );
#6083 = VERTEX_POINT( '', #7647 );
#6084 = LINE( '', #7648, #7649 );
#6085 = VERTEX_POINT( '', #7650 );
#6086 = CIRCLE( '', #7651, 0.250000000000000 );
#6087 = LINE( '', #7652, #7653 );
#6088 = FILL_AREA_STYLE_COLOUR( '', #7654 );
#6089 = VERTEX_POINT( '', #7655 );
#6090 = B_SPLINE_CURVE_WITH_KNOTS( '', 1, ( #7656, #7657 ), .UNSPECIFIED., .F., .F., ( 2, 2 ), ( 0.767088607594937, 1.00000000000000 ), .UNSPECIFIED. );
#6091 = B_SPLINE_CURVE_WITH_KNOTS( '', 1, ( #7658, #7659 ), .UNSPECIFIED., .F., .F., ( 2, 2 ), ( 0.500000000000000, 0.767088607594937 ), .UNSPECIFIED. );
#6092 = FILL_AREA_STYLE_COLOUR( '', #7660 );
#6093 = FILL_AREA_STYLE_COLOUR( '', #7661 );
#6094 = CIRCLE( '', #7662, 0.250000000000000 );
#6095 = LINE( '', #7663, #7664 );
#6096 = FILL_AREA_STYLE_COLOUR( '', #7665 );
#6097 = LINE( '', #7666, #7667 );
#6098 = LINE( '', #7668, #7669 );
#6099 = FILL_AREA_STYLE_COLOUR( '', #7670 );
#6100 = VERTEX_POINT( '', #7671 );
#6101 = B_SPLINE_CURVE_WITH_KNOTS( '', 3, ( #7672, #7673, #7674, #7675 ), .UNSPECIFIED., .F., .F., ( 4, 4 ), ( 0.973259864798146, 1.00000000000000 ), .UNSPECIFIED. );
#6102 = VERTEX_POINT( '', #7676 );
#6103 = B_SPLINE_CURVE_WITH_KNOTS( '', 3, ( #7677, #7678, #7679, #7680, #7681, #7682, #7683, #7684, #7685, #7686, #7687, #7688, #7689, #7690, #7691 ), .UNSPECIFIED., .F., .F., ( 4, 2, 3, 3, 3, 4 ), ( 0.361874099558836, 0.365413816403879, 0.403339354029330, 0.445351932389542, 0.482793293465244, 0.518253236707345 ), .UNSPECIFIED. );
#6104 = B_SPLINE_CURVE_WITH_KNOTS( '', 3, ( #7692, #7693, #7694, #7695, #7696, #7697, #7698, #7699, #7700, #7701, #7702, #7703, #7704, #7705, #7706, #7707, #7708, #7709, #7710, #7711, #7712, #7713, #7714, #7715, #7716 ), .UNSPECIFIED., .F., .F., ( 4, 3, 2, 3, 2, 2, 3, 3, 3, 4 ), ( 0.000000000000000, 0.0435638216839924, 0.0792759739261161, 0.137980881721388, 0.185553075564697, 0.212958795930951, 0.240364516297205, 0.267788989284261, 0.299022718295815, 0.361874099558836 ), .UNSPECIFIED. );
#6105 = FILL_AREA_STYLE_COLOUR( '', #7717 );
#6106 = B_SPLINE_CURVE_WITH_KNOTS( '', 1, ( #7718, #7719 ), .UNSPECIFIED., .F., .F., ( 2, 2 ), ( 0.500000000000000, 0.927786499215071 ), .UNSPECIFIED. );
#6107 = FILL_AREA_STYLE_COLOUR( '', #7720 );
#6108 = VERTEX_POINT( '', #7721 );
#6109 = CIRCLE( '', #7722, 0.400000000000000 );
#6110 = LINE( '', #7723, #7724 );
#6111 = FILL_AREA_STYLE_COLOUR( '', #7725 );
#6112 = B_SPLINE_CURVE_WITH_KNOTS( '', 3, ( #7726, #7727, #7728, #7729 ), .UNSPECIFIED., .F., .F., ( 4, 4 ), ( 0.550269344855437, 0.582301816735135 ), .UNSPECIFIED. );
#6113 = FILL_AREA_STYLE_COLOUR( '', #7730 );
#6114 = LINE( '', #7731, #7732 );
#6115 = VERTEX_POINT( '', #7733 );
#6116 = LINE( '', #7734, #7735 );
#6117 = VERTEX_POINT( '', #7736 );
#6118 = LINE( '', #7737, #7738 );
#6119 = LINE( '', #7739, #7740 );
#6120 = FILL_AREA_STYLE_COLOUR( '', #7741 );
#6121 = LINE( '', #7742, #7743 );
#6122 = FILL_AREA_STYLE_COLOUR( '', #7744 );
#6123 = B_SPLINE_CURVE_WITH_KNOTS( '', 3, ( #7745, #7746, #7747, #7748 ), .UNSPECIFIED., .F., .F., ( 4, 4 ), ( 0.558850231379431, 0.580207515797439 ), .UNSPECIFIED. );
#6124 = B_SPLINE_CURVE_WITH_KNOTS( '', 3, ( #7749, #7750, #7751, #7752 ), .UNSPECIFIED., .F., .F., ( 4, 4 ), ( 0.558850231379431, 0.580207515797439 ), .UNSPECIFIED. );
#6125 = FILL_AREA_STYLE_COLOUR( '', #7753 );
#6126 = VERTEX_POINT( '', #7754 );
#6127 = B_SPLINE_CURVE_WITH_KNOTS( '', 3, ( #7755, #7756, #7757, #7758, #7759, #7760, #7761 ), .UNSPECIFIED., .F., .F., ( 4, 3, 4 ), ( 0.149069852529666, 0.242039240282829, 0.261468230552944 ), .UNSPECIFIED. );
#6128 = LINE( '', #7762, #7763 );
#6129 = FILL_AREA_STYLE_COLOUR( '', #7764 );
#6130 = VERTEX_POINT( '', #7765 );
#6131 = VERTEX_POINT( '', #7766 );
#6132 = CIRCLE( '', #7767, 0.500000000000000 );
#6133 = LINE( '', #7768, #7769 );
#6134 = LINE( '', #7770, #7771 );
#6135 = FILL_AREA_STYLE_COLOUR( '', #7772 );
#6136 = VERTEX_POINT( '', #7773 );
#6137 = B_SPLINE_CURVE_WITH_KNOTS( '', 3, ( #7774, #7775, #7776, #7777, #7778, #7779, #7780, #7781, #7782, #7783, #7784, #7785, #7786, #7787, #7788, #7789, #7790, #7791, #7792, #7793, #7794, #7795 ), .UNSPECIFIED., .T., .F., ( 4, 2, 2, 3, 2, 3, 3, 3, 4 ), ( 0.000000000000000, 0.119629600204718, 0.239259200409437, 0.360296207675392, 0.506488056325201, 0.646414540032877, 0.754586018311960, 0.860643409138521, 1.00000000000000 ), .UNSPECIFIED. );
#6138 = FILL_AREA_STYLE_COLOUR( '', #7796 );
#6139 = VERTEX_POINT( '', #7797 );
#6140 = B_SPLINE_CURVE_WITH_KNOTS( '', 1, ( #7798, #7799 ), .UNSPECIFIED., .F., .F., ( 2, 2 ), ( 0.905318389752371, 0.971672493844612 ), .UNSPECIFIED. );
#6141 = LINE( '', #7800, #7801 );
#6142 = FILL_AREA_STYLE_COLOUR( '', #7802 );
#6143 = B_SPLINE_CURVE_WITH_KNOTS( '', 3, ( #7803, #7804, #7805, #7806 ), .UNSPECIFIED., .F., .F., ( 4, 4 ), ( 0.536492445906294, 0.640874506159270 ), .UNSPECIFIED. );
#6144 = FILL_AREA_STYLE_COLOUR( '', #7807 );
#6145 = FILL_AREA_STYLE_COLOUR( '', #7808 );
#6146 = VERTEX_POINT( '', #7809 );
#6147 = B_SPLINE_CURVE_WITH_KNOTS( '', 1, ( #7810, #7811 ), .UNSPECIFIED., .F., .F., ( 2, 2 ), ( 0.231238664377136, 0.259566170532524 ), .UNSPECIFIED. );
#6148 = LINE( '', #7812, #7813 );
#6149 = FILL_AREA_STYLE_COLOUR( '', #7814 );
#6150 = LINE( '', #7815, #7816 );
#6151 = LINE( '', #7817, #7818 );
#6152 = FILL_AREA_STYLE_COLOUR( '', #7819 );
#6153 = LINE( '', #7820, #7821 );
#6154 = FILL_AREA_STYLE_COLOUR( '', #7822 );
#6155 = VERTEX_POINT( '', #7823 );
#6156 = B_SPLINE_CURVE_WITH_KNOTS( '', 1, ( #7824, #7825 ), .UNSPECIFIED., .F., .F., ( 2, 2 ), ( 0.486950552238425, 0.523899473310671 ), .UNSPECIFIED. );
#6157 = LINE( '', #7826, #7827 );
#6158 = FILL_AREA_STYLE_COLOUR( '', #7828 );
#6159 = FILL_AREA_STYLE_COLOUR( '', #7829 );
#6160 = FILL_AREA_STYLE_COLOUR( '', #7830 );
#6161 = FILL_AREA_STYLE_COLOUR( '', #7831 );
#6162 = LINE( '', #7832, #7833 );
#6163 = FILL_AREA_STYLE_COLOUR( '', #7834 );
#6164 = VERTEX_POINT( '', #7835 );
#6165 = LINE( '', #7836, #7837 );
#6166 = LINE( '', #7838, #7839 );
#6167 = FILL_AREA_STYLE_COLOUR( '', #7840 );
#6168 = LINE( '', #7841, #7842 );
#6169 = FILL_AREA_STYLE_COLOUR( '', #7843 );
#6170 = VERTEX_POINT( '', #7844 );
#6171 = B_SPLINE_CURVE_WITH_KNOTS( '', 1, ( #7845, #7846 ), .UNSPECIFIED., .F., .F., ( 2, 2 ), ( 0.613611110426539, 0.740513905775974 ), .UNSPECIFIED. );
#6172 = LINE( '', #7847, #7848 );
#6173 = FILL_AREA_STYLE_COLOUR( '', #7849 );
#6174 = B_SPLINE_CURVE_WITH_KNOTS( '', 3, ( #7850, #7851, #7852, #7853 ), .UNSPECIFIED., .F., .F., ( 4, 4 ), ( 0.000000000000000, 0.124528875694971 ), .UNSPECIFIED. );
#6175 = FILL_AREA_STYLE_COLOUR( '', #7854 );
#6176 = LINE( '', #7855, #7856 );
#6177 = FILL_AREA_STYLE_COLOUR( '', #7857 );
#6178 = B_SPLINE_CURVE_WITH_KNOTS( '', 1, ( #7858, #7859 ), .UNSPECIFIED., .F., .F., ( 2, 2 ), ( 0.000000000000000, 0.231238664377136 ), .UNSPECIFIED. );
#6179 = FILL_AREA_STYLE_COLOUR( '', #7860 );
#6180 = VERTEX_POINT( '', #7861 );
#6181 = VERTEX_POINT( '', #7862 );
#6182 = B_SPLINE_CURVE_WITH_KNOTS( '', 3, ( #7863, #7864, #7865, #7866, #7867, #7868, #7869, #7870, #7871, #7872, #7873, #7874, #7875, #7876, #7877, #7878, #7879, #7880, #7881, #7882, #7883, #7884, #7885, #7886, #7887 ), .UNSPECIFIED., .F., .F., ( 4, 3, 2, 3, 2, 2, 3, 3, 3, 4 ), ( 0.000000000000000, 0.0435638216839924, 0.0792759739261161, 0.137980881721388, 0.185553075564697, 0.212958795930951, 0.240364516297205, 0.267788989284261, 0.299022718295815, 0.361874099558836 ), .UNSPECIFIED. );
#6183 = LINE( '', #7888, #7889 );
#6184 = LINE( '', #7890, #7891 );
#6185 = FILL_AREA_STYLE_COLOUR( '', #7892 );
#6186 = VERTEX_POINT( '', #7893 );
#6187 = B_SPLINE_CURVE_WITH_KNOTS( '', 3, ( #7894, #7895, #7896, #7897 ), .UNSPECIFIED., .F., .F., ( 4, 4 ), ( 0.218656438483151, 0.245640314251374 ), .UNSPECIFIED. );
#6188 = LINE( '', #7898, #7899 );
#6189 = FILL_AREA_STYLE_COLOUR( '', #7900 );
#6190 = VERTEX_POINT( '', #7901 );
#6191 = B_SPLINE_CURVE_WITH_KNOTS( '', 3, ( #7902, #7903, #7904, #7905 ), .UNSPECIFIED., .F., .F., ( 4, 4 ), ( 0.189757577982990, 0.218656438483151 ), .UNSPECIFIED. );
#6192 = LINE( '', #7906, #7907 );
#6193 = FILL_AREA_STYLE_COLOUR( '', #7908 );
#6194 = B_SPLINE_CURVE_WITH_KNOTS( '', 1, ( #7909, #7910 ), .UNSPECIFIED., .F., .F., ( 2, 2 ), ( 0.391042748014596, 0.486950552238425 ), .UNSPECIFIED. );
#6195 = FILL_AREA_STYLE_COLOUR( '', #7911 );
#6196 = B_SPLINE_CURVE_WITH_KNOTS( '', 1, ( #7912, #7913 ), .UNSPECIFIED., .F., .F., ( 2, 2 ), ( 0.877881759759685, 0.905318389752371 ), .UNSPECIFIED. );
#6197 = FILL_AREA_STYLE_COLOUR( '', #7914 );
#6198 = FILL_AREA_STYLE_COLOUR( '', #7915 );
#6199 = VERTEX_POINT( '', #7916 );
#6200 = B_SPLINE_CURVE_WITH_KNOTS( '', 1, ( #7917, #7918 ), .UNSPECIFIED., .F., .F., ( 2, 2 ), ( 0.767088607594937, 1.00000000000000 ), .UNSPECIFIED. );
#6201 = LINE( '', #7919, #7920 );
#6202 = FILL_AREA_STYLE_COLOUR( '', #7921 );
#6203 = FILL_AREA_STYLE_COLOUR( '', #7922 );
#6204 = FILL_AREA_STYLE_COLOUR( '', #7923 );
#6205 = FILL_AREA_STYLE_COLOUR( '', #7924 );
#6206 = B_SPLINE_CURVE_WITH_KNOTS( '', 3, ( #7925, #7926, #7927, #7928 ), .UNSPECIFIED., .F., .F., ( 4, 4 ), ( 0.000000000000000, 0.189757577982990 ), .UNSPECIFIED. );
#6207 = B_SPLINE_CURVE_WITH_KNOTS( '', 1, ( #7929, #7930 ), .UNSPECIFIED., .F., .F., ( 2, 2 ), ( 0.500000000000000, 0.767088607594937 ), .UNSPECIFIED. );
#6208 = VERTEX_POINT( '', #7931 );
#6209 = B_SPLINE_CURVE_WITH_KNOTS( '', 3, ( #7932, #7933, #7934, #7935, #7936, #7937, #7938 ), .UNSPECIFIED., .F., .F., ( 4, 3, 4 ), ( 0.261468230552944, 0.282521875201089, 0.374240109198532 ), .UNSPECIFIED. );
#6210 = B_SPLINE_CURVE_WITH_KNOTS( '', 3, ( #7939, #7940, #7941, #7942 ), .UNSPECIFIED., .F., .F., ( 4, 4 ), ( 0.374240109198532, 0.396128007456503 ), .UNSPECIFIED. );
#6211 = B_SPLINE_CURVE_WITH_KNOTS( '', 3, ( #7943, #7944, #7945, #7946 ), .UNSPECIFIED., .F., .F., ( 4, 4 ), ( 0.973259864798146, 1.00000000000000 ), .UNSPECIFIED. );
#6212 = B_SPLINE_CURVE_WITH_KNOTS( '', 3, ( #7947, #7948, #7949, #7950, #7951, #7952, #7953, #7954, #7955, #7956, #7957, #7958, #7959, #7960, #7961 ), .UNSPECIFIED., .F., .F., ( 4, 2, 3, 3, 3, 4 ), ( 0.361874099558836, 0.365413816403879, 0.403339354029330, 0.445351932389542, 0.482793293465244, 0.518253236707345 ), .UNSPECIFIED. );
#6213 = B_SPLINE_CURVE_WITH_KNOTS( '', 1, ( #7962, #7963 ), .UNSPECIFIED., .F., .F., ( 2, 2 ), ( 0.740513905775974, 0.775615380794607 ), .UNSPECIFIED. );
#6214 = FILL_AREA_STYLE_COLOUR( '', #7964 );
#6215 = FILL_AREA_STYLE_COLOUR( '', #7965 );
#6216 = LINE( '', #7966, #7967 );
#6217 = FILL_AREA_STYLE_COLOUR( '', #7968 );
#6218 = LINE( '', #7969, #7970 );
#6219 = FILL_AREA_STYLE_COLOUR( '', #7971 );
#6220 = FILL_AREA_STYLE_COLOUR( '', #7972 );
#6221 = FILL_AREA_STYLE_COLOUR( '', #7973 );
#6222 = FILL_AREA_STYLE_COLOUR( '', #7974 );
#6223 = LINE( '', #7975, #7976 );
#6224 = FILL_AREA_STYLE_COLOUR( '', #7977 );
#6225 = LINE( '', #7978, #7979 );
#6226 = FILL_AREA_STYLE_COLOUR( '', #7980 );
#6227 = FILL_AREA_STYLE_COLOUR( '', #7981 );
#6228 = FILL_AREA_STYLE_COLOUR( '', #7982 );
#6229 = FILL_AREA_STYLE_COLOUR( '', #7983 );
#6230 = FILL_AREA_STYLE_COLOUR( '', #7984 );
#6231 = FILL_AREA_STYLE_COLOUR( '', #7985 );
#6232 = FILL_AREA_STYLE_COLOUR( '', #7986 );
#6233 = FILL_AREA_STYLE_COLOUR( '', #7987 );
#6234 = VERTEX_POINT( '', #7988 );
#6235 = CIRCLE( '', #7989, 0.400000000000000 );
#6236 = FILL_AREA_STYLE_COLOUR( '', #7990 );
#6237 = FILL_AREA_STYLE_COLOUR( '', #7991 );
#6238 = COLOUR_RGB( '', 0.200000002980232, 0.200000002980232, 0.200000002980232 );
#6239 = CARTESIAN_POINT( '', ( 1.45000000000000, 1.25000000000000, 0.800000000000000 ) );
#6240 = CARTESIAN_POINT( '', ( 1.45000000000000, 1.25000000000000, 0.000000000000000 ) );
#6241 = CARTESIAN_POINT( '', ( 1.45000000000000, 1.25000000000000, 1.00000000000000 ) );
#6242 = VECTOR( '', #7992, 1000.00000000000 );
#6243 = CARTESIAN_POINT( '', ( 1.45000000000000, 1.05000000000000, 1.00000000000000 ) );
#6244 = CARTESIAN_POINT( '', ( 1.45000000000000, 1.05000000000000, 1.00000000000000 ) );
#6245 = VECTOR( '', #7993, 1000.00000000000 );
#6246 = CARTESIAN_POINT( '', ( 1.45000000000000, -1.05000000000000, 1.00000000000000 ) );
#6247 = CARTESIAN_POINT( '', ( 1.45000000000000, -1.25000000000000, 1.00000000000000 ) );
#6248 = VECTOR( '', #7994, 1000.00000000000 );
#6249 = CARTESIAN_POINT( '', ( 1.45000000000000, -1.25000000000000, 0.800000000000000 ) );
#6250 = CARTESIAN_POINT( '', ( 1.45000000000000, -1.05000000000000, 1.00000000000000 ) );
#6251 = VECTOR( '', #7995, 1000.00000000000 );
#6252 = CARTESIAN_POINT( '', ( 1.45000000000000, -1.25000000000000, 0.000000000000000 ) );
#6253 = CARTESIAN_POINT( '', ( 1.45000000000000, -1.25000000000000, 1.00000000000000 ) );
#6254 = VECTOR( '', #7996, 1000.00000000000 );
#6255 = CARTESIAN_POINT( '', ( 1.45000000000000, -1.25000000000000, 0.000000000000000 ) );
#6256 = VECTOR( '', #7997, 1000.00000000000 );
#6257 = COLOUR_RGB( '', 0.200000002980232, 0.200000002980232, 0.200000002980232 );
#6258 = CARTESIAN_POINT( '', ( -1.45000000000000, 1.25000000000000, 0.800000000000000 ) );
#6259 = CARTESIAN_POINT( '', ( -1.45000000000000, 1.25000000000000, 0.000000000000000 ) );
#6260 = CARTESIAN_POINT( '', ( -1.45000000000000, 1.25000000000000, 1.00000000000000 ) );
#6261 = VECTOR( '', #7998, 1000.00000000000 );
#6262 = CARTESIAN_POINT( '', ( 1.45000000000000, 1.25000000000000, 0.800000000000000 ) );
#6263 = VECTOR( '', #7999, 1000.00000000000 );
#6264 = CARTESIAN_POINT( '', ( 1.45000000000000, 1.25000000000000, 0.000000000000000 ) );
#6265 = VECTOR( '', #8000, 1000.00000000000 );
#6266 = COLOUR_RGB( '', 0.899999976158142, 0.899999976158142, 0.899999976158142 );
#6267 = CARTESIAN_POINT( '', ( -0.0540192926045009, 0.114308681672025, 1.00000000000000 ) );
#6268 = CARTESIAN_POINT( '', ( -0.162700964630224, -0.170578778135049, 1.00000000000000 ) );
#6269 = CARTESIAN_POINT( '', ( -0.0540192926045009, 0.114308681672025, 1.00000000000000 ) );
#6270 = CARTESIAN_POINT( '', ( -0.0681672025723467, 0.122347266881028, 1.00000000000000 ) );
#6271 = CARTESIAN_POINT( '', ( -0.0826366559485524, 0.126527331189710, 1.00000000000000 ) );
#6272 = CARTESIAN_POINT( '', ( -0.109324758842443, 0.126527331189710, 1.00000000000000 ) );
#6273 = CARTESIAN_POINT( '', ( -0.120900321543408, 0.122668810289388, 1.00000000000000 ) );
#6274 = CARTESIAN_POINT( '', ( -0.130868167202572, 0.114630225080385, 1.00000000000000 ) );
#6275 = CARTESIAN_POINT( '', ( -0.140873722240018, 0.106561229082445, 1.00000000000000 ) );
#6276 = CARTESIAN_POINT( '', ( -0.148231511254018, 0.0959807073954977, 1.00000000000000 ) );
#6277 = CARTESIAN_POINT( '', ( -0.152733118971061, 0.0821543408360121, 1.00000000000000 ) );
#6278 = CARTESIAN_POINT( '', ( -0.159596694942570, 0.0610733574949485, 1.00000000000000 ) );
#6279 = CARTESIAN_POINT( '', ( -0.162700964630224, 0.0377813504823143, 1.00000000000000 ) );
#6280 = CARTESIAN_POINT( '', ( -0.162700964630224, 0.0127009646302241, 1.00000000000000 ) );
#6281 = CARTESIAN_POINT( '', ( -0.162700964630224, -0.0483922829581999, 1.00000000000000 ) );
#6282 = CARTESIAN_POINT( '', ( -0.162700964630224, -0.109485530546625, 1.00000000000000 ) );
#6283 = CARTESIAN_POINT( '', ( -0.162700964630224, -0.170578778135049, 1.00000000000000 ) );
#6284 = CARTESIAN_POINT( '', ( -0.0540192926045009, 0.114308681672025, 0.990000000000000 ) );
#6285 = CARTESIAN_POINT( '', ( -0.0540192926045009, 0.114308681672025, 0.990000000000000 ) );
#6286 = VECTOR( '', #8001, 1000.00000000000 );
#6287 = CARTESIAN_POINT( '', ( -0.162700964630224, -0.170578778135049, 0.990000000000000 ) );
#6288 = CARTESIAN_POINT( '', ( -0.0540192926045009, 0.114308681672025, 0.990000000000000 ) );
#6289 = CARTESIAN_POINT( '', ( -0.0681672025723467, 0.122347266881028, 0.990000000000000 ) );
#6290 = CARTESIAN_POINT( '', ( -0.0826366559485524, 0.126527331189710, 0.990000000000000 ) );
#6291 = CARTESIAN_POINT( '', ( -0.109324758842443, 0.126527331189710, 0.990000000000000 ) );
#6292 = CARTESIAN_POINT( '', ( -0.120900321543408, 0.122668810289388, 0.990000000000000 ) );
#6293 = CARTESIAN_POINT( '', ( -0.130868167202572, 0.114630225080385, 0.990000000000000 ) );
#6294 = CARTESIAN_POINT( '', ( -0.140873722240018, 0.106561229082445, 0.990000000000000 ) );
#6295 = CARTESIAN_POINT( '', ( -0.148231511254018, 0.0959807073954977, 0.990000000000000 ) );
#6296 = CARTESIAN_POINT( '', ( -0.152733118971061, 0.0821543408360121, 0.990000000000000 ) );
#6297 = CARTESIAN_POINT( '', ( -0.159596694942570, 0.0610733574949485, 0.990000000000000 ) );
#6298 = CARTESIAN_POINT( '', ( -0.162700964630224, 0.0377813504823143, 0.990000000000000 ) );
#6299 = CARTESIAN_POINT( '', ( -0.162700964630224, 0.0127009646302241, 0.990000000000000 ) );
#6300 = CARTESIAN_POINT( '', ( -0.162700964630224, -0.0483922829581999, 0.990000000000000 ) );
#6301 = CARTESIAN_POINT( '', ( -0.162700964630224, -0.109485530546625, 0.990000000000000 ) );
#6302 = CARTESIAN_POINT( '', ( -0.162700964630224, -0.170578778135049, 0.990000000000000 ) );
#6303 = CARTESIAN_POINT( '', ( -0.162700964630224, -0.170578778135049, 0.990000000000000 ) );
#6304 = VECTOR( '', #8002, 1000.00000000000 );
#6305 = COLOUR_RGB( '', 0.899999976158142, 0.899999976158142, 0.899999976158142 );
#6306 = CARTESIAN_POINT( '', ( 0.281028938906754, 0.179903536977491, 1.00000000000000 ) );
#6307 = CARTESIAN_POINT( '', ( 0.146623794212219, 0.0493569131832790, 1.00000000000000 ) );
#6308 = CARTESIAN_POINT( '', ( 0.281028938906754, 0.179903536977491, 1.00000000000000 ) );
#6309 = CARTESIAN_POINT( '', ( 0.146623794212219, 0.0493569131832790, 1.00000000000000 ) );
#6310 = CARTESIAN_POINT( '', ( 0.281028938906754, 0.179903536977491, 0.990000000000000 ) );
#6311 = CARTESIAN_POINT( '', ( 0.281028938906754, 0.179903536977491, 0.990000000000000 ) );
#6312 = VECTOR( '', #8003, 1000.00000000000 );
#6313 = CARTESIAN_POINT( '', ( 0.146623794212219, 0.0493569131832790, 0.990000000000000 ) );
#6314 = CARTESIAN_POINT( '', ( 0.281028938906754, 0.179903536977491, 0.990000000000000 ) );
#6315 = CARTESIAN_POINT( '', ( 0.146623794212219, 0.0493569131832790, 0.990000000000000 ) );
#6316 = CARTESIAN_POINT( '', ( 0.146623794212219, 0.0493569131832790, 0.990000000000000 ) );
#6317 = VECTOR( '', #8004, 1000.00000000000 );
#6318 = COLOUR_RGB( '', 0.200000002980232, 0.200000002980232, 0.200000002980232 );
#6319 = CARTESIAN_POINT( '', ( 0.450000000000000, 1.25000000000000, 0.000000000000000 ) );
#6320 = CARTESIAN_POINT( '', ( 0.450000000000000, -1.25000000000000, 0.000000000000000 ) );
#6321 = CARTESIAN_POINT( '', ( 0.450000000000000, 1.25000000000000, 0.000000000000000 ) );
#6322 = VECTOR( '', #8005, 1000.00000000000 );
#6323 = CARTESIAN_POINT( '', ( 1.45000000000000, 1.25000000000000, 0.000000000000000 ) );
#6324 = CARTESIAN_POINT( '', ( 1.45000000000000, 1.25000000000000, 0.000000000000000 ) );
#6325 = VECTOR( '', #8006, 1000.00000000000 );
#6326 = CARTESIAN_POINT( '', ( 1.45000000000000, -1.25000000000000, 0.000000000000000 ) );
#6327 = CARTESIAN_POINT( '', ( 1.45000000000000, -1.25000000000000, 0.000000000000000 ) );
#6328 = VECTOR( '', #8007, 1000.00000000000 );
#6329 = CARTESIAN_POINT( '', ( -1.45000000000000, -1.25000000000000, 0.000000000000000 ) );
#6330 = VECTOR( '', #8008, 1000.00000000000 );
#6331 = COLOUR_RGB( '', 0.200000002980232, 0.200000002980232, 0.200000002980232 );
#6332 = CARTESIAN_POINT( '', ( 0.950000000000000, -0.200000000000000, 0.850000000000000 ) );
#6333 = CARTESIAN_POINT( '', ( 0.950000000000000, -0.250000000000000, 1.00000000000000 ) );
#6334 = AXIS2_PLACEMENT_3D( '', #8009, #8010, #8011 );
#6335 = CARTESIAN_POINT( '', ( 0.950000000000000, -0.250000000000000, 0.850000000000000 ) );
#6336 = CARTESIAN_POINT( '', ( 0.950000000000000, -0.250000000000000, 0.850000000000000 ) );
#6337 = VECTOR( '', #8012, 1000.00000000000 );
#6338 = CARTESIAN_POINT( '', ( 0.950000000000000, -0.250000000000000, 0.850000000000000 ) );
#6339 = VECTOR( '', #8013, 1000.00000000000 );
#6340 = COLOUR_RGB( '', 0.752941191196442, 0.752941191196442, 0.752941191196442 );
#6341 = CARTESIAN_POINT( '', ( 1.60000000000000, -0.500000000000000, -1.20000000000000 ) );
#6342 = CARTESIAN_POINT( '', ( 1.60000000000000, 0.500000000000000, -1.20000000000000 ) );
#6343 = CARTESIAN_POINT( '', ( 1.60000000000000, -0.500000000000000, -1.20000000000000 ) );
#6344 = VECTOR( '', #8014, 1000.00000000000 );
#6345 = CARTESIAN_POINT( '', ( 1.00000000000000, -0.500000000000000, -1.20000000000000 ) );
#6346 = CARTESIAN_POINT( '', ( 1.00000000000000, -0.500000000000000, -1.20000000000000 ) );
#6347 = VECTOR( '', #8015, 1000.00000000000 );
#6348 = CARTESIAN_POINT( '', ( 1.00000000000000, 0.500000000000000, -1.20000000000000 ) );
#6349 = CARTESIAN_POINT( '', ( 1.00000000000000, -0.500000000000000, -1.20000000000000 ) );
#6350 = VECTOR( '', #8016, 1000.00000000000 );
#6351 = CARTESIAN_POINT( '', ( 1.00000000000000, 0.500000000000000, -1.20000000000000 ) );
#6352 = VECTOR( '', #8017, 1000.00000000000 );
#6353 = COLOUR_RGB( '', 0.899999976158142, 0.899999976158142, 0.899999976158142 );
#6354 = CARTESIAN_POINT( '', ( -0.221543408360128, -0.170578778135049, 1.00000000000000 ) );
#6355 = CARTESIAN_POINT( '', ( -0.221543408360128, 0.179903536977491, 1.00000000000000 ) );
#6356 = CARTESIAN_POINT( '', ( -0.221543408360128, -0.170578778135049, 1.00000000000000 ) );
#6357 = CARTESIAN_POINT( '', ( -0.221543408360128, -0.0537513397642023, 1.00000000000000 ) );
#6358 = CARTESIAN_POINT( '', ( -0.221543408360128, 0.0630760986066444, 1.00000000000000 ) );
#6359 = CARTESIAN_POINT( '', ( -0.221543408360128, 0.179903536977491, 1.00000000000000 ) );
#6360 = CARTESIAN_POINT( '', ( -0.221543408360128, -0.170578778135049, 0.990000000000000 ) );
#6361 = CARTESIAN_POINT( '', ( -0.221543408360128, -0.170578778135049, 0.990000000000000 ) );
#6362 = VECTOR( '', #8018, 1000.00000000000 );
#6363 = CARTESIAN_POINT( '', ( -0.221543408360128, 0.179903536977491, 0.990000000000000 ) );
#6364 = CARTESIAN_POINT( '', ( -0.221543408360128, -0.170578778135049, 0.990000000000000 ) );
#6365 = CARTESIAN_POINT( '', ( -0.221543408360128, -0.0537513397642023, 0.990000000000000 ) );
#6366 = CARTESIAN_POINT( '', ( -0.221543408360128, 0.0630760986066444, 0.990000000000000 ) );
#6367 = CARTESIAN_POINT( '', ( -0.221543408360128, 0.179903536977491, 0.990000000000000 ) );
#6368 = CARTESIAN_POINT( '', ( -0.221543408360128, 0.179903536977491, 0.990000000000000 ) );
#6369 = VECTOR( '', #8019, 1000.00000000000 );
#6370 = COLOUR_RGB( '', 0.200000002980232, 0.200000002980232, 0.200000002980232 );
#6371 = CARTESIAN_POINT( '', ( 0.450000000000000, 1.25000000000000, -0.200000000000000 ) );
#6372 = CARTESIAN_POINT( '', ( 0.450000000000000, 1.25000000000000, -0.200000000000000 ) );
#6373 = VECTOR( '', #8020, 1000.00000000000 );
#6374 = CARTESIAN_POINT( '', ( -0.450000000000000, 1.25000000000000, -0.200000000000000 ) );
#6375 = CARTESIAN_POINT( '', ( -0.450000000000000, 1.25000000000000, -0.200000000000000 ) );
#6376 = VECTOR( '', #8021, 1000.00000000000 );
#6377 = CARTESIAN_POINT( '', ( -0.450000000000000, 1.25000000000000, 0.000000000000000 ) );
#6378 = CARTESIAN_POINT( '', ( -0.450000000000000, 1.25000000000000, -0.200000000000000 ) );
#6379 = VECTOR( '', #8022, 1000.00000000000 );
#6380 = CARTESIAN_POINT( '', ( -1.45000000000000, 1.25000000000000, 0.000000000000000 ) );
#6381 = CARTESIAN_POINT( '', ( 1.45000000000000, 1.25000000000000, 0.000000000000000 ) );
#6382 = VECTOR( '', #8023, 1000.00000000000 );
#6383 = CARTESIAN_POINT( '', ( -1.45000000000000, 1.25000000000000, 1.00000000000000 ) );
#6384 = CARTESIAN_POINT( '', ( -1.45000000000000, 1.25000000000000, 1.00000000000000 ) );
#6385 = VECTOR( '', #8024, 1000.00000000000 );
#6386 = CARTESIAN_POINT( '', ( 1.45000000000000, 1.25000000000000, 1.00000000000000 ) );
#6387 = CARTESIAN_POINT( '', ( 1.45000000000000, 1.25000000000000, 1.00000000000000 ) );
#6388 = VECTOR( '', #8025, 1000.00000000000 );
#6389 = CARTESIAN_POINT( '', ( 1.45000000000000, 1.25000000000000, 1.00000000000000 ) );
#6390 = VECTOR( '', #8026, 1000.00000000000 );
#6391 = COLOUR_RGB( '', 0.899999976158142, 0.899999976158142, 0.899999976158142 );
#6392 = CARTESIAN_POINT( '', ( 0.549839228295821, -0.170578778135049, 0.990000000000000 ) );
#6393 = CARTESIAN_POINT( '', ( 0.490675241157557, -0.170578778135049, 0.990000000000000 ) );
#6394 = CARTESIAN_POINT( '', ( 0.549839228295821, -0.170578778135049, 0.990000000000000 ) );
#6395 = CARTESIAN_POINT( '', ( 0.530117899249733, -0.170578778135048, 0.990000000000000 ) );
#6396 = CARTESIAN_POINT( '', ( 0.510396570203645, -0.170578778135049, 0.990000000000000 ) );
#6397 = CARTESIAN_POINT( '', ( 0.490675241157557, -0.170578778135049, 0.990000000000000 ) );
#6398 = CARTESIAN_POINT( '', ( 0.716398713826367, -0.170578778135049, 0.990000000000000 ) );
#6399 = CARTESIAN_POINT( '', ( 0.716398713826367, -0.170578778135049, 0.990000000000000 ) );
#6400 = CARTESIAN_POINT( '', ( 0.716398713826367, -0.0994105037513403, 0.990000000000000 ) );
#6401 = CARTESIAN_POINT( '', ( 0.716398713826367, -0.0282422293676317, 0.990000000000000 ) );
#6402 = CARTESIAN_POINT( '', ( 0.716398713826367, 0.0429260450160770, 0.990000000000000 ) );
#6403 = CARTESIAN_POINT( '', ( 0.716398713826367, 0.0670418006430865, 0.990000000000000 ) );
#6404 = CARTESIAN_POINT( '', ( 0.714147909967846, 0.0850482315112535, 0.990000000000000 ) );
#6405 = CARTESIAN_POINT( '', ( 0.709646302250805, 0.0972668810289385, 0.990000000000000 ) );
#6406 = CARTESIAN_POINT( '', ( 0.705210571719866, 0.109306721041486, 0.990000000000000 ) );
#6407 = CARTESIAN_POINT( '', ( 0.696784565916400, 0.118810289389067, 0.990000000000000 ) );
#6408 = CARTESIAN_POINT( '', ( 0.672990353697750, 0.132958199356913, 0.990000000000000 ) );
#6409 = CARTESIAN_POINT( '', ( 0.659163987138265, 0.136495176848874, 0.990000000000000 ) );
#6410 = CARTESIAN_POINT( '', ( 0.643086816720258, 0.136816720257234, 0.990000000000000 ) );
#6411 = CARTESIAN_POINT( '', ( 0.617701472465677, 0.137324427142326, 0.990000000000000 ) );
#6412 = CARTESIAN_POINT( '', ( 0.595819935691319, 0.128456591639871, 0.990000000000000 ) );
#6413 = CARTESIAN_POINT( '', ( 0.559163987138265, 0.0963022508038582, 0.990000000000000 ) );
#6414 = CARTESIAN_POINT( '', ( 0.549839228295821, 0.0657556270096458, 0.990000000000000 ) );
#6415 = CARTESIAN_POINT( '', ( 0.549839228295821, 0.0210610932475880, 0.990000000000000 ) );
#6416 = CARTESIAN_POINT( '', ( 0.549839228295821, -0.0428188638799576, 0.990000000000000 ) );
#6417 = CARTESIAN_POINT( '', ( 0.549839228295821, -0.106698821007503, 0.990000000000000 ) );
#6418 = CARTESIAN_POINT( '', ( 0.549839228295821, -0.170578778135049, 0.990000000000000 ) );
#6419 = CARTESIAN_POINT( '', ( 0.775562700964631, -0.170578778135048, 0.990000000000000 ) );
#6420 = CARTESIAN_POINT( '', ( 0.775562700964631, -0.170578778135048, 0.990000000000000 ) );
#6421 = CARTESIAN_POINT( '', ( 0.755841371918544, -0.170578778135048, 0.990000000000000 ) );
#6422 = CARTESIAN_POINT( '', ( 0.736120042872455, -0.170578778135049, 0.990000000000000 ) );
#6423 = CARTESIAN_POINT( '', ( 0.716398713826367, -0.170578778135049, 0.990000000000000 ) );
#6424 = CARTESIAN_POINT( '', ( 0.544051446945338, 0.130064308681672, 0.990000000000000 ) );
#6425 = CARTESIAN_POINT( '', ( 0.544051446945338, 0.130064308681672, 0.990000000000000 ) );
#6426 = CARTESIAN_POINT( '', ( 0.569774919614149, 0.168327974276527, 0.990000000000000 ) );
#6427 = CARTESIAN_POINT( '', ( 0.607073954983924, 0.187620578778134, 0.990000000000000 ) );
#6428 = CARTESIAN_POINT( '', ( 0.676848874598071, 0.187620578778134, 0.990000000000000 ) );
#6429 = CARTESIAN_POINT( '', ( 0.696141479099679, 0.183762057877813, 0.990000000000000 ) );
#6430 = CARTESIAN_POINT( '', ( 0.713826366559486, 0.176366559485530, 0.990000000000000 ) );
#6431 = CARTESIAN_POINT( '', ( 0.731625703206568, 0.168923200524023, 0.990000000000000 ) );
#6432 = CARTESIAN_POINT( '', ( 0.745016077170419, 0.158681672025723, 0.990000000000000 ) );
#6433 = CARTESIAN_POINT( '', ( 0.753697749196142, 0.146463022508038, 0.990000000000000 ) );
#6434 = CARTESIAN_POINT( '', ( 0.762531240613020, 0.134030701254655, 0.990000000000000 ) );
#6435 = CARTESIAN_POINT( '', ( 0.768810289389069, 0.119453376205787, 0.990000000000000 ) );
#6436 = CARTESIAN_POINT( '', ( 0.772025723472670, 0.102411575562700, 0.990000000000000 ) );
#6437 = CARTESIAN_POINT( '', ( 0.774094919967857, 0.0914448341382047, 0.990000000000000 ) );
#6438 = CARTESIAN_POINT( '', ( 0.775562700964631, 0.0721864951768484, 0.990000000000000 ) );
#6439 = CARTESIAN_POINT( '', ( 0.775562700964631, 0.0448553054662374, 0.990000000000000 ) );
#6440 = CARTESIAN_POINT( '', ( 0.775562700964631, -0.0269560557341914, 0.990000000000000 ) );
#6441 = CARTESIAN_POINT( '', ( 0.775562700964631, -0.0987674169346202, 0.990000000000000 ) );
#6442 = CARTESIAN_POINT( '', ( 0.775562700964631, -0.170578778135048, 0.990000000000000 ) );
#6443 = CARTESIAN_POINT( '', ( 0.544051446945338, 0.179903536977492, 0.990000000000000 ) );
#6444 = CARTESIAN_POINT( '', ( 0.544051446945338, 0.179903536977492, 0.990000000000000 ) );
#6445 = CARTESIAN_POINT( '', ( 0.544051446945338, 0.163290460878884, 0.990000000000000 ) );
#6446 = CARTESIAN_POINT( '', ( 0.544051446945338, 0.146677384780278, 0.990000000000000 ) );
#6447 = CARTESIAN_POINT( '', ( 0.544051446945338, 0.130064308681672, 0.990000000000000 ) );
#6448 = CARTESIAN_POINT( '', ( 0.490675241157558, 0.179903536977492, 0.990000000000000 ) );
#6449 = CARTESIAN_POINT( '', ( 0.490675241157558, 0.179903536977492, 0.990000000000000 ) );
#6450 = CARTESIAN_POINT( '', ( 0.508467309753484, 0.179903536977492, 0.990000000000000 ) );
#6451 = CARTESIAN_POINT( '', ( 0.526259378349411, 0.179903536977492, 0.990000000000000 ) );
#6452 = CARTESIAN_POINT( '', ( 0.544051446945338, 0.179903536977492, 0.990000000000000 ) );
#6453 = CARTESIAN_POINT( '', ( 0.490675241157557, -0.170578778135049, 0.990000000000000 ) );
#6454 = CARTESIAN_POINT( '', ( 0.490675241157557, -0.0537513397642022, 0.990000000000000 ) );
#6455 = CARTESIAN_POINT( '', ( 0.490675241157557, 0.0630760986066449, 0.990000000000000 ) );
#6456 = CARTESIAN_POINT( '', ( 0.490675241157558, 0.179903536977492, 0.990000000000000 ) );
#6457 = COLOUR_RGB( '', 0.899999976158142, 0.899999976158142, 0.899999976158142 );
#6458 = CARTESIAN_POINT( '', ( 0.0627009646302260, -0.170578778135049, 1.00000000000000 ) );
#6459 = CARTESIAN_POINT( '', ( 0.00353697749196220, -0.170578778135049, 1.00000000000000 ) );
#6460 = CARTESIAN_POINT( '', ( 0.0627009646302258, -0.170578778135049, 1.00000000000000 ) );
#6461 = CARTESIAN_POINT( '', ( 0.00353697749196220, -0.170578778135049, 1.00000000000000 ) );
#6462 = CARTESIAN_POINT( '', ( 0.0627009646302258, -0.170578778135049, 0.990000000000000 ) );
#6463 = CARTESIAN_POINT( '', ( 0.0627009646302258, -0.170578778135049, 0.990000000000000 ) );
#6464 = VECTOR( '', #8027, 1000.00000000000 );
#6465 = CARTESIAN_POINT( '', ( 0.00353697749196220, -0.170578778135049, 0.990000000000000 ) );
#6466 = CARTESIAN_POINT( '', ( 0.0627009646302258, -0.170578778135049, 0.990000000000000 ) );
#6467 = CARTESIAN_POINT( '', ( 0.00353697749196220, -0.170578778135049, 0.990000000000000 ) );
#6468 = CARTESIAN_POINT( '', ( 0.00353697749196220, -0.170578778135049, 0.990000000000000 ) );
#6469 = VECTOR( '', #8028, 1000.00000000000 );
#6470 = COLOUR_RGB( '', 0.899999976158142, 0.899999976158142, 0.899999976158142 );
#6471 = CARTESIAN_POINT( '', ( -0.606109324758842, 0.0799035369774911, 1.00000000000000 ) );
#6472 = CARTESIAN_POINT( '', ( -0.294212218649517, -0.170578778135049, 1.00000000000000 ) );
#6473 = CARTESIAN_POINT( '', ( -0.606109324758842, 0.0799035369774911, 1.00000000000000 ) );
#6474 = CARTESIAN_POINT( '', ( -0.600964630225080, 0.104662379421221, 1.00000000000000 ) );
#6475 = CARTESIAN_POINT( '', ( -0.592282958199356, 0.124598070739549, 1.00000000000000 ) );
#6476 = CARTESIAN_POINT( '', ( -0.580064308681672, 0.140032154340835, 1.00000000000000 ) );
#6477 = CARTESIAN_POINT( '', ( -0.568002141334971, 0.155268576252457, 1.00000000000000 ) );
#6478 = CARTESIAN_POINT( '', ( -0.550482315112540, 0.167041800643085, 1.00000000000000 ) );
#6479 = CARTESIAN_POINT( '', ( -0.527652733118971, 0.175401929260450, 1.00000000000000 ) );
#6480 = CARTESIAN_POINT( '', ( -0.504643453523563, 0.183827862633415, 1.00000000000000 ) );
#6481 = CARTESIAN_POINT( '', ( -0.478135048231511, 0.187620578778134, 1.00000000000000 ) );
#6482 = CARTESIAN_POINT( '', ( -0.418006430868167, 0.187620578778134, 1.00000000000000 ) );
#6483 = CARTESIAN_POINT( '', ( -0.393890675241157, 0.184083601286173, 1.00000000000000 ) );
#6484 = CARTESIAN_POINT( '', ( -0.374919614147910, 0.177009646302250, 1.00000000000000 ) );
#6485 = CARTESIAN_POINT( '', ( -0.356230846271433, 0.170040953195768, 1.00000000000000 ) );
#6486 = CARTESIAN_POINT( '', ( -0.342443729903537, 0.161254019292604, 1.00000000000000 ) );
#6487 = CARTESIAN_POINT( '', ( -0.325080385852089, 0.140032154340835, 1.00000000000000 ) );
#6488 = CARTESIAN_POINT( '', ( -0.318971061093247, 0.126527331189710, 1.00000000000000 ) );
#6489 = CARTESIAN_POINT( '', ( -0.315434083601286, 0.110450160771703, 1.00000000000000 ) );
#6490 = CARTESIAN_POINT( '', ( -0.313171011776021, 0.100163470656863, 1.00000000000000 ) );
#6491 = CARTESIAN_POINT( '', ( -0.312218649517685, 0.0818327974276519, 1.00000000000000 ) );
#6492 = CARTESIAN_POINT( '', ( -0.312218649517685, 0.0554662379421215, 1.00000000000000 ) );
#6493 = CARTESIAN_POINT( '', ( -0.312218649517685, 0.0289924973204708, 1.00000000000000 ) );
#6494 = CARTESIAN_POINT( '', ( -0.312218649517685, 0.00251875669882038, 1.00000000000000 ) );
#6495 = CARTESIAN_POINT( '', ( -0.312218649517685, -0.0239549839228304, 1.00000000000000 ) );
#6496 = CARTESIAN_POINT( '', ( -0.312218649517685, -0.0792604501607726, 1.00000000000000 ) );
#6497 = CARTESIAN_POINT( '', ( -0.310932475884244, -0.113987138263667, 1.00000000000000 ) );
#6498 = CARTESIAN_POINT( '', ( -0.308681672025723, -0.128778135048232, 1.00000000000000 ) );
#6499 = CARTESIAN_POINT( '', ( -0.306471413825623, -0.143302688934601, 1.00000000000000 ) );
#6500 = CARTESIAN_POINT( '', ( -0.301286173633440, -0.157395498392284, 1.00000000000000 ) );
#6501 = CARTESIAN_POINT( '', ( -0.294212218649517, -0.170578778135049, 1.00000000000000 ) );
#6502 = CARTESIAN_POINT( '', ( -0.606109324758842, 0.0799035369774911, 0.990000000000000 ) );
#6503 = CARTESIAN_POINT( '', ( -0.606109324758842, 0.0799035369774911, 0.990000000000000 ) );
#6504 = VECTOR( '', #8029, 1000.00000000000 );
#6505 = CARTESIAN_POINT( '', ( -0.294212218649517, -0.170578778135049, 0.990000000000000 ) );
#6506 = CARTESIAN_POINT( '', ( -0.606109324758842, 0.0799035369774911, 0.990000000000000 ) );
#6507 = CARTESIAN_POINT( '', ( -0.600964630225080, 0.104662379421221, 0.990000000000000 ) );
#6508 = CARTESIAN_POINT( '', ( -0.592282958199356, 0.124598070739549, 0.990000000000000 ) );
#6509 = CARTESIAN_POINT( '', ( -0.580064308681672, 0.140032154340835, 0.990000000000000 ) );
#6510 = CARTESIAN_POINT( '', ( -0.568002141334971, 0.155268576252457, 0.990000000000000 ) );
#6511 = CARTESIAN_POINT( '', ( -0.550482315112540, 0.167041800643085, 0.990000000000000 ) );
#6512 = CARTESIAN_POINT( '', ( -0.527652733118971, 0.175401929260450, 0.990000000000000 ) );
#6513 = CARTESIAN_POINT( '', ( -0.504643453523563, 0.183827862633415, 0.990000000000000 ) );
#6514 = CARTESIAN_POINT( '', ( -0.478135048231511, 0.187620578778134, 0.990000000000000 ) );
#6515 = CARTESIAN_POINT( '', ( -0.418006430868167, 0.187620578778134, 0.990000000000000 ) );
#6516 = CARTESIAN_POINT( '', ( -0.393890675241157, 0.184083601286173, 0.990000000000000 ) );
#6517 = CARTESIAN_POINT( '', ( -0.374919614147910, 0.177009646302250, 0.990000000000000 ) );
#6518 = CARTESIAN_POINT( '', ( -0.356230846271433, 0.170040953195768, 0.990000000000000 ) );
#6519 = CARTESIAN_POINT( '', ( -0.342443729903537, 0.161254019292604, 0.990000000000000 ) );
#6520 = CARTESIAN_POINT( '', ( -0.325080385852089, 0.140032154340835, 0.990000000000000 ) );
#6521 = CARTESIAN_POINT( '', ( -0.318971061093247, 0.126527331189710, 0.990000000000000 ) );
#6522 = CARTESIAN_POINT( '', ( -0.315434083601286, 0.110450160771703, 0.990000000000000 ) );
#6523 = CARTESIAN_POINT( '', ( -0.313171011776021, 0.100163470656863, 0.990000000000000 ) );
#6524 = CARTESIAN_POINT( '', ( -0.312218649517685, 0.0818327974276519, 0.990000000000000 ) );
#6525 = CARTESIAN_POINT( '', ( -0.312218649517685, 0.0554662379421215, 0.990000000000000 ) );
#6526 = CARTESIAN_POINT( '', ( -0.312218649517685, 0.0289924973204708, 0.990000000000000 ) );
#6527 = CARTESIAN_POINT( '', ( -0.312218649517685, 0.00251875669882038, 0.990000000000000 ) );
#6528 = CARTESIAN_POINT( '', ( -0.312218649517685, -0.0239549839228304, 0.990000000000000 ) );
#6529 = CARTESIAN_POINT( '', ( -0.312218649517685, -0.0792604501607726, 0.990000000000000 ) );
#6530 = CARTESIAN_POINT( '', ( -0.310932475884244, -0.113987138263667, 0.990000000000000 ) );
#6531 = CARTESIAN_POINT( '', ( -0.308681672025723, -0.128778135048232, 0.990000000000000 ) );
#6532 = CARTESIAN_POINT( '', ( -0.306471413825623, -0.143302688934601, 0.990000000000000 ) );
#6533 = CARTESIAN_POINT( '', ( -0.301286173633440, -0.157395498392284, 0.990000000000000 ) );
#6534 = CARTESIAN_POINT( '', ( -0.294212218649517, -0.170578778135049, 0.990000000000000 ) );
#6535 = CARTESIAN_POINT( '', ( -0.294212218649517, -0.170578778135049, 0.990000000000000 ) );
#6536 = VECTOR( '', #8030, 1000.00000000000 );
#6537 = COLOUR_RGB( '', 0.899999976158142, 0.899999976158142, 0.899999976158142 );
#6538 = CARTESIAN_POINT( '', ( -0.547266881028938, 0.0721864951768480, 1.00000000000000 ) );
#6539 = CARTESIAN_POINT( '', ( -0.547266881028938, 0.0721864951768480, 1.00000000000000 ) );
#6540 = CARTESIAN_POINT( '', ( -0.566881028938906, 0.0747588424437290, 1.00000000000000 ) );
#6541 = CARTESIAN_POINT( '', ( -0.586495176848874, 0.0773311897106100, 1.00000000000000 ) );
#6542 = CARTESIAN_POINT( '', ( -0.606109324758842, 0.0799035369774911, 1.00000000000000 ) );
#6543 = CARTESIAN_POINT( '', ( -0.547266881028938, 0.0721864951768480, 0.990000000000000 ) );
#6544 = CARTESIAN_POINT( '', ( -0.547266881028938, 0.0721864951768480, 0.990000000000000 ) );
#6545 = VECTOR( '', #8031, 1000.00000000000 );
#6546 = CARTESIAN_POINT( '', ( -0.547266881028938, 0.0721864951768480, 0.990000000000000 ) );
#6547 = CARTESIAN_POINT( '', ( -0.566881028938906, 0.0747588424437290, 0.990000000000000 ) );
#6548 = CARTESIAN_POINT( '', ( -0.586495176848874, 0.0773311897106100, 0.990000000000000 ) );
#6549 = CARTESIAN_POINT( '', ( -0.606109324758842, 0.0799035369774911, 0.990000000000000 ) );
#6550 = COLOUR_RGB( '', 0.200000002980232, 0.200000002980232, 0.200000002980232 );
#6551 = CARTESIAN_POINT( '', ( -1.45000000000000, -1.25000000000000, 0.000000000000000 ) );
#6552 = CARTESIAN_POINT( '', ( -0.450000000000000, -1.25000000000000, 0.000000000000000 ) );
#6553 = CARTESIAN_POINT( '', ( -1.45000000000000, -1.25000000000000, 0.000000000000000 ) );
#6554 = VECTOR( '', #8032, 1000.00000000000 );
#6555 = CARTESIAN_POINT( '', ( -0.450000000000000, -1.25000000000000, -0.200000000000000 ) );
#6556 = CARTESIAN_POINT( '', ( -0.450000000000000, -1.25000000000000, -0.200000000000000 ) );
#6557 = VECTOR( '', #8033, 1000.00000000000 );
#6558 = CARTESIAN_POINT( '', ( 0.450000000000000, -1.25000000000000, -0.200000000000000 ) );
#6559 = CARTESIAN_POINT( '', ( 0.450000000000000, -1.25000000000000, -0.200000000000000 ) );
#6560 = VECTOR( '', #8034, 1000.00000000000 );
#6561 = CARTESIAN_POINT( '', ( 0.450000000000000, -1.25000000000000, -0.200000000000000 ) );
#6562 = VECTOR( '', #8035, 1000.00000000000 );
#6563 = CARTESIAN_POINT( '', ( 1.45000000000000, -1.25000000000000, 1.00000000000000 ) );
#6564 = CARTESIAN_POINT( '', ( 1.45000000000000, -1.25000000000000, 1.00000000000000 ) );
#6565 = VECTOR( '', #8036, 1000.00000000000 );
#6566 = CARTESIAN_POINT( '', ( -1.45000000000000, -1.25000000000000, 1.00000000000000 ) );
#6567 = CARTESIAN_POINT( '', ( -1.45000000000000, -1.25000000000000, 1.00000000000000 ) );
#6568 = VECTOR( '', #8037, 1000.00000000000 );
#6569 = CARTESIAN_POINT( '', ( -1.45000000000000, -1.25000000000000, 1.00000000000000 ) );
#6570 = VECTOR( '', #8038, 1000.00000000000 );
#6571 = COLOUR_RGB( '', 0.752941191196442, 0.752941191196442, 0.752941191196442 );
#6572 = CARTESIAN_POINT( '', ( -0.950000000000000, -0.250000000000000, 0.000000000000000 ) );
#6573 = CARTESIAN_POINT( '', ( -0.950000000000000, 0.250000000000000, 0.000000000000000 ) );
#6574 = CARTESIAN_POINT( '', ( -0.950000000000000, -0.250000000000000, 0.000000000000000 ) );
#6575 = VECTOR( '', #8039, 1000.00000000000 );
#6576 = AXIS2_PLACEMENT_3D( '', #8040, #8041, #8042 );
#6577 = COLOUR_RGB( '', 0.899999976158142, 0.899999976158142, 0.899999976158142 );
#6578 = CARTESIAN_POINT( '', ( -0.692282958199356, -0.170578778135049, 1.00000000000000 ) );
#6579 = CARTESIAN_POINT( '', ( -0.753697749196141, -0.170578778135049, 1.00000000000000 ) );
#6580 = CARTESIAN_POINT( '', ( -0.692282958199356, -0.170578778135049, 1.00000000000000 ) );
#6581 = CARTESIAN_POINT( '', ( -0.712754555198284, -0.170578778135049, 1.00000000000000 ) );
#6582 = CARTESIAN_POINT( '', ( -0.733226152197212, -0.170578778135049, 1.00000000000000 ) );
#6583 = CARTESIAN_POINT( '', ( -0.753697749196141, -0.170578778135049, 1.00000000000000 ) );
#6584 = CARTESIAN_POINT( '', ( -0.692282958199356, -0.170578778135049, 0.990000000000000 ) );
#6585 = CARTESIAN_POINT( '', ( -0.692282958199356, -0.170578778135049, 0.990000000000000 ) );
#6586 = VECTOR( '', #8043, 1000.00000000000 );
#6587 = CARTESIAN_POINT( '', ( -0.753697749196141, -0.170578778135049, 0.990000000000000 ) );
#6588 = CARTESIAN_POINT( '', ( -0.692282958199356, -0.170578778135049, 0.990000000000000 ) );
#6589 = CARTESIAN_POINT( '', ( -0.712754555198284, -0.170578778135049, 0.990000000000000 ) );
#6590 = CARTESIAN_POINT( '', ( -0.733226152197212, -0.170578778135049, 0.990000000000000 ) );
#6591 = CARTESIAN_POINT( '', ( -0.753697749196141, -0.170578778135049, 0.990000000000000 ) );
#6592 = CARTESIAN_POINT( '', ( -0.753697749196141, -0.170578778135049, 0.990000000000000 ) );
#6593 = VECTOR( '', #8044, 1000.00000000000 );
#6594 = COLOUR_RGB( '', 0.899999976158142, 0.899999976158142, 0.899999976158142 );
#6595 = CARTESIAN_POINT( '', ( -0.952090032154340, -0.170578778135049, 1.00000000000000 ) );
#6596 = CARTESIAN_POINT( '', ( -1.09163987138264, 0.240996784565916, 1.00000000000000 ) );
#6597 = CARTESIAN_POINT( '', ( -0.952090032154340, -0.170578778135049, 1.00000000000000 ) );
#6598 = CARTESIAN_POINT( '', ( -0.998606645230439, -0.0333869239013943, 1.00000000000000 ) );
#6599 = CARTESIAN_POINT( '', ( -1.04512325830654, 0.103804930332260, 1.00000000000000 ) );
#6600 = CARTESIAN_POINT( '', ( -1.09163987138264, 0.240996784565916, 1.00000000000000 ) );
#6601 = CARTESIAN_POINT( '', ( -0.952090032154340, -0.170578778135049, 0.990000000000000 ) );
#6602 = CARTESIAN_POINT( '', ( -0.952090032154340, -0.170578778135049, 0.990000000000000 ) );
#6603 = VECTOR( '', #8045, 1000.00000000000 );
#6604 = CARTESIAN_POINT( '', ( -1.09163987138264, 0.240996784565916, 0.990000000000000 ) );
#6605 = CARTESIAN_POINT( '', ( -0.952090032154340, -0.170578778135049, 0.990000000000000 ) );
#6606 = CARTESIAN_POINT( '', ( -0.998606645230439, -0.0333869239013943, 0.990000000000000 ) );
#6607 = CARTESIAN_POINT( '', ( -1.04512325830654, 0.103804930332260, 0.990000000000000 ) );
#6608 = CARTESIAN_POINT( '', ( -1.09163987138264, 0.240996784565916, 0.990000000000000 ) );
#6609 = CARTESIAN_POINT( '', ( -1.09163987138264, 0.240996784565916, 0.990000000000000 ) );
#6610 = VECTOR( '', #8046, 1000.00000000000 );
#6611 = COLOUR_RGB( '', 0.200000002980232, 0.200000002980232, 0.200000002980232 );
#6612 = CARTESIAN_POINT( '', ( 0.750000000000000, 0.250000000000000, 1.00000000000000 ) );
#6613 = CARTESIAN_POINT( '', ( 0.750000000000000, -0.250000000000000, 1.00000000000000 ) );
#6614 = AXIS2_PLACEMENT_3D( '', #8047, #8048, #8049 );
#6615 = CARTESIAN_POINT( '', ( 0.750000000000000, 0.500000000000000, 1.00000000000000 ) );
#6616 = CARTESIAN_POINT( '', ( 0.750000000000000, -1.25000000000000, 1.00000000000000 ) );
#6617 = VECTOR( '', #8050, 1000.00000000000 );
#6618 = CARTESIAN_POINT( '', ( 0.750000000000000, -0.500000000000000, 1.00000000000000 ) );
#6619 = AXIS2_PLACEMENT_3D( '', #8051, #8052, #8053 );
#6620 = CARTESIAN_POINT( '', ( 0.750000000000000, -1.25000000000000, 1.00000000000000 ) );
#6621 = VECTOR( '', #8054, 1000.00000000000 );
#6622 = COLOUR_RGB( '', 0.200000002980232, 0.200000002980232, 0.200000002980232 );
#6623 = CARTESIAN_POINT( '', ( -0.950000000000000, -0.200000000000000, 0.850000000000000 ) );
#6624 = CARTESIAN_POINT( '', ( -0.950000000000000, 0.200000000000000, 0.850000000000000 ) );
#6625 = CARTESIAN_POINT( '', ( -0.950000000000000, -2.16840434497101E-016, 0.850000000000000 ) );
#6626 = VECTOR( '', #8055, 1000.00000000000 );
#6627 = AXIS2_PLACEMENT_3D( '', #8056, #8057, #8058 );
#6628 = COLOUR_RGB( '', 0.200000002980232, 0.200000002980232, 0.200000002980232 );
#6629 = CARTESIAN_POINT( '', ( 0.950000000000000, 0.250000000000000, 1.00000000000000 ) );
#6630 = CARTESIAN_POINT( '', ( 1.45000000000000, 0.500000000000000, 1.00000000000000 ) );
#6631 = CARTESIAN_POINT( '', ( 0.950000000000000, 0.250000000000000, 1.00000000000000 ) );
#6632 = VECTOR( '', #8059, 1000.00000000000 );
#6633 = CARTESIAN_POINT( '', ( 0.950000000000000, 0.250000000000000, 0.850000000000000 ) );
#6634 = CARTESIAN_POINT( '', ( 0.950000000000000, 0.250000000000000, 0.850000000000000 ) );
#6635 = VECTOR( '', #8060, 1000.00000000000 );
#6636 = CARTESIAN_POINT( '', ( 1.45000000000000, 0.500000000000000, 0.850000000000000 ) );
#6637 = CARTESIAN_POINT( '', ( 0.950000000000000, 0.250000000000000, 0.850000000000000 ) );
#6638 = VECTOR( '', #8061, 1000.00000000000 );
#6639 = CARTESIAN_POINT( '', ( 1.45000000000000, 0.500000000000000, 0.850000000000000 ) );
#6640 = VECTOR( '', #8062, 1000.00000000000 );
#6641 = COLOUR_RGB( '', 0.752941191196442, 0.752941191196442, 0.752941191196442 );
#6642 = CARTESIAN_POINT( '', ( -1.60000000000000, 0.500000000000000, 0.000000000000000 ) );
#6643 = CARTESIAN_POINT( '', ( -1.45000000000000, 0.500000000000000, 0.000000000000000 ) );
#6644 = CARTESIAN_POINT( '', ( -1.45000000000000, 0.500000000000000, 0.000000000000000 ) );
#6645 = VECTOR( '', #8063, 1000.00000000000 );
#6646 = CARTESIAN_POINT( '', ( -1.45000000000000, 0.500000000000000, -0.150000000000000 ) );
#6647 = CARTESIAN_POINT( '', ( -1.45000000000000, 0.500000000000000, -0.150000000000000 ) );
#6648 = VECTOR( '', #8064, 1000.00000000000 );
#6649 = CARTESIAN_POINT( '', ( -1.45000000000000, 0.500000000000000, -1.05000000000000 ) );
#6650 = CARTESIAN_POINT( '', ( -1.45000000000000, 0.500000000000000, -1.05000000000000 ) );
#6651 = VECTOR( '', #8065, 1000.00000000000 );
#6652 = CARTESIAN_POINT( '', ( -1.00000000000000, 0.500000000000000, -1.05000000000000 ) );
#6653 = CARTESIAN_POINT( '', ( -1.00000000000000, 0.500000000000000, -1.05000000000000 ) );
#6654 = VECTOR( '', #8066, 1000.00000000000 );
#6655 = CARTESIAN_POINT( '', ( -1.00000000000000, 0.500000000000000, -1.20000000000000 ) );
#6656 = CARTESIAN_POINT( '', ( -1.00000000000000, 0.500000000000000, -1.05000000000000 ) );
#6657 = VECTOR( '', #8067, 1000.00000000000 );
#6658 = CARTESIAN_POINT( '', ( -1.60000000000000, 0.500000000000000, -1.20000000000000 ) );
#6659 = CARTESIAN_POINT( '', ( -1.00000000000000, 0.500000000000000, -1.20000000000000 ) );
#6660 = VECTOR( '', #8068, 1000.00000000000 );
#6661 = CARTESIAN_POINT( '', ( -1.60000000000000, 0.500000000000000, -1.05000000000000 ) );
#6662 = VECTOR( '', #8069, 1000.00000000000 );
#6663 = COLOUR_RGB( '', 0.899999976158142, 0.899999976158142, 0.899999976158142 );
#6664 = CARTESIAN_POINT( '', ( 0.716398713826367, -0.170578778135049, 1.00000000000000 ) );
#6665 = CARTESIAN_POINT( '', ( 0.549839228295821, -0.170578778135049, 1.00000000000000 ) );
#6666 = CARTESIAN_POINT( '', ( 0.716398713826367, -0.170578778135049, 1.00000000000000 ) );
#6667 = CARTESIAN_POINT( '', ( 0.716398713826367, -0.0994105037513403, 1.00000000000000 ) );
#6668 = CARTESIAN_POINT( '', ( 0.716398713826367, -0.0282422293676317, 1.00000000000000 ) );
#6669 = CARTESIAN_POINT( '', ( 0.716398713826367, 0.0429260450160770, 1.00000000000000 ) );
#6670 = CARTESIAN_POINT( '', ( 0.716398713826367, 0.0670418006430865, 1.00000000000000 ) );
#6671 = CARTESIAN_POINT( '', ( 0.714147909967846, 0.0850482315112535, 1.00000000000000 ) );
#6672 = CARTESIAN_POINT( '', ( 0.709646302250805, 0.0972668810289385, 1.00000000000000 ) );
#6673 = CARTESIAN_POINT( '', ( 0.705210571719866, 0.109306721041486, 1.00000000000000 ) );
#6674 = CARTESIAN_POINT( '', ( 0.696784565916400, 0.118810289389067, 1.00000000000000 ) );
#6675 = CARTESIAN_POINT( '', ( 0.672990353697750, 0.132958199356913, 1.00000000000000 ) );
#6676 = CARTESIAN_POINT( '', ( 0.659163987138265, 0.136495176848874, 1.00000000000000 ) );
#6677 = CARTESIAN_POINT( '', ( 0.643086816720258, 0.136816720257234, 1.00000000000000 ) );
#6678 = CARTESIAN_POINT( '', ( 0.617701472465677, 0.137324427142326, 1.00000000000000 ) );
#6679 = CARTESIAN_POINT( '', ( 0.595819935691319, 0.128456591639871, 1.00000000000000 ) );
#6680 = CARTESIAN_POINT( '', ( 0.559163987138265, 0.0963022508038582, 1.00000000000000 ) );
#6681 = CARTESIAN_POINT( '', ( 0.549839228295821, 0.0657556270096458, 1.00000000000000 ) );
#6682 = CARTESIAN_POINT( '', ( 0.549839228295821, 0.0210610932475880, 1.00000000000000 ) );
#6683 = CARTESIAN_POINT( '', ( 0.549839228295821, -0.0428188638799576, 1.00000000000000 ) );
#6684 = CARTESIAN_POINT( '', ( 0.549839228295821, -0.106698821007503, 1.00000000000000 ) );
#6685 = CARTESIAN_POINT( '', ( 0.549839228295821, -0.170578778135049, 1.00000000000000 ) );
#6686 = CARTESIAN_POINT( '', ( 0.716398713826367, -0.170578778135049, 0.990000000000000 ) );
#6687 = VECTOR( '', #8070, 1000.00000000000 );
#6688 = CARTESIAN_POINT( '', ( 0.549839228295821, -0.170578778135049, 0.990000000000000 ) );
#6689 = VECTOR( '', #8071, 1000.00000000000 );
#6690 = COLOUR_RGB( '', 0.899999976158142, 0.899999976158142, 0.899999976158142 );
#6691 = CARTESIAN_POINT( '', ( 0.221221864951770, -0.170578778135048, 1.00000000000000 ) );
#6692 = CARTESIAN_POINT( '', ( 0.103858520900323, 0.00787781350482263, 1.00000000000000 ) );
#6693 = CARTESIAN_POINT( '', ( 0.221221864951770, -0.170578778135048, 1.00000000000000 ) );
#6694 = CARTESIAN_POINT( '', ( 0.103858520900323, 0.00787781350482263, 1.00000000000000 ) );
#6695 = CARTESIAN_POINT( '', ( 0.221221864951770, -0.170578778135048, 0.990000000000000 ) );
#6696 = CARTESIAN_POINT( '', ( 0.221221864951770, -0.170578778135048, 0.990000000000000 ) );
#6697 = VECTOR( '', #8072, 1000.00000000000 );
#6698 = CARTESIAN_POINT( '', ( 0.103858520900323, 0.00787781350482263, 0.990000000000000 ) );
#6699 = CARTESIAN_POINT( '', ( 0.221221864951770, -0.170578778135048, 0.990000000000000 ) );
#6700 = CARTESIAN_POINT( '', ( 0.103858520900323, 0.00787781350482263, 0.990000000000000 ) );
#6701 = CARTESIAN_POINT( '', ( 0.103858520900323, 0.00787781350482263, 0.990000000000000 ) );
#6702 = VECTOR( '', #8073, 1000.00000000000 );
#6703 = COLOUR_RGB( '', 0.899999976158142, 0.899999976158142, 0.899999976158142 );
#6704 = CARTESIAN_POINT( '', ( -0.753697749196141, 0.234244372990353, 1.00000000000000 ) );
#6705 = CARTESIAN_POINT( '', ( -0.895498392282957, -0.170578778135049, 1.00000000000000 ) );
#6706 = CARTESIAN_POINT( '', ( -0.753697749196141, 0.234244372990353, 1.00000000000000 ) );
#6707 = CARTESIAN_POINT( '', ( -0.800964630225080, 0.0993033226152187, 1.00000000000000 ) );
#6708 = CARTESIAN_POINT( '', ( -0.848231511254018, -0.0356377277599153, 1.00000000000000 ) );
#6709 = CARTESIAN_POINT( '', ( -0.895498392282957, -0.170578778135049, 1.00000000000000 ) );
#6710 = CARTESIAN_POINT( '', ( -0.753697749196141, 0.234244372990353, 0.990000000000000 ) );
#6711 = CARTESIAN_POINT( '', ( -0.753697749196141, 0.234244372990353, 0.990000000000000 ) );
#6712 = VECTOR( '', #8074, 1000.00000000000 );
#6713 = CARTESIAN_POINT( '', ( -0.895498392282957, -0.170578778135049, 0.990000000000000 ) );
#6714 = CARTESIAN_POINT( '', ( -0.753697749196141, 0.234244372990353, 0.990000000000000 ) );
#6715 = CARTESIAN_POINT( '', ( -0.800964630225080, 0.0993033226152187, 0.990000000000000 ) );
#6716 = CARTESIAN_POINT( '', ( -0.848231511254018, -0.0356377277599153, 0.990000000000000 ) );
#6717 = CARTESIAN_POINT( '', ( -0.895498392282957, -0.170578778135049, 0.990000000000000 ) );
#6718 = CARTESIAN_POINT( '', ( -0.895498392282957, -0.170578778135049, 0.990000000000000 ) );
#6719 = VECTOR( '', #8075, 1000.00000000000 );
#6720 = COLOUR_RGB( '', 0.752941191196442, 0.752941191196442, 0.752941191196442 );
#6721 = CARTESIAN_POINT( '', ( 0.950000000000000, -0.250000000000000, 3.68628738645072E-015 ) );
#6722 = CARTESIAN_POINT( '', ( 0.950000000000000, 0.250000000000000, 3.68628738645072E-015 ) );
#6723 = AXIS2_PLACEMENT_3D( '', #8076, #8077, #8078 );
#6724 = CARTESIAN_POINT( '', ( 0.950000000000000, -0.250000000000000, 0.000000000000000 ) );
#6725 = VECTOR( '', #8079, 1000.00000000000 );
#6726 = COLOUR_RGB( '', 0.200000002980232, 0.200000002980232, 0.200000002980232 );
#6727 = CARTESIAN_POINT( '', ( -1.45000000000000, -0.500000000000000, 1.00000000000000 ) );
#6728 = CARTESIAN_POINT( '', ( -1.45000000000000, 1.25000000000000, 1.00000000000000 ) );
#6729 = VECTOR( '', #8080, 1000.00000000000 );
#6730 = CARTESIAN_POINT( '', ( -1.45000000000000, -0.500000000000000, 0.850000000000000 ) );
#6731 = CARTESIAN_POINT( '', ( -1.45000000000000, -0.500000000000000, 0.850000000000000 ) );
#6732 = VECTOR( '', #8081, 1000.00000000000 );
#6733 = CARTESIAN_POINT( '', ( -1.45000000000000, 0.500000000000000, 0.850000000000000 ) );
#6734 = CARTESIAN_POINT( '', ( -1.45000000000000, 0.500000000000000, 0.850000000000000 ) );
#6735 = VECTOR( '', #8082, 1000.00000000000 );
#6736 = CARTESIAN_POINT( '', ( -1.45000000000000, 0.500000000000000, 1.00000000000000 ) );
#6737 = CARTESIAN_POINT( '', ( -1.45000000000000, 0.500000000000000, 0.850000000000000 ) );
#6738 = VECTOR( '', #8083, 1000.00000000000 );
#6739 = CARTESIAN_POINT( '', ( -1.45000000000000, 1.25000000000000, 1.00000000000000 ) );
#6740 = VECTOR( '', #8084, 1000.00000000000 );
#6741 = CARTESIAN_POINT( '', ( -1.45000000000000, 1.25000000000000, 0.000000000000000 ) );
#6742 = VECTOR( '', #8085, 1000.00000000000 );
#6743 = COLOUR_RGB( '', 0.899999976158142, 0.899999976158142, 0.899999976158142 );
#6744 = CARTESIAN_POINT( '', ( 0.401286173633441, -0.170578778135048, 0.990000000000000 ) );
#6745 = CARTESIAN_POINT( '', ( 0.342122186495178, -0.170578778135048, 0.990000000000000 ) );
#6746 = CARTESIAN_POINT( '', ( 0.401286173633441, -0.170578778135048, 0.990000000000000 ) );
#6747 = CARTESIAN_POINT( '', ( 0.342122186495178, -0.170578778135048, 0.990000000000000 ) );
#6748 = CARTESIAN_POINT( '', ( 0.401286173633441, 0.179903536977492, 0.990000000000000 ) );
#6749 = CARTESIAN_POINT( '', ( 0.401286173633441, 0.179903536977492, 0.990000000000000 ) );
#6750 = CARTESIAN_POINT( '', ( 0.401286173633441, -0.170578778135048, 0.990000000000000 ) );
#6751 = CARTESIAN_POINT( '', ( 0.342122186495178, 0.179903536977492, 0.990000000000000 ) );
#6752 = CARTESIAN_POINT( '', ( 0.342122186495178, 0.179903536977492, 0.990000000000000 ) );
#6753 = CARTESIAN_POINT( '', ( 0.401286173633441, 0.179903536977492, 0.990000000000000 ) );
#6754 = CARTESIAN_POINT( '', ( 0.342122186495178, -0.170578778135048, 0.990000000000000 ) );
#6755 = CARTESIAN_POINT( '', ( 0.342122186495178, 0.179903536977492, 0.990000000000000 ) );
#6756 = COLOUR_RGB( '', 0.200000002980232, 0.200000002980232, 0.200000002980232 );
#6757 = CARTESIAN_POINT( '', ( -0.450000000000000, -1.25000000000000, 0.000000000000000 ) );
#6758 = VECTOR( '', #8086, 1000.00000000000 );
#6759 = COLOUR_RGB( '', 0.899999976158142, 0.899999976158142, 0.899999976158142 );
#6760 = CARTESIAN_POINT( '', ( -0.0334405144694528, 0.168649517684886, 1.00000000000000 ) );
#6761 = CARTESIAN_POINT( '', ( -0.0334405144694528, 0.168649517684886, 1.00000000000000 ) );
#6762 = CARTESIAN_POINT( '', ( -0.0403001071811355, 0.150535905680600, 1.00000000000000 ) );
#6763 = CARTESIAN_POINT( '', ( -0.0471596998928183, 0.132422293676312, 1.00000000000000 ) );
#6764 = CARTESIAN_POINT( '', ( -0.0540192926045009, 0.114308681672025, 1.00000000000000 ) );
#6765 = CARTESIAN_POINT( '', ( -0.0334405144694528, 0.168649517684886, 0.990000000000000 ) );
#6766 = CARTESIAN_POINT( '', ( -0.0334405144694528, 0.168649517684886, 0.990000000000000 ) );
#6767 = VECTOR( '', #8087, 1000.00000000000 );
#6768 = CARTESIAN_POINT( '', ( -0.0334405144694528, 0.168649517684886, 0.990000000000000 ) );
#6769 = CARTESIAN_POINT( '', ( -0.0403001071811355, 0.150535905680600, 0.990000000000000 ) );
#6770 = CARTESIAN_POINT( '', ( -0.0471596998928183, 0.132422293676312, 0.990000000000000 ) );
#6771 = CARTESIAN_POINT( '', ( -0.0540192926045009, 0.114308681672025, 0.990000000000000 ) );
#6772 = COLOUR_RGB( '', 0.899999976158142, 0.899999976158142, 0.899999976158142 );
#6773 = CARTESIAN_POINT( '', ( 0.342122186495178, -0.170578778135048, 1.00000000000000 ) );
#6774 = CARTESIAN_POINT( '', ( 0.342122186495178, 0.179903536977492, 1.00000000000000 ) );
#6775 = CARTESIAN_POINT( '', ( 0.342122186495178, -0.170578778135048, 1.00000000000000 ) );
#6776 = CARTESIAN_POINT( '', ( 0.342122186495178, 0.179903536977492, 1.00000000000000 ) );
#6777 = CARTESIAN_POINT( '', ( 0.342122186495178, -0.170578778135048, 0.990000000000000 ) );
#6778 = VECTOR( '', #8088, 1000.00000000000 );
#6779 = CARTESIAN_POINT( '', ( 0.342122186495178, 0.179903536977492, 0.990000000000000 ) );
#6780 = VECTOR( '', #8089, 1000.00000000000 );
#6781 = COLOUR_RGB( '', 0.899999976158142, 0.899999976158142, 0.899999976158142 );
#6782 = CARTESIAN_POINT( '', ( -0.162700964630224, -0.170578778135049, 0.990000000000000 ) );
#6783 = CARTESIAN_POINT( '', ( -0.182315112540192, -0.170578778135049, 0.990000000000000 ) );
#6784 = CARTESIAN_POINT( '', ( -0.201929260450160, -0.170578778135049, 0.990000000000000 ) );
#6785 = CARTESIAN_POINT( '', ( -0.221543408360128, -0.170578778135049, 0.990000000000000 ) );
#6786 = CARTESIAN_POINT( '', ( -0.168167202572347, 0.126848874598070, 0.990000000000000 ) );
#6787 = CARTESIAN_POINT( '', ( -0.168167202572347, 0.126848874598070, 0.990000000000000 ) );
#6788 = CARTESIAN_POINT( '', ( -0.154662379421221, 0.151607717041800, 0.990000000000000 ) );
#6789 = CARTESIAN_POINT( '', ( -0.142443729903536, 0.168006430868167, 0.990000000000000 ) );
#6790 = CARTESIAN_POINT( '', ( -0.131189710610932, 0.175723472668810, 0.990000000000000 ) );
#6791 = CARTESIAN_POINT( '', ( -0.119567014395361, 0.183693321502345, 0.990000000000000 ) );
#6792 = CARTESIAN_POINT( '', ( -0.107073954983922, 0.187620578778134, 0.990000000000000 ) );
#6793 = CARTESIAN_POINT( '', ( -0.0736334405144690, 0.187620578778134, 0.990000000000000 ) );
#6794 = CARTESIAN_POINT( '', ( -0.0536977491961409, 0.181189710610932, 0.990000000000000 ) );
#6795 = CARTESIAN_POINT( '', ( -0.0334405144694528, 0.168649517684886, 0.990000000000000 ) );
#6796 = CARTESIAN_POINT( '', ( -0.168167202572347, 0.179903536977492, 0.990000000000000 ) );
#6797 = CARTESIAN_POINT( '', ( -0.168167202572347, 0.179903536977492, 0.990000000000000 ) );
#6798 = CARTESIAN_POINT( '', ( -0.168167202572347, 0.162218649517684, 0.990000000000000 ) );
#6799 = CARTESIAN_POINT( '', ( -0.168167202572347, 0.144533762057877, 0.990000000000000 ) );
#6800 = CARTESIAN_POINT( '', ( -0.168167202572347, 0.126848874598070, 0.990000000000000 ) );
#6801 = CARTESIAN_POINT( '', ( -0.221543408360128, 0.179903536977491, 0.990000000000000 ) );
#6802 = CARTESIAN_POINT( '', ( -0.203751339764201, 0.179903536977492, 0.990000000000000 ) );
#6803 = CARTESIAN_POINT( '', ( -0.185959271168274, 0.179903536977491, 0.990000000000000 ) );
#6804 = CARTESIAN_POINT( '', ( -0.168167202572347, 0.179903536977492, 0.990000000000000 ) );
#6805 = COLOUR_RGB( '', 0.752941191196442, 0.752941191196442, 0.752941191196442 );
#6806 = CARTESIAN_POINT( '', ( 0.767444085577208, -0.0769574484243983, -0.237858806773467 ) );
#6807 = CARTESIAN_POINT( '', ( 0.767444085577208, -0.0769574484243983, -0.237858806773467 ) );
#6808 = CARTESIAN_POINT( '', ( 0.764778657981184, -0.0760440005586640, -0.238154346038837 ) );
#6809 = CARTESIAN_POINT( '', ( 0.762260630551816, -0.0746392296984050, -0.238604819220360 ) );
#6810 = CARTESIAN_POINT( '', ( 0.760080752050184, -0.0729083687918915, -0.239132535972855 ) );
#6811 = CARTESIAN_POINT( '', ( 0.757907959984373, -0.0711831346369237, -0.239658537202721 ) );
#6812 = CARTESIAN_POINT( '', ( 0.756008909716449, -0.0690903500146496, -0.240275260304177 ) );
#6813 = CARTESIAN_POINT( '', ( 0.754493338461975, -0.0667942834429874, -0.240911858777038 ) );
#6814 = CARTESIAN_POINT( '', ( 0.752858418375821, -0.0643174052717523, -0.241598588369608 ) );
#6815 = CARTESIAN_POINT( '', ( 0.751627640102939, -0.0615391856385532, -0.242325508236647 ) );
#6816 = CARTESIAN_POINT( '', ( 0.750881867681188, -0.0586681393220443, -0.243018619511970 ) );
#6817 = CARTESIAN_POINT( '', ( 0.750097807480040, -0.0556496941680371, -0.243747314955911 ) );
#6818 = CARTESIAN_POINT( '', ( 0.749830109515590, -0.0524453878677701, -0.244457891362755 ) );
#6819 = CARTESIAN_POINT( '', ( 0.750108320577731, -0.0493175736593083, -0.245087284307616 ) );
#6820 = CARTESIAN_POINT( '', ( 0.750387482888448, -0.0461790649486717, -0.245718829248654 ) );
#6821 = CARTESIAN_POINT( '', ( 0.751226163963875, -0.0430273233846132, -0.246286741965149 ) );
#6822 = CARTESIAN_POINT( '', ( 0.752574196634469, -0.0401480251082657, -0.246755214899107 ) );
#6823 = CARTESIAN_POINT( '', ( 0.753884393427397, -0.0373495414736733, -0.247210538979178 ) );
#6824 = CARTESIAN_POINT( '', ( 0.755717039717568, -0.0347260266673405, -0.247586255723253 ) );
#6825 = CARTESIAN_POINT( '', ( 0.757931649196514, -0.0325422783632402, -0.247872951567789 ) );
#6826 = CARTESIAN_POINT( '', ( 0.760034713125270, -0.0304685211922816, -0.248145207103087 ) );
#6827 = CARTESIAN_POINT( '', ( 0.762547452204623, -0.0287308151234963, -0.248346581368734 ) );
#6828 = CARTESIAN_POINT( '', ( 0.765251755177606, -0.0275199352168041, -0.248480689723892 ) );
#6829 = CARTESIAN_POINT( '', ( 0.767794766182238, -0.0263812754738800, -0.248606799492800 ) );
#6830 = CARTESIAN_POINT( '', ( 0.770582242261892, -0.0256762422504730, -0.248678041323356 ) );
#6831 = CARTESIAN_POINT( '', ( 0.773364633701972, -0.0254832103707240, -0.248697820636208 ) );
#6832 = CARTESIAN_POINT( '', ( 0.776021465338165, -0.0252988893591212, -0.248716707376359 ) );
#6833 = CARTESIAN_POINT( '', ( 0.778747623147827, -0.0255754492966659, -0.248689372818043 ) );
#6834 = CARTESIAN_POINT( '', ( 0.781313812136924, -0.0262840724480718, -0.248614455604542 ) );
#6835 = CARTESIAN_POINT( '', ( 0.783855027817505, -0.0269857995116772, -0.248540267460760 ) );
#6836 = CARTESIAN_POINT( '', ( 0.786307244878612, -0.0281279285091575, -0.248417041377530 ) );
#6837 = CARTESIAN_POINT( '', ( 0.788486441562330, -0.0296030085755217, -0.248241136576027 ) );
#6838 = CARTESIAN_POINT( '', ( 0.790727395920316, -0.0311198918966990, -0.248060246693777 ) );
#6839 = CARTESIAN_POINT( '', ( 0.792738349157494, -0.0330261353756109, -0.247818311813306 ) );
#6840 = CARTESIAN_POINT( '', ( 0.794385846624879, -0.0351590879425048, -0.247515329905457 ) );
#6841 = CARTESIAN_POINT( '', ( 0.796119366569419, -0.0374034105522006, -0.247196528092108 ) );
#6842 = CARTESIAN_POINT( '', ( 0.797495931324404, -0.0399550937407720, -0.246801243042250 ) );
#6843 = CARTESIAN_POINT( '', ( 0.798434350101571, -0.0426106694898906, -0.246341898280596 ) );
#6844 = CARTESIAN_POINT( '', ( 0.799425386045906, -0.0454151434457761, -0.245856798045267 ) );
#6845 = CARTESIAN_POINT( '', ( 0.799954136516624, -0.0484078914808116, -0.245287090465405 ) );
#6846 = CARTESIAN_POINT( '', ( 0.799997079856535, -0.0513570425674653, -0.244668048957777 ) );
#6847 = CARTESIAN_POINT( '', ( 0.800041920226513, -0.0544364729545925, -0.244021661175846 ) );
#6848 = CARTESIAN_POINT( '', ( 0.799558408025691, -0.0575506905420895, -0.243304088547512 ) );
#6849 = CARTESIAN_POINT( '', ( 0.798588236121396, -0.0604554174742637, -0.242580177463062 ) );
#6850 = CARTESIAN_POINT( '', ( 0.797595598145699, -0.0634274085710379, -0.241839502918405 ) );
#6851 = CARTESIAN_POINT( '', ( 0.796065117090186, -0.0662641512476985, -0.241071764484753 ) );
#6852 = CARTESIAN_POINT( '', ( 0.794107238738641, -0.0687217298002638, -0.240369140809002 ) );
#6853 = CARTESIAN_POINT( '', ( 0.792169559129398, -0.0711539543793144, -0.239673765854578 ) );
#6854 = CARTESIAN_POINT( '', ( 0.789750515102977, -0.0732892075164610, -0.239021965307946 ) );
#6855 = CARTESIAN_POINT( '', ( 0.787040159603667, -0.0748879217965152, -0.238520018382100 ) );
#6856 = CARTESIAN_POINT( '', ( 0.784514685743659, -0.0763775828852273, -0.238052310791469 ) );
#6857 = CARTESIAN_POINT( '', ( 0.781648186459053, -0.0774433953654255, -0.237703120851088 ) );
#6858 = CARTESIAN_POINT( '', ( 0.778721975480194, -0.0779214698607516, -0.237546299770672 ) );
#6859 = CARTESIAN_POINT( '', ( 0.776136960954166, -0.0783438008286379, -0.237407764041776 ) );
#6860 = CARTESIAN_POINT( '', ( 0.773429409786385, -0.0783180517914343, -0.237416358675825 ) );
#6861 = CARTESIAN_POINT( '', ( 0.770853510916217, -0.0778480699188539, -0.237570364339700 ) );
#6862 = CARTESIAN_POINT( '', ( 0.769696111950599, -0.0776368983781217, -0.237639561930542 ) );
#6863 = CARTESIAN_POINT( '', ( 0.768552889891816, -0.0773374380876726, -0.237735863943181 ) );
#6864 = CARTESIAN_POINT( '', ( 0.767444085577208, -0.0769574484243983, -0.237858806773467 ) );
#6865 = CARTESIAN_POINT( '', ( -0.950000000000000, 0.199999999999998, -0.150000000000000 ) );
#6866 = AXIS2_PLACEMENT_3D( '', #8090, #8091, #8092 );
#6867 = CARTESIAN_POINT( '', ( -0.950000000000000, -0.199999999999998, -0.150000000000000 ) );
#6868 = AXIS2_PLACEMENT_3D( '', #8093, #8094, #8095 );
#6869 = AXIS2_PLACEMENT_3D( '', #8096, #8097, #8098 );
#6870 = CARTESIAN_POINT( '', ( 0.950000000000000, 0.199999999999998, -0.150000000000000 ) );
#6871 = AXIS2_PLACEMENT_3D( '', #8099, #8100, #8101 );
#6872 = CARTESIAN_POINT( '', ( 0.950000000000000, -0.199999999999998, -0.150000000000000 ) );
#6873 = AXIS2_PLACEMENT_3D( '', #8102, #8103, #8104 );
#6874 = AXIS2_PLACEMENT_3D( '', #8105, #8106, #8107 );
#6875 = CARTESIAN_POINT( '', ( -0.736186171469770, 0.0355188353233775, 0.247463961693974 ) );
#6876 = CARTESIAN_POINT( '', ( -0.736186171469770, 0.0355188353233775, 0.247463961693974 ) );
#6877 = CARTESIAN_POINT( '', ( -0.738774379578574, 0.0369639859771093, 0.247256537276551 ) );
#6878 = CARTESIAN_POINT( '', ( -0.741124189626823, 0.0389015372894243, 0.246965019183353 ) );
#6879 = CARTESIAN_POINT( '', ( -0.743068412559034, 0.0411182209104885, 0.246595401232800 ) );
#6880 = CARTESIAN_POINT( '', ( -0.745007518397458, 0.0433290703353826, 0.246226756097497 ) );
#6881 = CARTESIAN_POINT( '', ( -0.746598976898743, 0.0458763338380346, 0.245769874508498 ) );
#6882 = CARTESIAN_POINT( '', ( -0.747745564928417, 0.0485572750515524, 0.245239048767017 ) );
#6883 = CARTESIAN_POINT( '', ( -0.748964031730585, 0.0514062825265091, 0.244674945944563 ) );
#6884 = CARTESIAN_POINT( '', ( -0.749711524614284, 0.0544828937548479, 0.244011241849111 ) );
#6885 = CARTESIAN_POINT( '', ( -0.749930288413098, 0.0575404912145904, 0.243288084114483 ) );
#6886 = CARTESIAN_POINT( '', ( -0.750154200851537, 0.0606700497004442, 0.242547906751436 ) );
#6887 = CARTESIAN_POINT( '', ( -0.749828730350131, 0.0638678979039736, 0.241724093306728 ) );
#6888 = CARTESIAN_POINT( '', ( -0.748964746486894, 0.0668605152652766, 0.240893485795246 ) );
#6889 = CARTESIAN_POINT( '', ( -0.748113710161214, 0.0698082856944481, 0.240075325648127 ) );
#6890 = CARTESIAN_POINT( '', ( -0.746713125810961, 0.0726432528988742, 0.239227114022884 ) );
#6891 = CARTESIAN_POINT( '', ( -0.744861444436893, 0.0751036865213086, 0.238452167679203 ) );
#6892 = CARTESIAN_POINT( '', ( -0.743085772420039, 0.0774631222178978, 0.237709031977614 ) );
#6893 = CARTESIAN_POINT( '', ( -0.740839601917782, 0.0795481730889443, 0.237012564404461 ) );
#6894 = CARTESIAN_POINT( '', ( -0.738308856726477, 0.0811498568753200, 0.236462895036656 ) );
#6895 = CARTESIAN_POINT( '', ( -0.735924266445969, 0.0826590406535054, 0.235944970025296 ) );
#6896 = CARTESIAN_POINT( '', ( -0.733214750250202, 0.0837829727125293, 0.235543730756504 ) );
#6897 = CARTESIAN_POINT( '', ( -0.730422522186334, 0.0844042307544277, 0.235320899689669 ) );
#6898 = CARTESIAN_POINT( '', ( -0.727784177059127, 0.0849912505429581, 0.235110349102135 ) );
#6899 = CARTESIAN_POINT( '', ( -0.724996601231300, 0.0851463914567286, 0.235053586760275 ) );
#6900 = CARTESIAN_POINT( '', ( -0.722303431756236, 0.0848539957767021, 0.235159093808275 ) );
#6901 = CARTESIAN_POINT( '', ( -0.719684974965881, 0.0845697116048649, 0.235261673927656 ) );
#6902 = CARTESIAN_POINT( '', ( -0.717084665291725, 0.0838560198455515, 0.235519577421884 ) );
#6903 = CARTESIAN_POINT( '', ( -0.714708902163217, 0.0827787529311567, 0.235897600816099 ) );
#6904 = CARTESIAN_POINT( '', ( -0.712305438573633, 0.0816889255094148, 0.236280031813997 ) );
#6905 = CARTESIAN_POINT( '', ( -0.710068425817274, 0.0802001343404919, 0.236793976869417 ) );
#6906 = CARTESIAN_POINT( '', ( -0.708154898076327, 0.0784367530259935, 0.237376653819448 ) );
#6907 = CARTESIAN_POINT( '', ( -0.706158000240206, 0.0765965433149829, 0.237984717301244 ) );
#6908 = CARTESIAN_POINT( '', ( -0.704461164999497, 0.0744111800368181, 0.238681908307219 ) );
#6909 = CARTESIAN_POINT( '', ( -0.703170177312679, 0.0720506081061644, 0.239392376391648 ) );
#6910 = CARTESIAN_POINT( '', ( -0.701806018139158, 0.0695562420584951, 0.240143112874083 ) );
#6911 = CARTESIAN_POINT( '', ( -0.700859019284859, 0.0668023685802696, 0.240927086164304 ) );
#6912 = CARTESIAN_POINT( '', ( -0.700380370538514, 0.0639977838747130, 0.241669782268714 ) );
#6913 = CARTESIAN_POINT( '', ( -0.699877245625892, 0.0610497840194966, 0.242450456856268 ) );
#6914 = CARTESIAN_POINT( '', ( -0.699878006118366, 0.0579681446848464, 0.243205681501466 ) );
#6915 = CARTESIAN_POINT( '', ( -0.700371947250322, 0.0549917581032706, 0.243876826575862 ) );
#6916 = CARTESIAN_POINT( '', ( -0.700882620375240, 0.0519145480103212, 0.244570706332460 ) );
#6917 = CARTESIAN_POINT( '', ( -0.701934536183367, 0.0488655089225820, 0.245193961818654 ) );
#6918 = CARTESIAN_POINT( '', ( -0.703449331062002, 0.0461000661950737, 0.245712807759001 ) );
#6919 = CARTESIAN_POINT( '', ( -0.704975626683455, 0.0433136274594356, 0.246235592921618 ) );
#6920 = CARTESIAN_POINT( '', ( -0.707018158129817, 0.0407331091179428, 0.246668561288582 ) );
#6921 = CARTESIAN_POINT( '', ( -0.709426854226559, 0.0386221027395839, 0.246998650158204 ) );
#6922 = CARTESIAN_POINT( '', ( -0.711743148945307, 0.0365920778925110, 0.247316076298620 ) );
#6923 = CARTESIAN_POINT( '', ( -0.714478165441191, 0.0349348771992792, 0.247549330652694 ) );
#6924 = CARTESIAN_POINT( '', ( -0.717388531386354, 0.0338878661638452, 0.247692576648682 ) );
#6925 = CARTESIAN_POINT( '', ( -0.720003410580316, 0.0329471571863521, 0.247821279011747 ) );
#6926 = CARTESIAN_POINT( '', ( -0.722844588520758, 0.0324768848652348, 0.247881540832574 ) );
#6927 = CARTESIAN_POINT( '', ( -0.725625371649043, 0.0325558064934291, 0.247871175136546 ) );
#6928 = CARTESIAN_POINT( '', ( -0.728118641761575, 0.0326265681917463, 0.247861881179084 ) );
#6929 = CARTESIAN_POINT( '', ( -0.730631036562674, 0.0331363757387772, 0.247795824615424 ) );
#6930 = CARTESIAN_POINT( '', ( -0.732961572782749, 0.0340169790920362, 0.247674877888361 ) );
#6931 = CARTESIAN_POINT( '', ( -0.734071403382053, 0.0344363334615922, 0.247617281538893 ) );
#6932 = CARTESIAN_POINT( '', ( -0.735151602790770, 0.0349411740457926, 0.247546874194245 ) );
#6933 = CARTESIAN_POINT( '', ( -0.736186171469770, 0.0355188353233775, 0.247463961693974 ) );
#6934 = COLOUR_RGB( '', 0.752941191196442, 0.752941191196442, 0.752941191196442 );
#6935 = CARTESIAN_POINT( '', ( 1.45000000000000, 0.500000000000000, 0.000000000000000 ) );
#6936 = CARTESIAN_POINT( '', ( 1.45000000000000, 0.500000000000000, 0.000000000000000 ) );
#6937 = VECTOR( '', #8108, 1000.00000000000 );
#6938 = CARTESIAN_POINT( '', ( 1.45000000000000, 0.500000000000000, -0.150000000000000 ) );
#6939 = CARTESIAN_POINT( '', ( 1.45000000000000, 0.500000000000000, -0.150000000000000 ) );
#6940 = VECTOR( '', #8109, 1000.00000000000 );
#6941 = CARTESIAN_POINT( '', ( 0.950000000000000, 0.250000000000000, -0.150000000000000 ) );
#6942 = CARTESIAN_POINT( '', ( 1.45000000000000, 0.500000000000000, -0.150000000000000 ) );
#6943 = VECTOR( '', #8110, 1000.00000000000 );
#6944 = CARTESIAN_POINT( '', ( 0.950000000000000, 0.250000000000000, -0.150000000000000 ) );
#6945 = VECTOR( '', #8111, 1000.00000000000 );
#6946 = COLOUR_RGB( '', 0.752941191196442, 0.752941191196442, 0.752941191196442 );
#6947 = CARTESIAN_POINT( '', ( 0.950000000000000, -0.250000000000000, -0.150000000000000 ) );
#6948 = VECTOR( '', #8112, 1000.00000000000 );
#6949 = COLOUR_RGB( '', 0.899999976158142, 0.899999976158142, 0.899999976158142 );
#6950 = CARTESIAN_POINT( '', ( -0.168167202572347, 0.179903536977492, 1.00000000000000 ) );
#6951 = CARTESIAN_POINT( '', ( -0.168167202572347, 0.126848874598070, 1.00000000000000 ) );
#6952 = CARTESIAN_POINT( '', ( -0.168167202572347, 0.179903536977492, 1.00000000000000 ) );
#6953 = CARTESIAN_POINT( '', ( -0.168167202572347, 0.162218649517684, 1.00000000000000 ) );
#6954 = CARTESIAN_POINT( '', ( -0.168167202572347, 0.144533762057877, 1.00000000000000 ) );
#6955 = CARTESIAN_POINT( '', ( -0.168167202572347, 0.126848874598070, 1.00000000000000 ) );
#6956 = CARTESIAN_POINT( '', ( -0.168167202572347, 0.179903536977492, 0.990000000000000 ) );
#6957 = VECTOR( '', #8113, 1000.00000000000 );
#6958 = CARTESIAN_POINT( '', ( -0.168167202572347, 0.126848874598070, 0.990000000000000 ) );
#6959 = VECTOR( '', #8114, 1000.00000000000 );
#6960 = COLOUR_RGB( '', 0.752941191196442, 0.752941191196442, 0.752941191196442 );
#6961 = CARTESIAN_POINT( '', ( 0.950000000000000, -0.250000000000000, -0.150000000000000 ) );
#6962 = VECTOR( '', #8115, 1000.00000000000 );
#6963 = COLOUR_RGB( '', 0.200000002980232, 0.200000002980232, 0.200000002980232 );
#6964 = CARTESIAN_POINT( '', ( -0.750000000000000, 0.500000000000000, 1.00000000000000 ) );
#6965 = CARTESIAN_POINT( '', ( 0.750000000000000, 0.500000000000000, 1.00000000000000 ) );
#6966 = VECTOR( '', #8116, 1000.00000000000 );
#6967 = CARTESIAN_POINT( '', ( -0.750000000000000, -0.500000000000000, 1.00000000000000 ) );
#6968 = AXIS2_PLACEMENT_3D( '', #8117, #8118, #8119 );
#6969 = CARTESIAN_POINT( '', ( 0.750000000000000, -0.500000000000000, 1.00000000000000 ) );
#6970 = VECTOR( '', #8120, 1000.00000000000 );
#6971 = COLOUR_RGB( '', 0.899999976158142, 0.899999976158142, 0.899999976158142 );
#6972 = CARTESIAN_POINT( '', ( 1.09389067524116, -0.125241157556270, 1.00000000000000 ) );
#6973 = CARTESIAN_POINT( '', ( 1.09935691318328, 0.136816720257234, 1.00000000000000 ) );
#6974 = CARTESIAN_POINT( '', ( 1.09389067524116, -0.125241157556270, 1.00000000000000 ) );
#6975 = CARTESIAN_POINT( '', ( 1.06752411575563, -0.155787781350482, 1.00000000000000 ) );
#6976 = CARTESIAN_POINT( '', ( 1.03504823151125, -0.170578778135048, 1.00000000000000 ) );
#6977 = CARTESIAN_POINT( '', ( 0.947909967845660, -0.170578778135048, 1.00000000000000 ) );
#6978 = CARTESIAN_POINT( '', ( 0.910610932475885, -0.153536977491962, 1.00000000000000 ) );
#6979 = CARTESIAN_POINT( '', ( 0.883922829581994, -0.118488745980708, 1.00000000000000 ) );
#6980 = CARTESIAN_POINT( '', ( 0.857507721667093, -0.0837990259478853, 1.00000000000000 ) );
#6981 = CARTESIAN_POINT( '', ( 0.844372990353698, -0.0422829581993575, 1.00000000000000 ) );
#6982 = CARTESIAN_POINT( '', ( 0.844372990353699, 0.0397106109324752, 1.00000000000000 ) );
#6983 = CARTESIAN_POINT( '', ( 0.850160771704181, 0.0705787781350481, 1.00000000000000 ) );
#6984 = CARTESIAN_POINT( '', ( 0.862379421221866, 0.0991961414790990, 1.00000000000000 ) );
#6985 = CARTESIAN_POINT( '', ( 0.874365831592285, 0.127269576294027, 1.00000000000000 ) );
#6986 = CARTESIAN_POINT( '', ( 0.892282958199357, 0.149035369774919, 1.00000000000000 ) );
#6987 = CARTESIAN_POINT( '', ( 0.938585209003216, 0.179903536977492, 1.00000000000000 ) );
#6988 = CARTESIAN_POINT( '', ( 0.965594855305467, 0.187620578778134, 1.00000000000000 ) );
#6989 = CARTESIAN_POINT( '', ( 1.03826366559486, 0.187620578778135, 1.00000000000000 ) );
#6990 = CARTESIAN_POINT( '', ( 1.07234726688103, 0.170578778135048, 1.00000000000000 ) );
#6991 = CARTESIAN_POINT( '', ( 1.09935691318328, 0.136816720257234, 1.00000000000000 ) );
#6992 = CARTESIAN_POINT( '', ( 1.09389067524116, -0.125241157556270, 0.990000000000000 ) );
#6993 = CARTESIAN_POINT( '', ( 1.09389067524116, -0.125241157556270, 0.990000000000000 ) );
#6994 = VECTOR( '', #8121, 1000.00000000000 );
#6995 = CARTESIAN_POINT( '', ( 1.09935691318328, 0.136816720257234, 0.990000000000000 ) );
#6996 = CARTESIAN_POINT( '', ( 1.09389067524116, -0.125241157556270, 0.990000000000000 ) );
#6997 = CARTESIAN_POINT( '', ( 1.06752411575563, -0.155787781350482, 0.990000000000000 ) );
#6998 = CARTESIAN_POINT( '', ( 1.03504823151125, -0.170578778135048, 0.990000000000000 ) );
#6999 = CARTESIAN_POINT( '', ( 0.947909967845660, -0.170578778135048, 0.990000000000000 ) );
#7000 = CARTESIAN_POINT( '', ( 0.910610932475885, -0.153536977491962, 0.990000000000000 ) );
#7001 = CARTESIAN_POINT( '', ( 0.883922829581994, -0.118488745980708, 0.990000000000000 ) );
#7002 = CARTESIAN_POINT( '', ( 0.857507721667093, -0.0837990259478853, 0.990000000000000 ) );
#7003 = CARTESIAN_POINT( '', ( 0.844372990353698, -0.0422829581993575, 0.990000000000000 ) );
#7004 = CARTESIAN_POINT( '', ( 0.844372990353699, 0.0397106109324752, 0.990000000000000 ) );
#7005 = CARTESIAN_POINT( '', ( 0.850160771704181, 0.0705787781350481, 0.990000000000000 ) );
#7006 = CARTESIAN_POINT( '', ( 0.862379421221866, 0.0991961414790990, 0.990000000000000 ) );
#7007 = CARTESIAN_POINT( '', ( 0.874365831592285, 0.127269576294027, 0.990000000000000 ) );
#7008 = CARTESIAN_POINT( '', ( 0.892282958199357, 0.149035369774919, 0.990000000000000 ) );
#7009 = CARTESIAN_POINT( '', ( 0.938585209003216, 0.179903536977492, 0.990000000000000 ) );
#7010 = CARTESIAN_POINT( '', ( 0.965594855305467, 0.187620578778134, 0.990000000000000 ) );
#7011 = CARTESIAN_POINT( '', ( 1.03826366559486, 0.187620578778135, 0.990000000000000 ) );
#7012 = CARTESIAN_POINT( '', ( 1.07234726688103, 0.170578778135048, 0.990000000000000 ) );
#7013 = CARTESIAN_POINT( '', ( 1.09935691318328, 0.136816720257234, 0.990000000000000 ) );
#7014 = CARTESIAN_POINT( '', ( 1.09935691318328, 0.136816720257234, 0.990000000000000 ) );
#7015 = VECTOR( '', #8122, 1000.00000000000 );
#7016 = COLOUR_RGB( '', 0.752941191196442, 0.752941191196442, 0.752941191196442 );
#7017 = CARTESIAN_POINT( '', ( -1.45000000000000, -0.500000000000000, -0.150000000000000 ) );
#7018 = CARTESIAN_POINT( '', ( -0.950000000000000, -0.250000000000000, -0.150000000000000 ) );
#7019 = CARTESIAN_POINT( '', ( -1.45000000000000, -0.500000000000000, -0.150000000000000 ) );
#7020 = VECTOR( '', #8123, 1000.00000000000 );
#7021 = CARTESIAN_POINT( '', ( -1.45000000000000, 0.500000000000000, -0.150000000000000 ) );
#7022 = VECTOR( '', #8124, 1000.00000000000 );
#7023 = CARTESIAN_POINT( '', ( -0.950000000000000, 0.250000000000000, -0.150000000000000 ) );
#7024 = CARTESIAN_POINT( '', ( -1.45000000000000, 0.500000000000000, -0.150000000000000 ) );
#7025 = VECTOR( '', #8125, 1000.00000000000 );
#7026 = CARTESIAN_POINT( '', ( -0.950000000000000, -0.250000000000000, -0.150000000000000 ) );
#7027 = VECTOR( '', #8126, 1000.00000000000 );
#7028 = CARTESIAN_POINT( '', ( -0.950000000000000, -0.250000000000000, -0.150000000000000 ) );
#7029 = VECTOR( '', #8127, 1000.00000000000 );
#7030 = CARTESIAN_POINT( '', ( -0.950000000000000, -0.250000000000000, -0.150000000000000 ) );
#7031 = VECTOR( '', #8128, 1000.00000000000 );
#7032 = COLOUR_RGB( '', 0.752941191196442, 0.752941191196442, 0.752941191196442 );
#7033 = CARTESIAN_POINT( '', ( -1.60000000000000, -0.500000000000000, 0.000000000000000 ) );
#7034 = CARTESIAN_POINT( '', ( -1.60000000000000, -0.500000000000000, 0.000000000000000 ) );
#7035 = VECTOR( '', #8129, 1000.00000000000 );
#7036 = CARTESIAN_POINT( '', ( -1.60000000000000, -0.500000000000000, -1.20000000000000 ) );
#7037 = CARTESIAN_POINT( '', ( -1.60000000000000, 0.500000000000000, -1.20000000000000 ) );
#7038 = VECTOR( '', #8130, 1000.00000000000 );
#7039 = CARTESIAN_POINT( '', ( -1.60000000000000, -0.500000000000000, -1.05000000000000 ) );
#7040 = VECTOR( '', #8131, 1000.00000000000 );
#7041 = COLOUR_RGB( '', 0.752941191196442, 0.752941191196442, 0.752941191196442 );
#7042 = CARTESIAN_POINT( '', ( -0.950000000000000, 0.250000000000000, -0.150000000000000 ) );
#7043 = VECTOR( '', #8132, 1000.00000000000 );
#7044 = COLOUR_RGB( '', 0.779999971389771, 0.529999971389771, 0.419999986886978 );
#7045 = CARTESIAN_POINT( '', ( 0.800000000000000, -0.127995703039686, -0.265785816031215 ) );
#7046 = CARTESIAN_POINT( '', ( 0.800000000000000, -0.122316178175836, -0.253992161129068 ) );
#7047 = CARTESIAN_POINT( '', ( 0.800000000000000, -0.133675227903536, -0.277579470933361 ) );
#7048 = CARTESIAN_POINT( '', ( 0.788089969389958, -0.138842796517627, -0.288310037728774 ) );
#7049 = CARTESIAN_POINT( '', ( 0.761910030610042, -0.138842796517627, -0.288310037728774 ) );
#7050 = CARTESIAN_POINT( '', ( 0.750000000000000, -0.133675227903536, -0.277579470933361 ) );
#7051 = CARTESIAN_POINT( '', ( 0.750000000000000, -0.122316178175836, -0.253992161129067 ) );
#7052 = CARTESIAN_POINT( '', ( 0.761910030610043, -0.117148609561746, -0.243261594333655 ) );
#7053 = CARTESIAN_POINT( '', ( 0.788089969389957, -0.117148609561746, -0.243261594333655 ) );
#7054 = CARTESIAN_POINT( '', ( 0.800000000000000, -0.122316178175836, -0.253992161129068 ) );
#7055 = CARTESIAN_POINT( '', ( 0.800000000000000, -0.133675227903536, -0.277579470933361 ) );
#7056 = COLOUR_RGB( '', 0.752941191196442, 0.752941191196442, 0.752941191196442 );
#7057 = CARTESIAN_POINT( '', ( 1.45000000000000, -0.500000000000000, 0.000000000000000 ) );
#7058 = CARTESIAN_POINT( '', ( 1.45000000000000, -0.500000000000000, 0.000000000000000 ) );
#7059 = VECTOR( '', #8133, 1000.00000000000 );
#7060 = CARTESIAN_POINT( '', ( 0.950000000000000, -0.250000000000000, -0.150000000000000 ) );
#7061 = CARTESIAN_POINT( '', ( 0.950000000000000, -0.250000000000000, -0.150000000000000 ) );
#7062 = VECTOR( '', #8134, 1000.00000000000 );
#7063 = CARTESIAN_POINT( '', ( 1.45000000000000, -0.500000000000000, -0.150000000000000 ) );
#7064 = CARTESIAN_POINT( '', ( 1.45000000000000, -0.500000000000000, -0.150000000000000 ) );
#7065 = VECTOR( '', #8135, 1000.00000000000 );
#7066 = CARTESIAN_POINT( '', ( 1.45000000000000, -0.500000000000000, -0.150000000000000 ) );
#7067 = VECTOR( '', #8136, 1000.00000000000 );
#7068 = COLOUR_RGB( '', 0.200000002980232, 0.200000002980232, 0.200000002980232 );
#7069 = CARTESIAN_POINT( '', ( -1.45000000000000, 1.05000000000000, 1.00000000000000 ) );
#7070 = CARTESIAN_POINT( '', ( -1.45000000000000, 1.05000000000000, 1.00000000000000 ) );
#7071 = VECTOR( '', #8137, 1000.00000000000 );
#7072 = CARTESIAN_POINT( '', ( -1.45000000000000, 1.05000000000000, 1.00000000000000 ) );
#7073 = VECTOR( '', #8138, 1000.00000000000 );
#7074 = COLOUR_RGB( '', 0.899999976158142, 0.899999976158142, 0.899999976158142 );
#7075 = CARTESIAN_POINT( '', ( -1.09163987138264, -0.170578778135049, 0.990000000000000 ) );
#7076 = CARTESIAN_POINT( '', ( -1.15273311897106, -0.170578778135049, 0.990000000000000 ) );
#7077 = CARTESIAN_POINT( '', ( -1.09163987138264, -0.170578778135049, 0.990000000000000 ) );
#7078 = CARTESIAN_POINT( '', ( -1.11200428724544, -0.170578778135049, 0.990000000000000 ) );
#7079 = CARTESIAN_POINT( '', ( -1.13236870310825, -0.170578778135049, 0.990000000000000 ) );
#7080 = CARTESIAN_POINT( '', ( -1.15273311897106, -0.170578778135049, 0.990000000000000 ) );
#7081 = CARTESIAN_POINT( '', ( -1.09163987138264, 0.240996784565916, 0.990000000000000 ) );
#7082 = CARTESIAN_POINT( '', ( -1.09163987138264, 0.103804930332260, 0.990000000000000 ) );
#7083 = CARTESIAN_POINT( '', ( -1.09163987138264, -0.0333869239013943, 0.990000000000000 ) );
#7084 = CARTESIAN_POINT( '', ( -1.09163987138264, -0.170578778135049, 0.990000000000000 ) );
#7085 = CARTESIAN_POINT( '', ( -0.895498392282957, -0.170578778135049, 0.990000000000000 ) );
#7086 = CARTESIAN_POINT( '', ( -0.914362272240085, -0.170578778135049, 0.990000000000000 ) );
#7087 = CARTESIAN_POINT( '', ( -0.933226152197213, -0.170578778135049, 0.990000000000000 ) );
#7088 = CARTESIAN_POINT( '', ( -0.952090032154340, -0.170578778135049, 0.990000000000000 ) );
#7089 = CARTESIAN_POINT( '', ( -0.753697749196141, -0.170578778135049, 0.990000000000000 ) );
#7090 = CARTESIAN_POINT( '', ( -0.753697749196141, -0.0356377277599152, 0.990000000000000 ) );
#7091 = CARTESIAN_POINT( '', ( -0.753697749196141, 0.0993033226152188, 0.990000000000000 ) );
#7092 = CARTESIAN_POINT( '', ( -0.753697749196141, 0.234244372990353, 0.990000000000000 ) );
#7093 = CARTESIAN_POINT( '', ( -0.692282958199356, 0.312379421221864, 0.990000000000000 ) );
#7094 = CARTESIAN_POINT( '', ( -0.692282958199356, 0.312379421221864, 0.990000000000000 ) );
#7095 = CARTESIAN_POINT( '', ( -0.692282958199356, 0.151393354769560, 0.990000000000000 ) );
#7096 = CARTESIAN_POINT( '', ( -0.692282958199356, -0.00959271168274485, 0.990000000000000 ) );
#7097 = CARTESIAN_POINT( '', ( -0.692282958199356, -0.170578778135049, 0.990000000000000 ) );
#7098 = CARTESIAN_POINT( '', ( -0.777170418006430, 0.312379421221864, 0.990000000000000 ) );
#7099 = CARTESIAN_POINT( '', ( -0.777170418006430, 0.312379421221864, 0.990000000000000 ) );
#7100 = CARTESIAN_POINT( '', ( -0.748874598070739, 0.312379421221864, 0.990000000000000 ) );
#7101 = CARTESIAN_POINT( '', ( -0.720578778135047, 0.312379421221864, 0.990000000000000 ) );
#7102 = CARTESIAN_POINT( '', ( -0.692282958199356, 0.312379421221864, 0.990000000000000 ) );
#7103 = CARTESIAN_POINT( '', ( -0.919614147909967, -0.101125401929262, 0.990000000000000 ) );
#7104 = CARTESIAN_POINT( '', ( -0.919614147909967, -0.101125401929262, 0.990000000000000 ) );
#7105 = CARTESIAN_POINT( '', ( -0.914147909967845, -0.0834405144694544, 0.990000000000000 ) );
#7106 = CARTESIAN_POINT( '', ( -0.905466237942121, -0.0577170418006441, 0.990000000000000 ) );
#7107 = CARTESIAN_POINT( '', ( -0.893890675241157, -0.0236334405144705, 0.990000000000000 ) );
#7108 = CARTESIAN_POINT( '', ( -0.855761764352710, 0.0886350193237352, 0.990000000000000 ) );
#7109 = CARTESIAN_POINT( '', ( -0.816077170418006, 0.200375133976419, 0.990000000000000 ) );
#7110 = CARTESIAN_POINT( '', ( -0.777170418006430, 0.312379421221864, 0.990000000000000 ) );
#7111 = CARTESIAN_POINT( '', ( -1.05755627009646, 0.312379421221864, 0.990000000000000 ) );
#7112 = CARTESIAN_POINT( '', ( -1.05755627009646, 0.312379421221864, 0.990000000000000 ) );
#7113 = CARTESIAN_POINT( '', ( -1.01929260450161, 0.198445873526259, 0.990000000000000 ) );
#7114 = CARTESIAN_POINT( '', ( -0.981028938906752, 0.0845123258306528, 0.990000000000000 ) );
#7115 = CARTESIAN_POINT( '', ( -0.942765273311896, -0.0294212218649529, 0.990000000000000 ) );
#7116 = CARTESIAN_POINT( '', ( -0.931985536031757, -0.0615188709652000, 0.990000000000000 ) );
#7117 = CARTESIAN_POINT( '', ( -0.924437299035369, -0.0853697749196154, 0.990000000000000 ) );
#7118 = CARTESIAN_POINT( '', ( -0.919614147909967, -0.101125401929262, 0.990000000000000 ) );
#7119 = CARTESIAN_POINT( '', ( -1.15273311897106, 0.312379421221864, 0.990000000000000 ) );
#7120 = CARTESIAN_POINT( '', ( -1.15273311897106, 0.312379421221864, 0.990000000000000 ) );
#7121 = CARTESIAN_POINT( '', ( -1.12100750267953, 0.312379421221863, 0.990000000000000 ) );
#7122 = CARTESIAN_POINT( '', ( -1.08928188638799, 0.312379421221864, 0.990000000000000 ) );
#7123 = CARTESIAN_POINT( '', ( -1.05755627009646, 0.312379421221864, 0.990000000000000 ) );
#7124 = CARTESIAN_POINT( '', ( -1.15273311897106, -0.170578778135049, 0.990000000000000 ) );
#7125 = CARTESIAN_POINT( '', ( -1.15273311897106, -0.00959271168274512, 0.990000000000000 ) );
#7126 = CARTESIAN_POINT( '', ( -1.15273311897106, 0.151393354769560, 0.990000000000000 ) );
#7127 = CARTESIAN_POINT( '', ( -1.15273311897106, 0.312379421221864, 0.990000000000000 ) );
#7128 = COLOUR_RGB( '', 0.899999976158142, 0.899999976158142, 0.899999976158142 );
#7129 = CARTESIAN_POINT( '', ( -0.371382636655948, 0.00498392282958105, 1.00000000000000 ) );
#7130 = CARTESIAN_POINT( '', ( -0.534726688102893, -0.116237942122188, 1.00000000000000 ) );
#7131 = CARTESIAN_POINT( '', ( -0.371382636655948, 0.00498392282958105, 1.00000000000000 ) );
#7132 = CARTESIAN_POINT( '', ( -0.392926045016077, -0.00369774919614240, 1.00000000000000 ) );
#7133 = CARTESIAN_POINT( '', ( -0.425401929260449, -0.0110932475884251, 1.00000000000000 ) );
#7134 = CARTESIAN_POINT( '', ( -0.468810289389067, -0.0172025723472675, 1.00000000000000 ) );
#7135 = CARTESIAN_POINT( '', ( -0.493261065359501, -0.0206437926690325, 1.00000000000000 ) );
#7136 = CARTESIAN_POINT( '', ( -0.510610932475883, -0.0249196141479111, 1.00000000000000 ) );
#7137 = CARTESIAN_POINT( '', ( -0.520900321543408, -0.0290996784565925, 1.00000000000000 ) );
#7138 = CARTESIAN_POINT( '', ( -0.531301833040000, -0.0333252925020831, 1.00000000000000 ) );
#7139 = CARTESIAN_POINT( '', ( -0.538906752411575, -0.0400321543408368, 1.00000000000000 ) );
#7140 = CARTESIAN_POINT( '', ( -0.544372990353697, -0.0483922829582004, 1.00000000000000 ) );
#7141 = CARTESIAN_POINT( '', ( -0.550082801592722, -0.0571249354414152, 1.00000000000000 ) );
#7142 = CARTESIAN_POINT( '', ( -0.552733118971060, -0.0663987138263675, 1.00000000000000 ) );
#7143 = CARTESIAN_POINT( '', ( -0.552733118971060, -0.0927652733118979, 1.00000000000000 ) );
#7144 = CARTESIAN_POINT( '', ( -0.546623794212218, -0.105948553054663, 1.00000000000000 ) );
#7145 = CARTESIAN_POINT( '', ( -0.534726688102893, -0.116237942122188, 1.00000000000000 ) );
#7146 = CARTESIAN_POINT( '', ( -0.371382636655948, 0.00498392282958105, 0.990000000000000 ) );
#7147 = CARTESIAN_POINT( '', ( -0.371382636655948, 0.00498392282958105, 0.990000000000000 ) );
#7148 = VECTOR( '', #8139, 1000.00000000000 );
#7149 = CARTESIAN_POINT( '', ( -0.534726688102893, -0.116237942122188, 0.990000000000000 ) );
#7150 = CARTESIAN_POINT( '', ( -0.371382636655948, 0.00498392282958105, 0.990000000000000 ) );
#7151 = CARTESIAN_POINT( '', ( -0.392926045016077, -0.00369774919614240, 0.990000000000000 ) );
#7152 = CARTESIAN_POINT( '', ( -0.425401929260449, -0.0110932475884251, 0.990000000000000 ) );
#7153 = CARTESIAN_POINT( '', ( -0.468810289389067, -0.0172025723472675, 0.990000000000000 ) );
#7154 = CARTESIAN_POINT( '', ( -0.493261065359501, -0.0206437926690325, 0.990000000000000 ) );
#7155 = CARTESIAN_POINT( '', ( -0.510610932475883, -0.0249196141479111, 0.990000000000000 ) );
#7156 = CARTESIAN_POINT( '', ( -0.520900321543408, -0.0290996784565925, 0.990000000000000 ) );
#7157 = CARTESIAN_POINT( '', ( -0.531301833040000, -0.0333252925020831, 0.990000000000000 ) );
#7158 = CARTESIAN_POINT( '', ( -0.538906752411575, -0.0400321543408368, 0.990000000000000 ) );
#7159 = CARTESIAN_POINT( '', ( -0.544372990353697, -0.0483922829582004, 0.990000000000000 ) );
#7160 = CARTESIAN_POINT( '', ( -0.550082801592722, -0.0571249354414152, 0.990000000000000 ) );
#7161 = CARTESIAN_POINT( '', ( -0.552733118971060, -0.0663987138263675, 0.990000000000000 ) );
#7162 = CARTESIAN_POINT( '', ( -0.552733118971060, -0.0927652733118979, 0.990000000000000 ) );
#7163 = CARTESIAN_POINT( '', ( -0.546623794212218, -0.105948553054663, 0.990000000000000 ) );
#7164 = CARTESIAN_POINT( '', ( -0.534726688102893, -0.116237942122188, 0.990000000000000 ) );
#7165 = CARTESIAN_POINT( '', ( -0.534726688102893, -0.116237942122188, 0.990000000000000 ) );
#7166 = VECTOR( '', #8140, 1000.00000000000 );
#7167 = COLOUR_RGB( '', 0.752941191196442, 0.752941191196442, 0.752941191196442 );
#7168 = CARTESIAN_POINT( '', ( 0.950000000000000, -0.250000000000000, -0.150000000000000 ) );
#7169 = VECTOR( '', #8141, 1000.00000000000 );
#7170 = COLOUR_RGB( '', 0.200000002980232, 0.200000002980232, 0.200000002980232 );
#7171 = CARTESIAN_POINT( '', ( -0.950000000000000, -0.250000000000000, 1.00000000000000 ) );
#7172 = CARTESIAN_POINT( '', ( -0.950000000000000, -0.250000000000000, 1.00000000000000 ) );
#7173 = VECTOR( '', #8142, 1000.00000000000 );
#7174 = CARTESIAN_POINT( '', ( 1.45000000000000, -0.500000000000000, 1.00000000000000 ) );
#7175 = CARTESIAN_POINT( '', ( 1.45000000000000, -1.25000000000000, 1.00000000000000 ) );
#7176 = VECTOR( '', #8143, 1000.00000000000 );
#7177 = CARTESIAN_POINT( '', ( 0.950000000000000, -0.250000000000000, 1.00000000000000 ) );
#7178 = VECTOR( '', #8144, 1000.00000000000 );
#7179 = CARTESIAN_POINT( '', ( 0.950000000000000, -0.250000000000000, 1.00000000000000 ) );
#7180 = VECTOR( '', #8145, 1000.00000000000 );
#7181 = CARTESIAN_POINT( '', ( -0.750000000000000, -0.250000000000000, 1.00000000000000 ) );
#7182 = CARTESIAN_POINT( '', ( -0.750000000000000, -1.25000000000000, 1.00000000000000 ) );
#7183 = VECTOR( '', #8146, 1000.00000000000 );
#7184 = CARTESIAN_POINT( '', ( 0.950000000000000, -0.250000000000000, 1.00000000000000 ) );
#7185 = VECTOR( '', #8147, 1000.00000000000 );
#7186 = COLOUR_RGB( '', 0.899999976158142, 0.899999976158142, 0.899999976158142 );
#7187 = CARTESIAN_POINT( '', ( 1.15273311897106, 0.179903536977492, 1.00000000000000 ) );
#7188 = CARTESIAN_POINT( '', ( 0.855627009646303, -0.199196141479100, 1.00000000000000 ) );
#7189 = CARTESIAN_POINT( '', ( 1.15273311897106, 0.179903536977492, 1.00000000000000 ) );
#7190 = CARTESIAN_POINT( '', ( 1.15273311897106, 0.0789389067524115, 1.00000000000000 ) );
#7191 = CARTESIAN_POINT( '', ( 1.15273311897106, -0.0220257234726693, 1.00000000000000 ) );
#7192 = CARTESIAN_POINT( '', ( 1.15273311897106, -0.122990353697750, 1.00000000000000 ) );
#7193 = CARTESIAN_POINT( '', ( 1.15273311897106, -0.177331189710612, 1.00000000000000 ) );
#7194 = CARTESIAN_POINT( '', ( 1.14726688102894, -0.215916398713827, 1.00000000000000 ) );
#7195 = CARTESIAN_POINT( '', ( 1.13601286173633, -0.238745980707396, 1.00000000000000 ) );
#7196 = CARTESIAN_POINT( '', ( 1.12482170402612, -0.261448043490979, 1.00000000000000 ) );
#7197 = CARTESIAN_POINT( '', ( 1.10739549839228, -0.279581993569132, 1.00000000000000 ) );
#7198 = CARTESIAN_POINT( '', ( 1.05916398713826, -0.305948553054663, 1.00000000000000 ) );
#7199 = CARTESIAN_POINT( '', ( 1.02958199356913, -0.312379421221865, 1.00000000000000 ) );
#7200 = CARTESIAN_POINT( '', ( 0.952411575562701, -0.312379421221866, 1.00000000000000 ) );
#7201 = CARTESIAN_POINT( '', ( 0.918649517684888, -0.303054662379421, 1.00000000000000 ) );
#7202 = CARTESIAN_POINT( '', ( 0.892926045016078, -0.284405144694534, 1.00000000000000 ) );
#7203 = CARTESIAN_POINT( '', ( 0.867049770072094, -0.265644845360146, 1.00000000000000 ) );
#7204 = CARTESIAN_POINT( '', ( 0.854662379421222, -0.237138263665596, 1.00000000000000 ) );
#7205 = CARTESIAN_POINT( '', ( 0.855627009646303, -0.199196141479100, 1.00000000000000 ) );
#7206 = CARTESIAN_POINT( '', ( 1.15273311897106, 0.179903536977492, 0.990000000000000 ) );
#7207 = CARTESIAN_POINT( '', ( 1.15273311897106, 0.179903536977492, 0.990000000000000 ) );
#7208 = VECTOR( '', #8148, 1000.00000000000 );
#7209 = CARTESIAN_POINT( '', ( 0.855627009646303, -0.199196141479100, 0.990000000000000 ) );
#7210 = CARTESIAN_POINT( '', ( 1.15273311897106, 0.179903536977492, 0.990000000000000 ) );
#7211 = CARTESIAN_POINT( '', ( 1.15273311897106, 0.0789389067524115, 0.990000000000000 ) );
#7212 = CARTESIAN_POINT( '', ( 1.15273311897106, -0.0220257234726693, 0.990000000000000 ) );
#7213 = CARTESIAN_POINT( '', ( 1.15273311897106, -0.122990353697750, 0.990000000000000 ) );
#7214 = CARTESIAN_POINT( '', ( 1.15273311897106, -0.177331189710612, 0.990000000000000 ) );
#7215 = CARTESIAN_POINT( '', ( 1.14726688102894, -0.215916398713827, 0.990000000000000 ) );
#7216 = CARTESIAN_POINT( '', ( 1.13601286173633, -0.238745980707396, 0.990000000000000 ) );
#7217 = CARTESIAN_POINT( '', ( 1.12482170402612, -0.261448043490979, 0.990000000000000 ) );
#7218 = CARTESIAN_POINT( '', ( 1.10739549839228, -0.279581993569132, 0.990000000000000 ) );
#7219 = CARTESIAN_POINT( '', ( 1.05916398713826, -0.305948553054663, 0.990000000000000 ) );
#7220 = CARTESIAN_POINT( '', ( 1.02958199356913, -0.312379421221865, 0.990000000000000 ) );
#7221 = CARTESIAN_POINT( '', ( 0.952411575562701, -0.312379421221866, 0.990000000000000 ) );
#7222 = CARTESIAN_POINT( '', ( 0.918649517684888, -0.303054662379421, 0.990000000000000 ) );
#7223 = CARTESIAN_POINT( '', ( 0.892926045016078, -0.284405144694534, 0.990000000000000 ) );
#7224 = CARTESIAN_POINT( '', ( 0.867049770072094, -0.265644845360146, 0.990000000000000 ) );
#7225 = CARTESIAN_POINT( '', ( 0.854662379421222, -0.237138263665596, 0.990000000000000 ) );
#7226 = CARTESIAN_POINT( '', ( 0.855627009646303, -0.199196141479100, 0.990000000000000 ) );
#7227 = CARTESIAN_POINT( '', ( 0.855627009646303, -0.199196141479100, 0.990000000000000 ) );
#7228 = VECTOR( '', #8149, 1000.00000000000 );
#7229 = COLOUR_RGB( '', 0.200000002980232, 0.200000002980232, 0.200000002980232 );
#7230 = CARTESIAN_POINT( '', ( 1.45000000000000, -0.500000000000000, 0.850000000000000 ) );
#7231 = CARTESIAN_POINT( '', ( 1.45000000000000, -0.500000000000000, 0.850000000000000 ) );
#7232 = VECTOR( '', #8150, 1000.00000000000 );
#7233 = CARTESIAN_POINT( '', ( 0.950000000000000, -0.250000000000000, 0.850000000000000 ) );
#7234 = VECTOR( '', #8151, 1000.00000000000 );
#7235 = COLOUR_RGB( '', 0.752941191196442, 0.752941191196442, 0.752941191196442 );
#7236 = CARTESIAN_POINT( '', ( -1.45000000000000, -0.500000000000000, -1.05000000000000 ) );
#7237 = CARTESIAN_POINT( '', ( -1.45000000000000, 0.500000000000000, -1.05000000000000 ) );
#7238 = VECTOR( '', #8152, 1000.00000000000 );
#7239 = CARTESIAN_POINT( '', ( -1.00000000000000, -0.500000000000000, -1.05000000000000 ) );
#7240 = CARTESIAN_POINT( '', ( -1.00000000000000, -0.500000000000000, -1.05000000000000 ) );
#7241 = VECTOR( '', #8153, 1000.00000000000 );
#7242 = CARTESIAN_POINT( '', ( -1.00000000000000, -0.500000000000000, -1.05000000000000 ) );
#7243 = VECTOR( '', #8154, 1000.00000000000 );
#7244 = COLOUR_RGB( '', 0.752941191196442, 0.752941191196442, 0.752941191196442 );
#7245 = CARTESIAN_POINT( '', ( -1.45000000000000, -0.500000000000000, 0.000000000000000 ) );
#7246 = CARTESIAN_POINT( '', ( -1.45000000000000, -0.500000000000000, 0.000000000000000 ) );
#7247 = VECTOR( '', #8155, 1000.00000000000 );
#7248 = CARTESIAN_POINT( '', ( -1.45000000000000, -0.500000000000000, -0.150000000000000 ) );
#7249 = VECTOR( '', #8156, 1000.00000000000 );
#7250 = CARTESIAN_POINT( '', ( -0.950000000000000, -0.250000000000000, -0.150000000000000 ) );
#7251 = VECTOR( '', #8157, 1000.00000000000 );
#7252 = COLOUR_RGB( '', 0.899999976158142, 0.899999976158142, 0.899999976158142 );
#7253 = CARTESIAN_POINT( '', ( 0.0627009646302256, 0.312379421221865, 1.00000000000000 ) );
#7254 = CARTESIAN_POINT( '', ( 0.0627009646302258, 0.0377813504823145, 1.00000000000000 ) );
#7255 = CARTESIAN_POINT( '', ( 0.0627009646302256, 0.312379421221865, 1.00000000000000 ) );
#7256 = CARTESIAN_POINT( '', ( 0.0627009646302258, 0.0377813504823145, 1.00000000000000 ) );
#7257 = CARTESIAN_POINT( '', ( 0.0627009646302256, 0.312379421221865, 0.990000000000000 ) );
#7258 = CARTESIAN_POINT( '', ( 0.0627009646302256, 0.312379421221865, 0.990000000000000 ) );
#7259 = VECTOR( '', #8158, 1000.00000000000 );
#7260 = CARTESIAN_POINT( '', ( 0.0627009646302258, 0.0377813504823145, 0.990000000000000 ) );
#7261 = CARTESIAN_POINT( '', ( 0.0627009646302256, 0.312379421221865, 0.990000000000000 ) );
#7262 = CARTESIAN_POINT( '', ( 0.0627009646302258, 0.0377813504823145, 0.990000000000000 ) );
#7263 = CARTESIAN_POINT( '', ( 0.0627009646302258, 0.0377813504823145, 0.990000000000000 ) );
#7264 = VECTOR( '', #8159, 1000.00000000000 );
#7265 = COLOUR_RGB( '', 0.899999976158142, 0.899999976158142, 0.899999976158142 );
#7266 = CARTESIAN_POINT( '', ( 1.09935691318328, 0.179903536977492, 1.00000000000000 ) );
#7267 = CARTESIAN_POINT( '', ( 1.09935691318328, 0.179903536977492, 1.00000000000000 ) );
#7268 = CARTESIAN_POINT( '', ( 1.11714898177921, 0.179903536977492, 1.00000000000000 ) );
#7269 = CARTESIAN_POINT( '', ( 1.13494105037513, 0.179903536977492, 1.00000000000000 ) );
#7270 = CARTESIAN_POINT( '', ( 1.15273311897106, 0.179903536977492, 1.00000000000000 ) );
#7271 = CARTESIAN_POINT( '', ( 1.09935691318328, 0.179903536977492, 0.990000000000000 ) );
#7272 = CARTESIAN_POINT( '', ( 1.09935691318328, 0.179903536977492, 0.990000000000000 ) );
#7273 = VECTOR( '', #8160, 1000.00000000000 );
#7274 = CARTESIAN_POINT( '', ( 1.09935691318328, 0.179903536977492, 0.990000000000000 ) );
#7275 = CARTESIAN_POINT( '', ( 1.11714898177921, 0.179903536977492, 0.990000000000000 ) );
#7276 = CARTESIAN_POINT( '', ( 1.13494105037513, 0.179903536977492, 0.990000000000000 ) );
#7277 = CARTESIAN_POINT( '', ( 1.15273311897106, 0.179903536977492, 0.990000000000000 ) );
#7278 = COLOUR_RGB( '', 0.752941191196442, 0.752941191196442, 0.752941191196442 );
#7279 = CARTESIAN_POINT( '', ( 1.45000000000000, 0.500000000000000, -0.150000000000000 ) );
#7280 = VECTOR( '', #8161, 1000.00000000000 );
#7281 = COLOUR_RGB( '', 0.752941191196442, 0.752941191196442, 0.752941191196442 );
#7282 = CARTESIAN_POINT( '', ( 1.60000000000000, -0.500000000000000, 0.000000000000000 ) );
#7283 = CARTESIAN_POINT( '', ( 1.60000000000000, 0.500000000000000, 0.000000000000000 ) );
#7284 = CARTESIAN_POINT( '', ( 1.60000000000000, -0.500000000000000, 0.000000000000000 ) );
#7285 = VECTOR( '', #8162, 1000.00000000000 );
#7286 = CARTESIAN_POINT( '', ( 1.60000000000000, -0.500000000000000, -1.05000000000000 ) );
#7287 = VECTOR( '', #8163, 1000.00000000000 );
#7288 = CARTESIAN_POINT( '', ( 1.60000000000000, 0.500000000000000, -1.05000000000000 ) );
#7289 = VECTOR( '', #8164, 1000.00000000000 );
#7290 = COLOUR_RGB( '', 0.899999976158142, 0.899999976158142, 0.899999976158142 );
#7291 = CARTESIAN_POINT( '', ( 0.342122186495178, 0.312379421221865, 1.00000000000000 ) );
#7292 = CARTESIAN_POINT( '', ( 0.401286173633441, 0.312379421221865, 1.00000000000000 ) );
#7293 = CARTESIAN_POINT( '', ( 0.342122186495178, 0.312379421221865, 1.00000000000000 ) );
#7294 = CARTESIAN_POINT( '', ( 0.401286173633441, 0.312379421221865, 1.00000000000000 ) );
#7295 = CARTESIAN_POINT( '', ( 0.342122186495178, 0.312379421221865, 0.990000000000000 ) );
#7296 = CARTESIAN_POINT( '', ( 0.342122186495178, 0.312379421221865, 0.990000000000000 ) );
#7297 = VECTOR( '', #8165, 1000.00000000000 );
#7298 = CARTESIAN_POINT( '', ( 0.401286173633441, 0.312379421221865, 0.990000000000000 ) );
#7299 = CARTESIAN_POINT( '', ( 0.342122186495178, 0.312379421221865, 0.990000000000000 ) );
#7300 = CARTESIAN_POINT( '', ( 0.401286173633441, 0.312379421221865, 0.990000000000000 ) );
#7301 = CARTESIAN_POINT( '', ( 0.401286173633441, 0.312379421221865, 0.990000000000000 ) );
#7302 = VECTOR( '', #8166, 1000.00000000000 );
#7303 = COLOUR_RGB( '', 0.779999971389771, 0.529999971389771, 0.419999986886978 );
#7304 = CARTESIAN_POINT( '', ( -0.700000000000000, 0.000000000000000, 0.295000000000004 ) );
#7305 = AXIS2_PLACEMENT_3D( '', #8167, #8168, #8169 );
#7306 = COLOUR_RGB( '', 0.899999976158142, 0.899999976158142, 0.899999976158142 );
#7307 = CARTESIAN_POINT( '', ( 0.342122186495178, 0.244533762057877, 1.00000000000000 ) );
#7308 = CARTESIAN_POINT( '', ( 0.342122186495178, 0.244533762057877, 1.00000000000000 ) );
#7309 = CARTESIAN_POINT( '', ( 0.342122186495178, 0.312379421221865, 1.00000000000000 ) );
#7310 = CARTESIAN_POINT( '', ( 0.342122186495178, 0.244533762057877, 0.990000000000000 ) );
#7311 = CARTESIAN_POINT( '', ( 0.342122186495178, 0.244533762057877, 0.990000000000000 ) );
#7312 = VECTOR( '', #8170, 1000.00000000000 );
#7313 = CARTESIAN_POINT( '', ( 0.342122186495178, 0.244533762057877, 0.990000000000000 ) );
#7314 = CARTESIAN_POINT( '', ( 0.342122186495178, 0.312379421221865, 0.990000000000000 ) );
#7315 = COLOUR_RGB( '', 0.899999976158142, 0.899999976158142, 0.899999976158142 );
#7316 = CARTESIAN_POINT( '', ( 0.913504823151126, -0.206913183279743, 1.00000000000000 ) );
#7317 = CARTESIAN_POINT( '', ( 0.855627009646303, -0.199196141479100, 1.00000000000000 ) );
#7318 = CARTESIAN_POINT( '', ( 0.874919614147911, -0.201768488745981, 1.00000000000000 ) );
#7319 = CARTESIAN_POINT( '', ( 0.894212218649519, -0.204340836012862, 1.00000000000000 ) );
#7320 = CARTESIAN_POINT( '', ( 0.913504823151126, -0.206913183279743, 1.00000000000000 ) );
#7321 = CARTESIAN_POINT( '', ( 0.913504823151126, -0.206913183279743, 0.990000000000000 ) );
#7322 = CARTESIAN_POINT( '', ( 0.855627009646303, -0.199196141479100, 0.990000000000000 ) );
#7323 = CARTESIAN_POINT( '', ( 0.874919614147911, -0.201768488745981, 0.990000000000000 ) );
#7324 = CARTESIAN_POINT( '', ( 0.894212218649519, -0.204340836012862, 0.990000000000000 ) );
#7325 = CARTESIAN_POINT( '', ( 0.913504823151126, -0.206913183279743, 0.990000000000000 ) );
#7326 = CARTESIAN_POINT( '', ( 0.913504823151126, -0.206913183279743, 0.990000000000000 ) );
#7327 = VECTOR( '', #8171, 1000.00000000000 );
#7328 = COLOUR_RGB( '', 0.899999976158142, 0.899999976158142, 0.899999976158142 );
#7329 = CARTESIAN_POINT( '', ( 0.401286173633441, 0.179903536977492, 1.00000000000000 ) );
#7330 = CARTESIAN_POINT( '', ( 0.342122186495178, 0.179903536977492, 1.00000000000000 ) );
#7331 = CARTESIAN_POINT( '', ( 0.401286173633441, 0.179903536977492, 1.00000000000000 ) );
#7332 = CARTESIAN_POINT( '', ( 0.401286173633441, 0.179903536977492, 0.990000000000000 ) );
#7333 = VECTOR( '', #8172, 1000.00000000000 );
#7334 = COLOUR_RGB( '', 0.899999976158142, 0.899999976158142, 0.899999976158142 );
#7335 = CARTESIAN_POINT( '', ( -1.09163987138264, -0.170578778135049, 1.00000000000000 ) );
#7336 = CARTESIAN_POINT( '', ( -1.15273311897106, -0.170578778135049, 1.00000000000000 ) );
#7337 = CARTESIAN_POINT( '', ( -1.09163987138264, -0.170578778135049, 1.00000000000000 ) );
#7338 = CARTESIAN_POINT( '', ( -1.11200428724544, -0.170578778135049, 1.00000000000000 ) );
#7339 = CARTESIAN_POINT( '', ( -1.13236870310825, -0.170578778135049, 1.00000000000000 ) );
#7340 = CARTESIAN_POINT( '', ( -1.15273311897106, -0.170578778135049, 1.00000000000000 ) );
#7341 = CARTESIAN_POINT( '', ( -1.09163987138264, -0.170578778135049, 0.990000000000000 ) );
#7342 = VECTOR( '', #8173, 1000.00000000000 );
#7343 = CARTESIAN_POINT( '', ( -1.15273311897106, -0.170578778135049, 0.990000000000000 ) );
#7344 = VECTOR( '', #8174, 1000.00000000000 );
#7345 = COLOUR_RGB( '', 0.752941191196442, 0.752941191196442, 0.752941191196442 );
#7346 = CARTESIAN_POINT( '', ( -1.45000000000000, 0.500000000000000, 0.000000000000000 ) );
#7347 = VECTOR( '', #8175, 1000.00000000000 );
#7348 = CARTESIAN_POINT( '', ( -1.45000000000000, -0.500000000000000, 0.000000000000000 ) );
#7349 = VECTOR( '', #8176, 1000.00000000000 );
#7350 = COLOUR_RGB( '', 0.899999976158142, 0.899999976158142, 0.899999976158142 );
#7351 = CARTESIAN_POINT( '', ( -0.534726688102893, -0.116237942122188, 1.00000000000000 ) );
#7352 = CARTESIAN_POINT( '', ( -0.522486539652765, -0.126824016457433, 1.00000000000000 ) );
#7353 = CARTESIAN_POINT( '', ( -0.505144694533761, -0.132315112540194, 1.00000000000000 ) );
#7354 = CARTESIAN_POINT( '', ( -0.481993569131832, -0.131993569131833, 1.00000000000000 ) );
#7355 = CARTESIAN_POINT( '', ( -0.458851373768630, -0.131672149751789, 1.00000000000000 ) );
#7356 = CARTESIAN_POINT( '', ( -0.438585209003215, -0.127170418006432, 1.00000000000000 ) );
#7357 = CARTESIAN_POINT( '', ( -0.420578778135048, -0.117202572347268, 1.00000000000000 ) );
#7358 = CARTESIAN_POINT( '', ( -0.402818468850629, -0.107370972564822, 1.00000000000000 ) );
#7359 = CARTESIAN_POINT( '', ( -0.389710610932475, -0.0934083601286182, 1.00000000000000 ) );
#7360 = CARTESIAN_POINT( '', ( -0.381350482315112, -0.0760450160771712, 1.00000000000000 ) );
#7361 = CARTESIAN_POINT( '', ( -0.374987288651451, -0.0628291523141822, 1.00000000000000 ) );
#7362 = CARTESIAN_POINT( '', ( -0.371704180064308, -0.0429260450160780, 1.00000000000000 ) );
#7363 = CARTESIAN_POINT( '', ( -0.371704180064308, -0.0165594855305476, 1.00000000000000 ) );
#7364 = CARTESIAN_POINT( '', ( -0.371704180064308, -0.00937834941050443, 1.00000000000000 ) );
#7365 = CARTESIAN_POINT( '', ( -0.371489817792069, -0.00219721329046180, 1.00000000000000 ) );
#7366 = CARTESIAN_POINT( '', ( -0.371382636655948, 0.00498392282958105, 1.00000000000000 ) );
#7367 = CARTESIAN_POINT( '', ( -0.534726688102893, -0.116237942122188, 0.990000000000000 ) );
#7368 = CARTESIAN_POINT( '', ( -0.522486539652765, -0.126824016457433, 0.990000000000000 ) );
#7369 = CARTESIAN_POINT( '', ( -0.505144694533761, -0.132315112540194, 0.990000000000000 ) );
#7370 = CARTESIAN_POINT( '', ( -0.481993569131832, -0.131993569131833, 0.990000000000000 ) );
#7371 = CARTESIAN_POINT( '', ( -0.458851373768630, -0.131672149751789, 0.990000000000000 ) );
#7372 = CARTESIAN_POINT( '', ( -0.438585209003215, -0.127170418006432, 0.990000000000000 ) );
#7373 = CARTESIAN_POINT( '', ( -0.420578778135048, -0.117202572347268, 0.990000000000000 ) );
#7374 = CARTESIAN_POINT( '', ( -0.402818468850629, -0.107370972564822, 0.990000000000000 ) );
#7375 = CARTESIAN_POINT( '', ( -0.389710610932475, -0.0934083601286182, 0.990000000000000 ) );
#7376 = CARTESIAN_POINT( '', ( -0.381350482315112, -0.0760450160771712, 0.990000000000000 ) );
#7377 = CARTESIAN_POINT( '', ( -0.374987288651451, -0.0628291523141822, 0.990000000000000 ) );
#7378 = CARTESIAN_POINT( '', ( -0.371704180064308, -0.0429260450160780, 0.990000000000000 ) );
#7379 = CARTESIAN_POINT( '', ( -0.371704180064308, -0.0165594855305476, 0.990000000000000 ) );
#7380 = CARTESIAN_POINT( '', ( -0.371704180064308, -0.00937834941050443, 0.990000000000000 ) );
#7381 = CARTESIAN_POINT( '', ( -0.371489817792069, -0.00219721329046180, 0.990000000000000 ) );
#7382 = CARTESIAN_POINT( '', ( -0.371382636655948, 0.00498392282958105, 0.990000000000000 ) );
#7383 = COLOUR_RGB( '', 0.899999976158142, 0.899999976158142, 0.899999976158142 );
#7384 = CARTESIAN_POINT( '', ( 0.913504823151126, -0.206913183279743, 1.00000000000000 ) );
#7385 = CARTESIAN_POINT( '', ( 0.915755627009647, -0.225241157556271, 1.00000000000000 ) );
#7386 = CARTESIAN_POINT( '', ( 0.922508038585210, -0.238424437299036, 1.00000000000000 ) );
#7387 = CARTESIAN_POINT( '', ( 0.933762057877815, -0.246784565916399, 1.00000000000000 ) );
#7388 = CARTESIAN_POINT( '', ( 0.948680589501888, -0.257866903694283, 1.00000000000000 ) );
#7389 = CARTESIAN_POINT( '', ( 0.968810289389068, -0.263826366559486, 1.00000000000000 ) );
#7390 = CARTESIAN_POINT( '', ( 1.02250803858521, -0.263826366559486, 1.00000000000000 ) );
#7391 = CARTESIAN_POINT( '', ( 1.04372990353698, -0.258360128617364, 1.00000000000000 ) );
#7392 = CARTESIAN_POINT( '', ( 1.07395498392283, -0.236495176848875, 1.00000000000000 ) );
#7393 = CARTESIAN_POINT( '', ( 1.08424437299035, -0.221061093247588, 1.00000000000000 ) );
#7394 = CARTESIAN_POINT( '', ( 1.08938906752412, -0.201125401929261, 1.00000000000000 ) );
#7395 = CARTESIAN_POINT( '', ( 1.09246835542310, -0.189193161320681, 1.00000000000000 ) );
#7396 = CARTESIAN_POINT( '', ( 1.09389067524116, -0.163826366559486, 1.00000000000000 ) );
#7397 = CARTESIAN_POINT( '', ( 1.09389067524116, -0.125241157556270, 1.00000000000000 ) );
#7398 = CARTESIAN_POINT( '', ( 0.913504823151126, -0.206913183279743, 0.990000000000000 ) );
#7399 = CARTESIAN_POINT( '', ( 0.915755627009647, -0.225241157556271, 0.990000000000000 ) );
#7400 = CARTESIAN_POINT( '', ( 0.922508038585210, -0.238424437299036, 0.990000000000000 ) );
#7401 = CARTESIAN_POINT( '', ( 0.933762057877815, -0.246784565916399, 0.990000000000000 ) );
#7402 = CARTESIAN_POINT( '', ( 0.948680589501888, -0.257866903694283, 0.990000000000000 ) );
#7403 = CARTESIAN_POINT( '', ( 0.968810289389068, -0.263826366559486, 0.990000000000000 ) );
#7404 = CARTESIAN_POINT( '', ( 1.02250803858521, -0.263826366559486, 0.990000000000000 ) );
#7405 = CARTESIAN_POINT( '', ( 1.04372990353698, -0.258360128617364, 0.990000000000000 ) );
#7406 = CARTESIAN_POINT( '', ( 1.07395498392283, -0.236495176848875, 0.990000000000000 ) );
#7407 = CARTESIAN_POINT( '', ( 1.08424437299035, -0.221061093247588, 0.990000000000000 ) );
#7408 = CARTESIAN_POINT( '', ( 1.08938906752412, -0.201125401929261, 0.990000000000000 ) );
#7409 = CARTESIAN_POINT( '', ( 1.09246835542310, -0.189193161320681, 0.990000000000000 ) );
#7410 = CARTESIAN_POINT( '', ( 1.09389067524116, -0.163826366559486, 0.990000000000000 ) );
#7411 = CARTESIAN_POINT( '', ( 1.09389067524116, -0.125241157556270, 0.990000000000000 ) );
#7412 = COLOUR_RGB( '', 0.200000002980232, 0.200000002980232, 0.200000002980232 );
#7413 = CARTESIAN_POINT( '', ( 0.950000000000000, 0.200000000000000, 0.850000000000000 ) );
#7414 = CARTESIAN_POINT( '', ( 0.950000000000000, -2.16840434497101E-016, 0.850000000000000 ) );
#7415 = VECTOR( '', #8177, 1000.00000000000 );
#7416 = AXIS2_PLACEMENT_3D( '', #8178, #8179, #8180 );
#7417 = COLOUR_RGB( '', 0.899999976158142, 0.899999976158142, 0.899999976158142 );
#7418 = CARTESIAN_POINT( '', ( -1.15273311897106, 0.312379421221864, 1.00000000000000 ) );
#7419 = CARTESIAN_POINT( '', ( -1.05755627009646, 0.312379421221864, 1.00000000000000 ) );
#7420 = CARTESIAN_POINT( '', ( -1.15273311897106, 0.312379421221864, 1.00000000000000 ) );
#7421 = CARTESIAN_POINT( '', ( -1.12100750267953, 0.312379421221863, 1.00000000000000 ) );
#7422 = CARTESIAN_POINT( '', ( -1.08928188638799, 0.312379421221864, 1.00000000000000 ) );
#7423 = CARTESIAN_POINT( '', ( -1.05755627009646, 0.312379421221864, 1.00000000000000 ) );
#7424 = CARTESIAN_POINT( '', ( -1.15273311897106, 0.312379421221864, 0.990000000000000 ) );
#7425 = VECTOR( '', #8181, 1000.00000000000 );
#7426 = CARTESIAN_POINT( '', ( -1.05755627009646, 0.312379421221864, 0.990000000000000 ) );
#7427 = VECTOR( '', #8182, 1000.00000000000 );
#7428 = COLOUR_RGB( '', 0.899999976158142, 0.899999976158142, 0.899999976158142 );
#7429 = CARTESIAN_POINT( '', ( -0.355305466237942, -0.170578778135049, 1.00000000000000 ) );
#7430 = CARTESIAN_POINT( '', ( -0.294212218649517, -0.170578778135049, 1.00000000000000 ) );
#7431 = CARTESIAN_POINT( '', ( -0.314576634512325, -0.170578778135049, 1.00000000000000 ) );
#7432 = CARTESIAN_POINT( '', ( -0.334941050375134, -0.170578778135049, 1.00000000000000 ) );
#7433 = CARTESIAN_POINT( '', ( -0.355305466237942, -0.170578778135049, 1.00000000000000 ) );
#7434 = CARTESIAN_POINT( '', ( -0.355305466237942, -0.170578778135049, 0.990000000000000 ) );
#7435 = CARTESIAN_POINT( '', ( -0.294212218649517, -0.170578778135049, 0.990000000000000 ) );
#7436 = CARTESIAN_POINT( '', ( -0.314576634512325, -0.170578778135049, 0.990000000000000 ) );
#7437 = CARTESIAN_POINT( '', ( -0.334941050375134, -0.170578778135049, 0.990000000000000 ) );
#7438 = CARTESIAN_POINT( '', ( -0.355305466237942, -0.170578778135049, 0.990000000000000 ) );
#7439 = CARTESIAN_POINT( '', ( -0.355305466237942, -0.170578778135049, 0.990000000000000 ) );
#7440 = VECTOR( '', #8183, 1000.00000000000 );
#7441 = COLOUR_RGB( '', 0.899999976158142, 0.899999976158142, 0.899999976158142 );
#7442 = CARTESIAN_POINT( '', ( -0.221543408360128, 0.179903536977491, 1.00000000000000 ) );
#7443 = CARTESIAN_POINT( '', ( -0.203751339764201, 0.179903536977492, 1.00000000000000 ) );
#7444 = CARTESIAN_POINT( '', ( -0.185959271168274, 0.179903536977491, 1.00000000000000 ) );
#7445 = CARTESIAN_POINT( '', ( -0.168167202572347, 0.179903536977492, 1.00000000000000 ) );
#7446 = COLOUR_RGB( '', 0.899999976158142, 0.899999976158142, 0.899999976158142 );
#7447 = CARTESIAN_POINT( '', ( -1.09163987138264, 0.240996784565916, 1.00000000000000 ) );
#7448 = CARTESIAN_POINT( '', ( -1.09163987138264, 0.103804930332260, 1.00000000000000 ) );
#7449 = CARTESIAN_POINT( '', ( -1.09163987138264, -0.0333869239013943, 1.00000000000000 ) );
#7450 = CARTESIAN_POINT( '', ( -1.09163987138264, -0.170578778135049, 1.00000000000000 ) );
#7451 = COLOUR_RGB( '', 0.899999976158142, 0.899999976158142, 0.899999976158142 );
#7452 = CARTESIAN_POINT( '', ( 0.401286173633441, -0.170578778135048, 1.00000000000000 ) );
#7453 = CARTESIAN_POINT( '', ( 0.401286173633441, -0.170578778135048, 1.00000000000000 ) );
#7454 = CARTESIAN_POINT( '', ( 0.342122186495178, -0.170578778135048, 1.00000000000000 ) );
#7455 = CARTESIAN_POINT( '', ( 0.401286173633441, -0.170578778135048, 0.990000000000000 ) );
#7456 = VECTOR( '', #8184, 1000.00000000000 );
#7457 = COLOUR_RGB( '', 0.200000002980232, 0.200000002980232, 0.200000002980232 );
#7458 = CARTESIAN_POINT( '', ( -0.950000000000000, 0.250000000000000, 1.00000000000000 ) );
#7459 = CARTESIAN_POINT( '', ( -0.950000000000000, 0.250000000000000, 1.00000000000000 ) );
#7460 = VECTOR( '', #8185, 1000.00000000000 );
#7461 = CARTESIAN_POINT( '', ( -0.950000000000000, 0.250000000000000, 0.850000000000000 ) );
#7462 = CARTESIAN_POINT( '', ( -0.950000000000000, 0.250000000000000, 0.850000000000000 ) );
#7463 = VECTOR( '', #8186, 1000.00000000000 );
#7464 = CARTESIAN_POINT( '', ( -0.950000000000000, 0.250000000000000, 0.850000000000000 ) );
#7465 = VECTOR( '', #8187, 1000.00000000000 );
#7466 = COLOUR_RGB( '', 0.200000002980232, 0.200000002980232, 0.200000002980232 );
#7467 = CARTESIAN_POINT( '', ( -0.950000000000000, -0.250000000000000, 0.850000000000000 ) );
#7468 = CARTESIAN_POINT( '', ( -0.950000000000000, -0.250000000000000, 0.850000000000000 ) );
#7469 = VECTOR( '', #8188, 1000.00000000000 );
#7470 = CARTESIAN_POINT( '', ( -0.950000000000000, -0.250000000000000, 0.850000000000000 ) );
#7471 = VECTOR( '', #8189, 1000.00000000000 );
#7472 = CARTESIAN_POINT( '', ( -0.950000000000000, -0.250000000000000, 0.850000000000000 ) );
#7473 = VECTOR( '', #8190, 1000.00000000000 );
#7474 = COLOUR_RGB( '', 0.200000002980232, 0.200000002980232, 0.200000002980232 );
#7475 = CARTESIAN_POINT( '', ( -0.750000000000000, 0.250000000000000, 0.000000000000000 ) );
#7476 = CARTESIAN_POINT( '', ( -0.950000000000000, 0.250000000000000, 0.000000000000000 ) );
#7477 = CARTESIAN_POINT( '', ( 0.950000000000000, 0.250000000000000, 0.000000000000000 ) );
#7478 = VECTOR( '', #8191, 1000.00000000000 );
#7479 = CARTESIAN_POINT( '', ( -0.750000000000000, -0.250000000000000, 0.000000000000000 ) );
#7480 = AXIS2_PLACEMENT_3D( '', #8192, #8193, #8194 );
#7481 = CARTESIAN_POINT( '', ( -0.950000000000000, -0.250000000000000, 0.000000000000000 ) );
#7482 = CARTESIAN_POINT( '', ( 0.950000000000000, -0.250000000000000, 0.000000000000000 ) );
#7483 = VECTOR( '', #8195, 1000.00000000000 );
#7484 = AXIS2_PLACEMENT_3D( '', #8196, #8197, #8198 );
#7485 = COLOUR_RGB( '', 0.899999976158142, 0.899999976158142, 0.899999976158142 );
#7486 = CARTESIAN_POINT( '', ( -0.692282958199356, 0.312379421221864, 1.00000000000000 ) );
#7487 = CARTESIAN_POINT( '', ( -0.692282958199356, 0.312379421221864, 1.00000000000000 ) );
#7488 = CARTESIAN_POINT( '', ( -0.692282958199356, 0.151393354769560, 1.00000000000000 ) );
#7489 = CARTESIAN_POINT( '', ( -0.692282958199356, -0.00959271168274485, 1.00000000000000 ) );
#7490 = CARTESIAN_POINT( '', ( -0.692282958199356, -0.170578778135049, 1.00000000000000 ) );
#7491 = CARTESIAN_POINT( '', ( -0.692282958199356, 0.312379421221864, 0.990000000000000 ) );
#7492 = VECTOR( '', #8199, 1000.00000000000 );
#7493 = COLOUR_RGB( '', 0.752941191196442, 0.752941191196442, 0.752941191196442 );
#7494 = CARTESIAN_POINT( '', ( 1.45000000000000, 0.500000000000000, 0.000000000000000 ) );
#7495 = VECTOR( '', #8200, 1000.00000000000 );
#7496 = CARTESIAN_POINT( '', ( 1.00000000000000, 0.500000000000000, -1.05000000000000 ) );
#7497 = CARTESIAN_POINT( '', ( 1.00000000000000, 0.500000000000000, -1.20000000000000 ) );
#7498 = VECTOR( '', #8201, 1000.00000000000 );
#7499 = CARTESIAN_POINT( '', ( 1.45000000000000, 0.500000000000000, -1.05000000000000 ) );
#7500 = CARTESIAN_POINT( '', ( 1.00000000000000, 0.500000000000000, -1.05000000000000 ) );
#7501 = VECTOR( '', #8202, 1000.00000000000 );
#7502 = CARTESIAN_POINT( '', ( 1.45000000000000, 0.500000000000000, -1.05000000000000 ) );
#7503 = VECTOR( '', #8203, 1000.00000000000 );
#7504 = COLOUR_RGB( '', 0.200000002980232, 0.200000002980232, 0.200000002980232 );
#7505 = CARTESIAN_POINT( '', ( 0.450000000000000, 1.25000000000000, -0.200000000000000 ) );
#7506 = VECTOR( '', #8204, 1000.00000000000 );
#7507 = COLOUR_RGB( '', 0.200000002980232, 0.200000002980232, 0.200000002980232 );
#7508 = CARTESIAN_POINT( '', ( 0.905466237942123, 0.0107717041800642, 1.00000000000000 ) );
#7509 = CARTESIAN_POINT( '', ( 0.905466237942123, 0.0107717041800642, 1.00000000000000 ) );
#7510 = CARTESIAN_POINT( '', ( 0.905466237942123, -0.0355305466237945, 1.00000000000000 ) );
#7511 = CARTESIAN_POINT( '', ( 0.914469453376207, -0.0689710610932478, 1.00000000000000 ) );
#7512 = CARTESIAN_POINT( '', ( 0.951125401929261, -0.111414790996785, 1.00000000000000 ) );
#7513 = CARTESIAN_POINT( '', ( 0.974276527331190, -0.122025723472669, 1.00000000000000 ) );
#7514 = CARTESIAN_POINT( '', ( 1.02926045016077, -0.122025723472669, 1.00000000000000 ) );
#7515 = CARTESIAN_POINT( '', ( 1.05209003215434, -0.111414790996785, 1.00000000000000 ) );
#7516 = CARTESIAN_POINT( '', ( 1.07041800643087, -0.0905144694533766, 1.00000000000000 ) );
#7517 = CARTESIAN_POINT( '', ( 1.08904515288585, -0.0692729866538411, 1.00000000000000 ) );
#7518 = CARTESIAN_POINT( '', ( 1.09839228295820, -0.0361736334405147, 1.00000000000000 ) );
#7519 = CARTESIAN_POINT( '', ( 1.09839228295820, 0.0519292604501603, 1.00000000000000 ) );
#7520 = CARTESIAN_POINT( '', ( 1.08874598070740, 0.0840836012861734, 1.00000000000000 ) );
#7521 = CARTESIAN_POINT( '', ( 1.06977491961415, 0.106270096463022, 1.00000000000000 ) );
#7522 = CARTESIAN_POINT( '', ( 1.05096267958562, 0.128270851750621, 1.00000000000000 ) );
#7523 = CARTESIAN_POINT( '', ( 1.02765273311897, 0.138745980707395, 1.00000000000000 ) );
#7524 = CARTESIAN_POINT( '', ( 1.00064308681672, 0.139067524115755, 1.00000000000000 ) );
#7525 = CARTESIAN_POINT( '', ( 0.974284090914270, 0.139381321686023, 1.00000000000000 ) );
#7526 = CARTESIAN_POINT( '', ( 0.951768488745981, 0.128135048231511, 1.00000000000000 ) );
#7527 = CARTESIAN_POINT( '', ( 0.933118971061094, 0.106591639871382, 1.00000000000000 ) );
#7528 = CARTESIAN_POINT( '', ( 0.914607193351468, 0.0852073449309515, 1.00000000000000 ) );
#7529 = CARTESIAN_POINT( '', ( 0.905466237942123, 0.0532154340836011, 1.00000000000000 ) );
#7530 = CARTESIAN_POINT( '', ( 0.905466237942123, 0.0107717041800642, 1.00000000000000 ) );
#7531 = COLOUR_RGB( '', 0.200000002980232, 0.200000002980232, 0.200000002980232 );
#7532 = CARTESIAN_POINT( '', ( -1.45000000000000, -1.25000000000000, 0.800000000000000 ) );
#7533 = CARTESIAN_POINT( '', ( -1.45000000000000, -1.25000000000000, 0.800000000000000 ) );
#7534 = VECTOR( '', #8205, 1000.00000000000 );
#7535 = CARTESIAN_POINT( '', ( -1.45000000000000, -1.25000000000000, 0.000000000000000 ) );
#7536 = CARTESIAN_POINT( '', ( -1.45000000000000, -1.25000000000000, 1.00000000000000 ) );
#7537 = VECTOR( '', #8206, 1000.00000000000 );
#7538 = CARTESIAN_POINT( '', ( -1.45000000000000, -1.25000000000000, 0.000000000000000 ) );
#7539 = VECTOR( '', #8207, 1000.00000000000 );
#7540 = COLOUR_RGB( '', 0.899999976158142, 0.899999976158142, 0.899999976158142 );
#7541 = CARTESIAN_POINT( '', ( -0.168167202572347, 0.126848874598070, 1.00000000000000 ) );
#7542 = CARTESIAN_POINT( '', ( -0.154662379421221, 0.151607717041800, 1.00000000000000 ) );
#7543 = CARTESIAN_POINT( '', ( -0.142443729903536, 0.168006430868167, 1.00000000000000 ) );
#7544 = CARTESIAN_POINT( '', ( -0.131189710610932, 0.175723472668810, 1.00000000000000 ) );
#7545 = CARTESIAN_POINT( '', ( -0.119567014395361, 0.183693321502345, 1.00000000000000 ) );
#7546 = CARTESIAN_POINT( '', ( -0.107073954983922, 0.187620578778134, 1.00000000000000 ) );
#7547 = CARTESIAN_POINT( '', ( -0.0736334405144690, 0.187620578778134, 1.00000000000000 ) );
#7548 = CARTESIAN_POINT( '', ( -0.0536977491961409, 0.181189710610932, 1.00000000000000 ) );
#7549 = CARTESIAN_POINT( '', ( -0.0334405144694528, 0.168649517684886, 1.00000000000000 ) );
#7550 = COLOUR_RGB( '', 0.899999976158142, 0.899999976158142, 0.899999976158142 );
#7551 = CARTESIAN_POINT( '', ( 0.544051446945338, 0.130064308681672, 1.00000000000000 ) );
#7552 = CARTESIAN_POINT( '', ( 0.775562700964631, -0.170578778135048, 1.00000000000000 ) );
#7553 = CARTESIAN_POINT( '', ( 0.544051446945338, 0.130064308681672, 1.00000000000000 ) );
#7554 = CARTESIAN_POINT( '', ( 0.569774919614149, 0.168327974276527, 1.00000000000000 ) );
#7555 = CARTESIAN_POINT( '', ( 0.607073954983924, 0.187620578778134, 1.00000000000000 ) );
#7556 = CARTESIAN_POINT( '', ( 0.676848874598071, 0.187620578778134, 1.00000000000000 ) );
#7557 = CARTESIAN_POINT( '', ( 0.696141479099679, 0.183762057877813, 1.00000000000000 ) );
#7558 = CARTESIAN_POINT( '', ( 0.713826366559486, 0.176366559485530, 1.00000000000000 ) );
#7559 = CARTESIAN_POINT( '', ( 0.731625703206568, 0.168923200524023, 1.00000000000000 ) );
#7560 = CARTESIAN_POINT( '', ( 0.745016077170419, 0.158681672025723, 1.00000000000000 ) );
#7561 = CARTESIAN_POINT( '', ( 0.753697749196142, 0.146463022508038, 1.00000000000000 ) );
#7562 = CARTESIAN_POINT( '', ( 0.762531240613020, 0.134030701254655, 1.00000000000000 ) );
#7563 = CARTESIAN_POINT( '', ( 0.768810289389069, 0.119453376205787, 1.00000000000000 ) );
#7564 = CARTESIAN_POINT( '', ( 0.772025723472670, 0.102411575562700, 1.00000000000000 ) );
#7565 = CARTESIAN_POINT( '', ( 0.774094919967857, 0.0914448341382047, 1.00000000000000 ) );
#7566 = CARTESIAN_POINT( '', ( 0.775562700964631, 0.0721864951768484, 1.00000000000000 ) );
#7567 = CARTESIAN_POINT( '', ( 0.775562700964631, 0.0448553054662374, 1.00000000000000 ) );
#7568 = CARTESIAN_POINT( '', ( 0.775562700964631, -0.0269560557341914, 1.00000000000000 ) );
#7569 = CARTESIAN_POINT( '', ( 0.775562700964631, -0.0987674169346202, 1.00000000000000 ) );
#7570 = CARTESIAN_POINT( '', ( 0.775562700964631, -0.170578778135048, 1.00000000000000 ) );
#7571 = CARTESIAN_POINT( '', ( 0.544051446945338, 0.130064308681672, 0.990000000000000 ) );
#7572 = VECTOR( '', #8208, 1000.00000000000 );
#7573 = CARTESIAN_POINT( '', ( 0.775562700964631, -0.170578778135048, 0.990000000000000 ) );
#7574 = VECTOR( '', #8209, 1000.00000000000 );
#7575 = COLOUR_RGB( '', 0.200000002980232, 0.200000002980232, 0.200000002980232 );
#7576 = CARTESIAN_POINT( '', ( -1.45000000000000, -1.05000000000000, 1.00000000000000 ) );
#7577 = CARTESIAN_POINT( '', ( -1.45000000000000, 1.25000000000000, 1.00000000000000 ) );
#7578 = VECTOR( '', #8210, 1000.00000000000 );
#7579 = CARTESIAN_POINT( '', ( -1.45000000000000, 1.25000000000000, 0.000000000000000 ) );
#7580 = VECTOR( '', #8211, 1000.00000000000 );
#7581 = CARTESIAN_POINT( '', ( -1.45000000000000, -1.05000000000000, 1.00000000000000 ) );
#7582 = VECTOR( '', #8212, 1000.00000000000 );
#7583 = COLOUR_RGB( '', 0.899999976158142, 0.899999976158142, 0.899999976158142 );
#7584 = CARTESIAN_POINT( '', ( 0.0627009646302256, -0.0319935691318335, 0.990000000000000 ) );
#7585 = CARTESIAN_POINT( '', ( 0.0627009646302256, -0.0319935691318335, 0.990000000000000 ) );
#7586 = CARTESIAN_POINT( '', ( 0.0627009646302258, -0.170578778135049, 0.990000000000000 ) );
#7587 = CARTESIAN_POINT( '', ( 0.103858520900323, 0.00787781350482263, 0.990000000000000 ) );
#7588 = CARTESIAN_POINT( '', ( 0.0627009646302256, -0.0319935691318335, 0.990000000000000 ) );
#7589 = CARTESIAN_POINT( '', ( 0.294533762057879, -0.170578778135049, 0.990000000000000 ) );
#7590 = CARTESIAN_POINT( '', ( 0.294533762057879, -0.170578778135049, 0.990000000000000 ) );
#7591 = CARTESIAN_POINT( '', ( 0.221221864951770, -0.170578778135048, 0.990000000000000 ) );
#7592 = CARTESIAN_POINT( '', ( 0.146623794212219, 0.0493569131832790, 0.990000000000000 ) );
#7593 = CARTESIAN_POINT( '', ( 0.294533762057879, -0.170578778135049, 0.990000000000000 ) );
#7594 = CARTESIAN_POINT( '', ( 0.203858520900323, 0.179903536977492, 0.990000000000000 ) );
#7595 = CARTESIAN_POINT( '', ( 0.203858520900323, 0.179903536977492, 0.990000000000000 ) );
#7596 = CARTESIAN_POINT( '', ( 0.281028938906754, 0.179903536977491, 0.990000000000000 ) );
#7597 = CARTESIAN_POINT( '', ( 0.0627009646302258, 0.0377813504823145, 0.990000000000000 ) );
#7598 = CARTESIAN_POINT( '', ( 0.203858520900323, 0.179903536977492, 0.990000000000000 ) );
#7599 = CARTESIAN_POINT( '', ( 0.00353697749196204, 0.312379421221865, 0.990000000000000 ) );
#7600 = CARTESIAN_POINT( '', ( 0.00353697749196204, 0.312379421221865, 0.990000000000000 ) );
#7601 = CARTESIAN_POINT( '', ( 0.0627009646302256, 0.312379421221865, 0.990000000000000 ) );
#7602 = CARTESIAN_POINT( '', ( 0.00353697749196220, -0.170578778135049, 0.990000000000000 ) );
#7603 = CARTESIAN_POINT( '', ( 0.00353697749196204, 0.312379421221865, 0.990000000000000 ) );
#7604 = COLOUR_RGB( '', 0.200000002980232, 0.200000002980232, 0.200000002980232 );
#7605 = CARTESIAN_POINT( '', ( -0.750000000000000, 0.250000000000000, 1.00000000000000 ) );
#7606 = CARTESIAN_POINT( '', ( 0.950000000000000, 0.250000000000000, 1.00000000000000 ) );
#7607 = VECTOR( '', #8213, 1000.00000000000 );
#7608 = AXIS2_PLACEMENT_3D( '', #8214, #8215, #8216 );
#7609 = AXIS2_PLACEMENT_3D( '', #8217, #8218, #8219 );
#7610 = AXIS2_PLACEMENT_3D( '', #8220, #8221, #8222 );
#7611 = COLOUR_RGB( '', 0.200000002980232, 0.200000002980232, 0.200000002980232 );
#7612 = CARTESIAN_POINT( '', ( -0.750000000000000, -0.500000000000000, 0.000000000000000 ) );
#7613 = CARTESIAN_POINT( '', ( -0.750000000000000, 0.500000000000000, 0.000000000000000 ) );
#7614 = AXIS2_PLACEMENT_3D( '', #8223, #8224, #8225 );
#7615 = CARTESIAN_POINT( '', ( -0.750000000000000, -1.25000000000000, 0.000000000000000 ) );
#7616 = VECTOR( '', #8226, 1000.00000000000 );
#7617 = CARTESIAN_POINT( '', ( -0.750000000000000, -1.25000000000000, 0.000000000000000 ) );
#7618 = VECTOR( '', #8227, 1000.00000000000 );
#7619 = COLOUR_RGB( '', 0.899999976158142, 0.899999976158142, 0.899999976158142 );
#7620 = CARTESIAN_POINT( '', ( -0.895498392282957, -0.170578778135049, 1.00000000000000 ) );
#7621 = CARTESIAN_POINT( '', ( -0.914362272240085, -0.170578778135049, 1.00000000000000 ) );
#7622 = CARTESIAN_POINT( '', ( -0.933226152197213, -0.170578778135049, 1.00000000000000 ) );
#7623 = CARTESIAN_POINT( '', ( -0.952090032154340, -0.170578778135049, 1.00000000000000 ) );
#7624 = COLOUR_RGB( '', 0.200000002980232, 0.200000002980232, 0.200000002980232 );
#7625 = CARTESIAN_POINT( '', ( 1.45000000000000, -1.25000000000000, 1.00000000000000 ) );
#7626 = VECTOR( '', #8228, 1000.00000000000 );
#7627 = CARTESIAN_POINT( '', ( 1.45000000000000, 0.500000000000000, 0.850000000000000 ) );
#7628 = VECTOR( '', #8229, 1000.00000000000 );
#7629 = COLOUR_RGB( '', 0.752941191196442, 0.752941191196442, 0.752941191196442 );
#7630 = COLOUR_RGB( '', 0.899999976158142, 0.899999976158142, 0.899999976158142 );
#7631 = CARTESIAN_POINT( '', ( 0.490675241157557, -0.170578778135049, 1.00000000000000 ) );
#7632 = CARTESIAN_POINT( '', ( 0.549839228295821, -0.170578778135049, 1.00000000000000 ) );
#7633 = CARTESIAN_POINT( '', ( 0.530117899249733, -0.170578778135048, 1.00000000000000 ) );
#7634 = CARTESIAN_POINT( '', ( 0.510396570203645, -0.170578778135049, 1.00000000000000 ) );
#7635 = CARTESIAN_POINT( '', ( 0.490675241157557, -0.170578778135049, 1.00000000000000 ) );
#7636 = CARTESIAN_POINT( '', ( 0.490675241157557, -0.170578778135049, 0.990000000000000 ) );
#7637 = VECTOR( '', #8230, 1000.00000000000 );
#7638 = COLOUR_RGB( '', 0.899999976158142, 0.899999976158142, 0.899999976158142 );
#7639 = CARTESIAN_POINT( '', ( -0.162700964630224, -0.170578778135049, 1.00000000000000 ) );
#7640 = CARTESIAN_POINT( '', ( -0.182315112540192, -0.170578778135049, 1.00000000000000 ) );
#7641 = CARTESIAN_POINT( '', ( -0.201929260450160, -0.170578778135049, 1.00000000000000 ) );
#7642 = CARTESIAN_POINT( '', ( -0.221543408360128, -0.170578778135049, 1.00000000000000 ) );
#7643 = COLOUR_RGB( '', 0.200000002980232, 0.200000002980232, 0.200000002980232 );
#7644 = CARTESIAN_POINT( '', ( 0.750000000000000, 0.250000000000000, 0.000000000000000 ) );
#7645 = CARTESIAN_POINT( '', ( 0.750000000000000, -0.250000000000000, 0.000000000000000 ) );
#7646 = AXIS2_PLACEMENT_3D( '', #8231, #8232, #8233 );
#7647 = CARTESIAN_POINT( '', ( 0.950000000000000, 0.250000000000000, 0.000000000000000 ) );
#7648 = CARTESIAN_POINT( '', ( 0.950000000000000, 0.250000000000000, 0.000000000000000 ) );
#7649 = VECTOR( '', #8234, 1000.00000000000 );
#7650 = CARTESIAN_POINT( '', ( 0.950000000000000, -0.250000000000000, 0.000000000000000 ) );
#7651 = AXIS2_PLACEMENT_3D( '', #8235, #8236, #8237 );
#7652 = CARTESIAN_POINT( '', ( 0.950000000000000, -0.250000000000000, 0.000000000000000 ) );
#7653 = VECTOR( '', #8238, 1000.00000000000 );
#7654 = COLOUR_RGB( '', 0.899999976158142, 0.899999976158142, 0.899999976158142 );
#7655 = CARTESIAN_POINT( '', ( 0.401286173633441, 0.244533762057877, 0.990000000000000 ) );
#7656 = CARTESIAN_POINT( '', ( 0.401286173633441, 0.244533762057877, 0.990000000000000 ) );
#7657 = CARTESIAN_POINT( '', ( 0.342122186495178, 0.244533762057877, 0.990000000000000 ) );
#7658 = CARTESIAN_POINT( '', ( 0.401286173633441, 0.312379421221865, 0.990000000000000 ) );
#7659 = CARTESIAN_POINT( '', ( 0.401286173633441, 0.244533762057877, 0.990000000000000 ) );
#7660 = COLOUR_RGB( '', 0.752941191196442, 0.752941191196442, 0.752941191196442 );
#7661 = COLOUR_RGB( '', 0.200000002980232, 0.200000002980232, 0.200000002980232 );
#7662 = AXIS2_PLACEMENT_3D( '', #8239, #8240, #8241 );
#7663 = CARTESIAN_POINT( '', ( 0.950000000000000, -0.250000000000000, 0.850000000000000 ) );
#7664 = VECTOR( '', #8242, 1000.00000000000 );
#7665 = COLOUR_RGB( '', 0.200000002980232, 0.200000002980232, 0.200000002980232 );
#7666 = CARTESIAN_POINT( '', ( -0.750000000000000, -1.25000000000000, 1.00000000000000 ) );
#7667 = VECTOR( '', #8243, 1000.00000000000 );
#7668 = CARTESIAN_POINT( '', ( 0.950000000000000, 0.250000000000000, 1.00000000000000 ) );
#7669 = VECTOR( '', #8244, 1000.00000000000 );
#7670 = COLOUR_RGB( '', 0.899999976158142, 0.899999976158142, 0.899999976158142 );
#7671 = CARTESIAN_POINT( '', ( -0.367845659163987, -0.126527331189711, 0.990000000000000 ) );
#7672 = CARTESIAN_POINT( '', ( -0.355305466237942, -0.170578778135049, 0.990000000000000 ) );
#7673 = CARTESIAN_POINT( '', ( -0.361736334405144, -0.158360128617364, 0.990000000000000 ) );
#7674 = CARTESIAN_POINT( '', ( -0.365916398713826, -0.143569131832798, 0.990000000000000 ) );
#7675 = CARTESIAN_POINT( '', ( -0.367845659163987, -0.126527331189711, 0.990000000000000 ) );
#7676 = CARTESIAN_POINT( '', ( -0.371704180064308, 0.0516077170417996, 0.990000000000000 ) );
#7677 = CARTESIAN_POINT( '', ( -0.371704180064308, 0.0516077170417996, 0.990000000000000 ) );
#7678 = CARTESIAN_POINT( '', ( -0.371382636655948, 0.0596463022508032, 0.990000000000000 ) );
#7679 = CARTESIAN_POINT( '', ( -0.371382636655949, 0.0651125401929253, 0.990000000000000 ) );
#7680 = CARTESIAN_POINT( '', ( -0.371382636655949, 0.0914790996784558, 0.990000000000000 ) );
#7681 = CARTESIAN_POINT( '', ( -0.376848874598070, 0.108520900321542, 0.990000000000000 ) );
#7682 = CARTESIAN_POINT( '', ( -0.388102893890675, 0.118810289389067, 0.990000000000000 ) );
#7683 = CARTESIAN_POINT( '', ( -0.403059880847364, 0.132485248892326, 0.990000000000000 ) );
#7684 = CARTESIAN_POINT( '', ( -0.426045016077169, 0.138745980707395, 0.990000000000000 ) );
#7685 = CARTESIAN_POINT( '', ( -0.455948553054662, 0.139067524115755, 0.990000000000000 ) );
#7686 = CARTESIAN_POINT( '', ( -0.483594632269575, 0.139364793784732, 0.990000000000000 ) );
#7687 = CARTESIAN_POINT( '', ( -0.504180064308681, 0.133922829581993, 0.990000000000000 ) );
#7688 = CARTESIAN_POINT( '', ( -0.517684887459806, 0.124276527331189, 0.990000000000000 ) );
#7689 = CARTESIAN_POINT( '', ( -0.531128878074215, 0.114673676892326, 0.990000000000000 ) );
#7690 = CARTESIAN_POINT( '', ( -0.540836012861735, 0.0969453376205780, 0.990000000000000 ) );
#7691 = CARTESIAN_POINT( '', ( -0.547266881028938, 0.0721864951768480, 0.990000000000000 ) );
#7692 = CARTESIAN_POINT( '', ( -0.367845659163987, -0.126527331189711, 0.990000000000000 ) );
#7693 = CARTESIAN_POINT( '', ( -0.389067524115755, -0.145498392282959, 0.990000000000000 ) );
#7694 = CARTESIAN_POINT( '', ( -0.409967845659164, -0.159003215434084, 0.990000000000000 ) );
#7695 = CARTESIAN_POINT( '', ( -0.430546623794211, -0.167041800643087, 0.990000000000000 ) );
#7696 = CARTESIAN_POINT( '', ( -0.450737452076682, -0.174928842940928, 0.990000000000000 ) );
#7697 = CARTESIAN_POINT( '', ( -0.472668810289389, -0.178617363344052, 0.990000000000000 ) );
#7698 = CARTESIAN_POINT( '', ( -0.534726688102893, -0.178617363344052, 0.990000000000000 ) );
#7699 = CARTESIAN_POINT( '', ( -0.564308681672025, -0.169292604501608, 0.990000000000000 ) );
#7700 = CARTESIAN_POINT( '', ( -0.585209003215433, -0.150321543408361, 0.990000000000000 ) );
#7701 = CARTESIAN_POINT( '', ( -0.605773010215449, -0.131655752439116, 0.990000000000000 ) );
#7702 = CARTESIAN_POINT( '', ( -0.616398713826366, -0.107877813504824, 0.990000000000000 ) );
#7703 = CARTESIAN_POINT( '', ( -0.616398713826366, -0.0612540192926054, 0.990000000000000 ) );
#7704 = CARTESIAN_POINT( '', ( -0.612218649517684, -0.0454983922829591, 0.990000000000000 ) );
#7705 = CARTESIAN_POINT( '', ( -0.596784565916398, -0.0172025723472679, 0.990000000000000 ) );
#7706 = CARTESIAN_POINT( '', ( -0.586495176848874, -0.00594855305466308, 0.990000000000000 ) );
#7707 = CARTESIAN_POINT( '', ( -0.573633440514469, 0.00273311897106043, 0.990000000000000 ) );
#7708 = CARTESIAN_POINT( '', ( -0.561141706899859, 0.0111650391609212, 0.990000000000000 ) );
#7709 = CARTESIAN_POINT( '', ( -0.546623794212218, 0.0178456591639861, 0.990000000000000 ) );
#7710 = CARTESIAN_POINT( '', ( -0.530868167202572, 0.0223472668810280, 0.990000000000000 ) );
#7711 = CARTESIAN_POINT( '', ( -0.519401807923314, 0.0256233695322445, 0.990000000000000 ) );
#7712 = CARTESIAN_POINT( '', ( -0.501607717041800, 0.0281350482315104, 0.990000000000000 ) );
#7713 = CARTESIAN_POINT( '', ( -0.477813504823151, 0.0310289389067514, 0.990000000000000 ) );
#7714 = CARTESIAN_POINT( '', ( -0.429908223861796, 0.0368552568615111, 0.990000000000000 ) );
#7715 = CARTESIAN_POINT( '', ( -0.394212218649518, 0.0435691318327965, 0.990000000000000 ) );
#7716 = CARTESIAN_POINT( '', ( -0.371704180064308, 0.0516077170417996, 0.990000000000000 ) );
#7717 = COLOUR_RGB( '', 0.899999976158142, 0.899999976158142, 0.899999976158142 );
#7718 = CARTESIAN_POINT( '', ( 0.401286173633441, 0.179903536977492, 1.00000000000000 ) );
#7719 = CARTESIAN_POINT( '', ( 0.401286173633441, -0.170578778135048, 1.00000000000000 ) );
#7720 = COLOUR_RGB( '', 0.200000002980232, 0.200000002980232, 0.200000002980232 );
#7721 = CARTESIAN_POINT( '', ( 0.400000000000000, 0.000000000000000, -0.200000000000000 ) );
#7722 = AXIS2_PLACEMENT_3D( '', #8245, #8246, #8247 );
#7723 = CARTESIAN_POINT( '', ( -0.450000000000000, -1.25000000000000, -0.200000000000000 ) );
#7724 = VECTOR( '', #8248, 1000.00000000000 );
#7725 = COLOUR_RGB( '', 0.899999976158142, 0.899999976158142, 0.899999976158142 );
#7726 = CARTESIAN_POINT( '', ( 0.775562700964631, -0.170578778135048, 1.00000000000000 ) );
#7727 = CARTESIAN_POINT( '', ( 0.755841371918544, -0.170578778135048, 1.00000000000000 ) );
#7728 = CARTESIAN_POINT( '', ( 0.736120042872455, -0.170578778135049, 1.00000000000000 ) );
#7729 = CARTESIAN_POINT( '', ( 0.716398713826367, -0.170578778135049, 1.00000000000000 ) );
#7730 = COLOUR_RGB( '', 0.752941191196442, 0.752941191196442, 0.752941191196442 );
#7731 = CARTESIAN_POINT( '', ( 1.45000000000000, -0.500000000000000, 0.000000000000000 ) );
#7732 = VECTOR( '', #8249, 1000.00000000000 );
#7733 = CARTESIAN_POINT( '', ( 1.45000000000000, -0.500000000000000, -1.05000000000000 ) );
#7734 = CARTESIAN_POINT( '', ( 1.45000000000000, -0.500000000000000, -1.05000000000000 ) );
#7735 = VECTOR( '', #8250, 1000.00000000000 );
#7736 = CARTESIAN_POINT( '', ( 1.00000000000000, -0.500000000000000, -1.05000000000000 ) );
#7737 = CARTESIAN_POINT( '', ( 1.00000000000000, -0.500000000000000, -1.05000000000000 ) );
#7738 = VECTOR( '', #8251, 1000.00000000000 );
#7739 = CARTESIAN_POINT( '', ( 1.00000000000000, -0.500000000000000, -1.05000000000000 ) );
#7740 = VECTOR( '', #8252, 1000.00000000000 );
#7741 = COLOUR_RGB( '', 0.200000002980232, 0.200000002980232, 0.200000002980232 );
#7742 = CARTESIAN_POINT( '', ( 0.950000000000000, -1.25000000000000, 0.000000000000000 ) );
#7743 = VECTOR( '', #8253, 1000.00000000000 );
#7744 = COLOUR_RGB( '', 0.899999976158142, 0.899999976158142, 0.899999976158142 );
#7745 = CARTESIAN_POINT( '', ( 1.09935691318328, 0.136816720257234, 1.00000000000000 ) );
#7746 = CARTESIAN_POINT( '', ( 1.09935691318328, 0.151178992497320, 1.00000000000000 ) );
#7747 = CARTESIAN_POINT( '', ( 1.09935691318328, 0.165541264737406, 1.00000000000000 ) );
#7748 = CARTESIAN_POINT( '', ( 1.09935691318328, 0.179903536977492, 1.00000000000000 ) );
#7749 = CARTESIAN_POINT( '', ( 1.09935691318328, 0.136816720257234, 0.990000000000000 ) );
#7750 = CARTESIAN_POINT( '', ( 1.09935691318328, 0.151178992497320, 0.990000000000000 ) );
#7751 = CARTESIAN_POINT( '', ( 1.09935691318328, 0.165541264737406, 0.990000000000000 ) );
#7752 = CARTESIAN_POINT( '', ( 1.09935691318328, 0.179903536977492, 0.990000000000000 ) );
#7753 = COLOUR_RGB( '', 0.899999976158142, 0.899999976158142, 0.899999976158142 );
#7754 = CARTESIAN_POINT( '', ( -0.919614147909967, -0.101125401929262, 1.00000000000000 ) );
#7755 = CARTESIAN_POINT( '', ( -1.05755627009646, 0.312379421221864, 1.00000000000000 ) );
#7756 = CARTESIAN_POINT( '', ( -1.01929260450161, 0.198445873526259, 1.00000000000000 ) );
#7757 = CARTESIAN_POINT( '', ( -0.981028938906752, 0.0845123258306528, 1.00000000000000 ) );
#7758 = CARTESIAN_POINT( '', ( -0.942765273311896, -0.0294212218649529, 1.00000000000000 ) );
#7759 = CARTESIAN_POINT( '', ( -0.931985536031757, -0.0615188709652000, 1.00000000000000 ) );
#7760 = CARTESIAN_POINT( '', ( -0.924437299035369, -0.0853697749196154, 1.00000000000000 ) );
#7761 = CARTESIAN_POINT( '', ( -0.919614147909967, -0.101125401929262, 1.00000000000000 ) );
#7762 = CARTESIAN_POINT( '', ( -0.919614147909967, -0.101125401929262, 0.990000000000000 ) );
#7763 = VECTOR( '', #8254, 1000.00000000000 );
#7764 = COLOUR_RGB( '', 0.200000002980232, 0.200000002980232, 0.200000002980232 );
#7765 = CARTESIAN_POINT( '', ( 0.750000000000000, -0.500000000000000, 0.000000000000000 ) );
#7766 = CARTESIAN_POINT( '', ( 0.750000000000000, 0.500000000000000, 0.000000000000000 ) );
#7767 = AXIS2_PLACEMENT_3D( '', #8255, #8256, #8257 );
#7768 = CARTESIAN_POINT( '', ( 0.750000000000000, -0.500000000000000, 0.000000000000000 ) );
#7769 = VECTOR( '', #8258, 1000.00000000000 );
#7770 = CARTESIAN_POINT( '', ( 0.750000000000000, 0.500000000000000, 0.000000000000000 ) );
#7771 = VECTOR( '', #8259, 1000.00000000000 );
#7772 = COLOUR_RGB( '', 0.899999976158142, 0.899999976158142, 0.899999976158142 );
#7773 = CARTESIAN_POINT( '', ( 0.905466237942123, 0.0107717041800642, 0.990000000000000 ) );
#7774 = CARTESIAN_POINT( '', ( 0.905466237942123, 0.0107717041800642, 0.990000000000000 ) );
#7775 = CARTESIAN_POINT( '', ( 0.905466237942123, -0.0355305466237945, 0.990000000000000 ) );
#7776 = CARTESIAN_POINT( '', ( 0.914469453376207, -0.0689710610932478, 0.990000000000000 ) );
#7777 = CARTESIAN_POINT( '', ( 0.951125401929261, -0.111414790996785, 0.990000000000000 ) );
#7778 = CARTESIAN_POINT( '', ( 0.974276527331190, -0.122025723472669, 0.990000000000000 ) );
#7779 = CARTESIAN_POINT( '', ( 1.02926045016077, -0.122025723472669, 0.990000000000000 ) );
#7780 = CARTESIAN_POINT( '', ( 1.05209003215434, -0.111414790996785, 0.990000000000000 ) );
#7781 = CARTESIAN_POINT( '', ( 1.07041800643087, -0.0905144694533766, 0.990000000000000 ) );
#7782 = CARTESIAN_POINT( '', ( 1.08904515288585, -0.0692729866538411, 0.990000000000000 ) );
#7783 = CARTESIAN_POINT( '', ( 1.09839228295820, -0.0361736334405147, 0.990000000000000 ) );
#7784 = CARTESIAN_POINT( '', ( 1.09839228295820, 0.0519292604501603, 0.990000000000000 ) );
#7785 = CARTESIAN_POINT( '', ( 1.08874598070740, 0.0840836012861734, 0.990000000000000 ) );
#7786 = CARTESIAN_POINT( '', ( 1.06977491961415, 0.106270096463022, 0.990000000000000 ) );
#7787 = CARTESIAN_POINT( '', ( 1.05096267958562, 0.128270851750621, 0.990000000000000 ) );
#7788 = CARTESIAN_POINT( '', ( 1.02765273311897, 0.138745980707395, 0.990000000000000 ) );
#7789 = CARTESIAN_POINT( '', ( 1.00064308681672, 0.139067524115755, 0.990000000000000 ) );
#7790 = CARTESIAN_POINT( '', ( 0.974284090914270, 0.139381321686023, 0.990000000000000 ) );
#7791 = CARTESIAN_POINT( '', ( 0.951768488745981, 0.128135048231511, 0.990000000000000 ) );
#7792 = CARTESIAN_POINT( '', ( 0.933118971061094, 0.106591639871382, 0.990000000000000 ) );
#7793 = CARTESIAN_POINT( '', ( 0.914607193351468, 0.0852073449309515, 0.990000000000000 ) );
#7794 = CARTESIAN_POINT( '', ( 0.905466237942123, 0.0532154340836011, 0.990000000000000 ) );
#7795 = CARTESIAN_POINT( '', ( 0.905466237942123, 0.0107717041800642, 0.990000000000000 ) );
#7796 = COLOUR_RGB( '', 0.899999976158142, 0.899999976158142, 0.899999976158142 );
#7797 = CARTESIAN_POINT( '', ( 0.0627009646302256, -0.0319935691318335, 1.00000000000000 ) );
#7798 = CARTESIAN_POINT( '', ( 0.0627009646302256, -0.0319935691318335, 1.00000000000000 ) );
#7799 = CARTESIAN_POINT( '', ( 0.0627009646302258, -0.170578778135049, 1.00000000000000 ) );
#7800 = CARTESIAN_POINT( '', ( 0.0627009646302256, -0.0319935691318335, 0.990000000000000 ) );
#7801 = VECTOR( '', #8260, 1000.00000000000 );
#7802 = COLOUR_RGB( '', 0.899999976158142, 0.899999976158142, 0.899999976158142 );
#7803 = CARTESIAN_POINT( '', ( -0.753697749196141, -0.170578778135049, 1.00000000000000 ) );
#7804 = CARTESIAN_POINT( '', ( -0.753697749196141, -0.0356377277599152, 1.00000000000000 ) );
#7805 = CARTESIAN_POINT( '', ( -0.753697749196141, 0.0993033226152188, 1.00000000000000 ) );
#7806 = CARTESIAN_POINT( '', ( -0.753697749196141, 0.234244372990353, 1.00000000000000 ) );
#7807 = COLOUR_RGB( '', 0.200000002980232, 0.200000002980232, 0.200000002980232 );
#7808 = COLOUR_RGB( '', 0.899999976158142, 0.899999976158142, 0.899999976158142 );
#7809 = CARTESIAN_POINT( '', ( 0.00353697749196204, 0.312379421221865, 1.00000000000000 ) );
#7810 = CARTESIAN_POINT( '', ( 0.00353697749196204, 0.312379421221865, 1.00000000000000 ) );
#7811 = CARTESIAN_POINT( '', ( 0.0627009646302256, 0.312379421221865, 1.00000000000000 ) );
#7812 = CARTESIAN_POINT( '', ( 0.00353697749196204, 0.312379421221865, 0.990000000000000 ) );
#7813 = VECTOR( '', #8261, 1000.00000000000 );
#7814 = COLOUR_RGB( '', 0.200000002980232, 0.200000002980232, 0.200000002980232 );
#7815 = CARTESIAN_POINT( '', ( 0.750000000000000, -1.25000000000000, 0.000000000000000 ) );
#7816 = VECTOR( '', #8262, 1000.00000000000 );
#7817 = CARTESIAN_POINT( '', ( 0.750000000000000, -1.25000000000000, 0.000000000000000 ) );
#7818 = VECTOR( '', #8263, 1000.00000000000 );
#7819 = COLOUR_RGB( '', 0.200000002980232, 0.200000002980232, 0.200000002980232 );
#7820 = CARTESIAN_POINT( '', ( -0.950000000000000, -0.250000000000000, 0.850000000000000 ) );
#7821 = VECTOR( '', #8264, 1000.00000000000 );
#7822 = COLOUR_RGB( '', 0.899999976158142, 0.899999976158142, 0.899999976158142 );
#7823 = CARTESIAN_POINT( '', ( 0.203858520900323, 0.179903536977492, 1.00000000000000 ) );
#7824 = CARTESIAN_POINT( '', ( 0.203858520900323, 0.179903536977492, 1.00000000000000 ) );
#7825 = CARTESIAN_POINT( '', ( 0.281028938906754, 0.179903536977491, 1.00000000000000 ) );
#7826 = CARTESIAN_POINT( '', ( 0.203858520900323, 0.179903536977492, 0.990000000000000 ) );
#7827 = VECTOR( '', #8265, 1000.00000000000 );
#7828 = COLOUR_RGB( '', 0.200000002980232, 0.200000002980232, 0.200000002980232 );
#7829 = COLOUR_RGB( '', 0.779999971389771, 0.529999971389771, 0.419999986886978 );
#7830 = COLOUR_RGB( '', 0.752941191196442, 0.752941191196442, 0.752941191196442 );
#7831 = COLOUR_RGB( '', 0.200000002980232, 0.200000002980232, 0.200000002980232 );
#7832 = CARTESIAN_POINT( '', ( -0.950000000000000, -1.25000000000000, 0.000000000000000 ) );
#7833 = VECTOR( '', #8266, 1000.00000000000 );
#7834 = COLOUR_RGB( '', 0.752941191196442, 0.752941191196442, 0.752941191196442 );
#7835 = CARTESIAN_POINT( '', ( -1.00000000000000, -0.500000000000000, -1.20000000000000 ) );
#7836 = CARTESIAN_POINT( '', ( -1.00000000000000, -0.500000000000000, -1.20000000000000 ) );
#7837 = VECTOR( '', #8267, 1000.00000000000 );
#7838 = CARTESIAN_POINT( '', ( -1.00000000000000, 0.500000000000000, -1.20000000000000 ) );
#7839 = VECTOR( '', #8268, 1000.00000000000 );
#7840 = COLOUR_RGB( '', 0.752941191196442, 0.752941191196442, 0.752941191196442 );
#7841 = CARTESIAN_POINT( '', ( -1.00000000000000, -0.500000000000000, -1.20000000000000 ) );
#7842 = VECTOR( '', #8269, 1000.00000000000 );
#7843 = COLOUR_RGB( '', 0.899999976158142, 0.899999976158142, 0.899999976158142 );
#7844 = CARTESIAN_POINT( '', ( 0.294533762057879, -0.170578778135049, 1.00000000000000 ) );
#7845 = CARTESIAN_POINT( '', ( 0.146623794212219, 0.0493569131832790, 1.00000000000000 ) );
#7846 = CARTESIAN_POINT( '', ( 0.294533762057879, -0.170578778135049, 1.00000000000000 ) );
#7847 = CARTESIAN_POINT( '', ( 0.294533762057879, -0.170578778135049, 0.990000000000000 ) );
#7848 = VECTOR( '', #8270, 1000.00000000000 );
#7849 = COLOUR_RGB( '', 0.899999976158142, 0.899999976158142, 0.899999976158142 );
#7850 = CARTESIAN_POINT( '', ( -1.15273311897106, -0.170578778135049, 1.00000000000000 ) );
#7851 = CARTESIAN_POINT( '', ( -1.15273311897106, -0.00959271168274512, 1.00000000000000 ) );
#7852 = CARTESIAN_POINT( '', ( -1.15273311897106, 0.151393354769560, 1.00000000000000 ) );
#7853 = CARTESIAN_POINT( '', ( -1.15273311897106, 0.312379421221864, 1.00000000000000 ) );
#7854 = COLOUR_RGB( '', 0.200000002980232, 0.200000002980232, 0.200000002980232 );
#7855 = CARTESIAN_POINT( '', ( 1.45000000000000, -1.05000000000000, 1.00000000000000 ) );
#7856 = VECTOR( '', #8271, 1000.00000000000 );
#7857 = COLOUR_RGB( '', 0.899999976158142, 0.899999976158142, 0.899999976158142 );
#7858 = CARTESIAN_POINT( '', ( 0.00353697749196220, -0.170578778135049, 1.00000000000000 ) );
#7859 = CARTESIAN_POINT( '', ( 0.00353697749196204, 0.312379421221865, 1.00000000000000 ) );
#7860 = COLOUR_RGB( '', 0.899999976158142, 0.899999976158142, 0.899999976158142 );
#7861 = CARTESIAN_POINT( '', ( -0.367845659163987, -0.126527331189711, 1.00000000000000 ) );
#7862 = CARTESIAN_POINT( '', ( -0.371704180064308, 0.0516077170417996, 1.00000000000000 ) );
#7863 = CARTESIAN_POINT( '', ( -0.367845659163987, -0.126527331189711, 1.00000000000000 ) );
#7864 = CARTESIAN_POINT( '', ( -0.389067524115755, -0.145498392282959, 1.00000000000000 ) );
#7865 = CARTESIAN_POINT( '', ( -0.409967845659164, -0.159003215434084, 1.00000000000000 ) );
#7866 = CARTESIAN_POINT( '', ( -0.430546623794211, -0.167041800643087, 1.00000000000000 ) );
#7867 = CARTESIAN_POINT( '', ( -0.450737452076682, -0.174928842940928, 1.00000000000000 ) );
#7868 = CARTESIAN_POINT( '', ( -0.472668810289389, -0.178617363344052, 1.00000000000000 ) );
#7869 = CARTESIAN_POINT( '', ( -0.534726688102893, -0.178617363344052, 1.00000000000000 ) );
#7870 = CARTESIAN_POINT( '', ( -0.564308681672025, -0.169292604501608, 1.00000000000000 ) );
#7871 = CARTESIAN_POINT( '', ( -0.585209003215433, -0.150321543408361, 1.00000000000000 ) );
#7872 = CARTESIAN_POINT( '', ( -0.605773010215449, -0.131655752439116, 1.00000000000000 ) );
#7873 = CARTESIAN_POINT( '', ( -0.616398713826366, -0.107877813504824, 1.00000000000000 ) );
#7874 = CARTESIAN_POINT( '', ( -0.616398713826366, -0.0612540192926054, 1.00000000000000 ) );
#7875 = CARTESIAN_POINT( '', ( -0.612218649517684, -0.0454983922829591, 1.00000000000000 ) );
#7876 = CARTESIAN_POINT( '', ( -0.596784565916398, -0.0172025723472679, 1.00000000000000 ) );
#7877 = CARTESIAN_POINT( '', ( -0.586495176848874, -0.00594855305466308, 1.00000000000000 ) );
#7878 = CARTESIAN_POINT( '', ( -0.573633440514469, 0.00273311897106043, 1.00000000000000 ) );
#7879 = CARTESIAN_POINT( '', ( -0.561141706899859, 0.0111650391609212, 1.00000000000000 ) );
#7880 = CARTESIAN_POINT( '', ( -0.546623794212218, 0.0178456591639861, 1.00000000000000 ) );
#7881 = CARTESIAN_POINT( '', ( -0.530868167202572, 0.0223472668810280, 1.00000000000000 ) );
#7882 = CARTESIAN_POINT( '', ( -0.519401807923314, 0.0256233695322445, 1.00000000000000 ) );
#7883 = CARTESIAN_POINT( '', ( -0.501607717041800, 0.0281350482315104, 1.00000000000000 ) );
#7884 = CARTESIAN_POINT( '', ( -0.477813504823151, 0.0310289389067514, 1.00000000000000 ) );
#7885 = CARTESIAN_POINT( '', ( -0.429908223861796, 0.0368552568615111, 1.00000000000000 ) );
#7886 = CARTESIAN_POINT( '', ( -0.394212218649518, 0.0435691318327965, 1.00000000000000 ) );
#7887 = CARTESIAN_POINT( '', ( -0.371704180064308, 0.0516077170417996, 1.00000000000000 ) );
#7888 = CARTESIAN_POINT( '', ( -0.367845659163987, -0.126527331189711, 0.990000000000000 ) );
#7889 = VECTOR( '', #8272, 1000.00000000000 );
#7890 = CARTESIAN_POINT( '', ( -0.371704180064308, 0.0516077170417996, 0.990000000000000 ) );
#7891 = VECTOR( '', #8273, 1000.00000000000 );
#7892 = COLOUR_RGB( '', 0.899999976158142, 0.899999976158142, 0.899999976158142 );
#7893 = CARTESIAN_POINT( '', ( 0.544051446945338, 0.179903536977492, 1.00000000000000 ) );
#7894 = CARTESIAN_POINT( '', ( 0.544051446945338, 0.179903536977492, 1.00000000000000 ) );
#7895 = CARTESIAN_POINT( '', ( 0.544051446945338, 0.163290460878884, 1.00000000000000 ) );
#7896 = CARTESIAN_POINT( '', ( 0.544051446945338, 0.146677384780278, 1.00000000000000 ) );
#7897 = CARTESIAN_POINT( '', ( 0.544051446945338, 0.130064308681672, 1.00000000000000 ) );
#7898 = CARTESIAN_POINT( '', ( 0.544051446945338, 0.179903536977492, 0.990000000000000 ) );
#7899 = VECTOR( '', #8274, 1000.00000000000 );
#7900 = COLOUR_RGB( '', 0.899999976158142, 0.899999976158142, 0.899999976158142 );
#7901 = CARTESIAN_POINT( '', ( 0.490675241157558, 0.179903536977492, 1.00000000000000 ) );
#7902 = CARTESIAN_POINT( '', ( 0.490675241157558, 0.179903536977492, 1.00000000000000 ) );
#7903 = CARTESIAN_POINT( '', ( 0.508467309753484, 0.179903536977492, 1.00000000000000 ) );
#7904 = CARTESIAN_POINT( '', ( 0.526259378349411, 0.179903536977492, 1.00000000000000 ) );
#7905 = CARTESIAN_POINT( '', ( 0.544051446945338, 0.179903536977492, 1.00000000000000 ) );
#7906 = CARTESIAN_POINT( '', ( 0.490675241157558, 0.179903536977492, 0.990000000000000 ) );
#7907 = VECTOR( '', #8275, 1000.00000000000 );
#7908 = COLOUR_RGB( '', 0.899999976158142, 0.899999976158142, 0.899999976158142 );
#7909 = CARTESIAN_POINT( '', ( 0.0627009646302258, 0.0377813504823145, 1.00000000000000 ) );
#7910 = CARTESIAN_POINT( '', ( 0.203858520900323, 0.179903536977492, 1.00000000000000 ) );
#7911 = COLOUR_RGB( '', 0.899999976158142, 0.899999976158142, 0.899999976158142 );
#7912 = CARTESIAN_POINT( '', ( 0.103858520900323, 0.00787781350482263, 1.00000000000000 ) );
#7913 = CARTESIAN_POINT( '', ( 0.0627009646302256, -0.0319935691318335, 1.00000000000000 ) );
#7914 = COLOUR_RGB( '', 0.200000002980232, 0.200000002980232, 0.200000002980232 );
#7915 = COLOUR_RGB( '', 0.899999976158142, 0.899999976158142, 0.899999976158142 );
#7916 = CARTESIAN_POINT( '', ( 0.401286173633441, 0.244533762057877, 1.00000000000000 ) );
#7917 = CARTESIAN_POINT( '', ( 0.401286173633441, 0.244533762057877, 1.00000000000000 ) );
#7918 = CARTESIAN_POINT( '', ( 0.342122186495178, 0.244533762057877, 1.00000000000000 ) );
#7919 = CARTESIAN_POINT( '', ( 0.401286173633441, 0.244533762057877, 0.990000000000000 ) );
#7920 = VECTOR( '', #8276, 1000.00000000000 );
#7921 = COLOUR_RGB( '', 0.200000002980232, 0.200000002980232, 0.200000002980232 );
#7922 = COLOUR_RGB( '', 0.200000002980232, 0.200000002980232, 0.200000002980232 );
#7923 = COLOUR_RGB( '', 0.752941191196442, 0.752941191196442, 0.752941191196442 );
#7924 = COLOUR_RGB( '', 0.200000002980232, 0.200000002980232, 0.200000002980232 );
#7925 = CARTESIAN_POINT( '', ( 0.490675241157557, -0.170578778135049, 1.00000000000000 ) );
#7926 = CARTESIAN_POINT( '', ( 0.490675241157557, -0.0537513397642022, 1.00000000000000 ) );
#7927 = CARTESIAN_POINT( '', ( 0.490675241157557, 0.0630760986066449, 1.00000000000000 ) );
#7928 = CARTESIAN_POINT( '', ( 0.490675241157558, 0.179903536977492, 1.00000000000000 ) );
#7929 = CARTESIAN_POINT( '', ( 0.401286173633441, 0.312379421221865, 1.00000000000000 ) );
#7930 = CARTESIAN_POINT( '', ( 0.401286173633441, 0.244533762057877, 1.00000000000000 ) );
#7931 = CARTESIAN_POINT( '', ( -0.777170418006430, 0.312379421221864, 1.00000000000000 ) );
#7932 = CARTESIAN_POINT( '', ( -0.919614147909967, -0.101125401929262, 1.00000000000000 ) );
#7933 = CARTESIAN_POINT( '', ( -0.914147909967845, -0.0834405144694544, 1.00000000000000 ) );
#7934 = CARTESIAN_POINT( '', ( -0.905466237942121, -0.0577170418006441, 1.00000000000000 ) );
#7935 = CARTESIAN_POINT( '', ( -0.893890675241157, -0.0236334405144705, 1.00000000000000 ) );
#7936 = CARTESIAN_POINT( '', ( -0.855761764352710, 0.0886350193237352, 1.00000000000000 ) );
#7937 = CARTESIAN_POINT( '', ( -0.816077170418006, 0.200375133976419, 1.00000000000000 ) );
#7938 = CARTESIAN_POINT( '', ( -0.777170418006430, 0.312379421221864, 1.00000000000000 ) );
#7939 = CARTESIAN_POINT( '', ( -0.777170418006430, 0.312379421221864, 1.00000000000000 ) );
#7940 = CARTESIAN_POINT( '', ( -0.748874598070739, 0.312379421221864, 1.00000000000000 ) );
#7941 = CARTESIAN_POINT( '', ( -0.720578778135047, 0.312379421221864, 1.00000000000000 ) );
#7942 = CARTESIAN_POINT( '', ( -0.692282958199356, 0.312379421221864, 1.00000000000000 ) );
#7943 = CARTESIAN_POINT( '', ( -0.355305466237942, -0.170578778135049, 1.00000000000000 ) );
#7944 = CARTESIAN_POINT( '', ( -0.361736334405144, -0.158360128617364, 1.00000000000000 ) );
#7945 = CARTESIAN_POINT( '', ( -0.365916398713826, -0.143569131832798, 1.00000000000000 ) );
#7946 = CARTESIAN_POINT( '', ( -0.367845659163987, -0.126527331189711, 1.00000000000000 ) );
#7947 = CARTESIAN_POINT( '', ( -0.371704180064308, 0.0516077170417996, 1.00000000000000 ) );
#7948 = CARTESIAN_POINT( '', ( -0.371382636655948, 0.0596463022508032, 1.00000000000000 ) );
#7949 = CARTESIAN_POINT( '', ( -0.371382636655949, 0.0651125401929253, 1.00000000000000 ) );
#7950 = CARTESIAN_POINT( '', ( -0.371382636655949, 0.0914790996784558, 1.00000000000000 ) );
#7951 = CARTESIAN_POINT( '', ( -0.376848874598070, 0.108520900321542, 1.00000000000000 ) );
#7952 = CARTESIAN_POINT( '', ( -0.388102893890675, 0.118810289389067, 1.00000000000000 ) );
#7953 = CARTESIAN_POINT( '', ( -0.403059880847364, 0.132485248892326, 1.00000000000000 ) );
#7954 = CARTESIAN_POINT( '', ( -0.426045016077169, 0.138745980707395, 1.00000000000000 ) );
#7955 = CARTESIAN_POINT( '', ( -0.455948553054662, 0.139067524115755, 1.00000000000000 ) );
#7956 = CARTESIAN_POINT( '', ( -0.483594632269575, 0.139364793784732, 1.00000000000000 ) );
#7957 = CARTESIAN_POINT( '', ( -0.504180064308681, 0.133922829581993, 1.00000000000000 ) );
#7958 = CARTESIAN_POINT( '', ( -0.517684887459806, 0.124276527331189, 1.00000000000000 ) );
#7959 = CARTESIAN_POINT( '', ( -0.531128878074215, 0.114673676892326, 1.00000000000000 ) );
#7960 = CARTESIAN_POINT( '', ( -0.540836012861735, 0.0969453376205780, 1.00000000000000 ) );
#7961 = CARTESIAN_POINT( '', ( -0.547266881028938, 0.0721864951768480, 1.00000000000000 ) );
#7962 = CARTESIAN_POINT( '', ( 0.294533762057879, -0.170578778135049, 1.00000000000000 ) );
#7963 = CARTESIAN_POINT( '', ( 0.221221864951770, -0.170578778135048, 1.00000000000000 ) );
#7964 = COLOUR_RGB( '', 0.200000002980232, 0.200000002980232, 0.200000002980232 );
#7965 = COLOUR_RGB( '', 0.752941191196442, 0.752941191196442, 0.752941191196442 );
#7966 = CARTESIAN_POINT( '', ( 1.00000000000000, 0.500000000000000, -1.05000000000000 ) );
#7967 = VECTOR( '', #8277, 1000.00000000000 );
#7968 = COLOUR_RGB( '', 0.752941191196442, 0.752941191196442, 0.752941191196442 );
#7969 = CARTESIAN_POINT( '', ( -1.45000000000000, -0.500000000000000, -1.05000000000000 ) );
#7970 = VECTOR( '', #8278, 1000.00000000000 );
#7971 = COLOUR_RGB( '', 0.899999976158142, 0.899999976158142, 0.899999976158142 );
#7972 = COLOUR_RGB( '', 0.200000002980232, 0.200000002980232, 0.200000002980232 );
#7973 = COLOUR_RGB( '', 0.899999976158142, 0.899999976158142, 0.899999976158142 );
#7974 = COLOUR_RGB( '', 0.752941191196442, 0.752941191196442, 0.752941191196442 );
#7975 = CARTESIAN_POINT( '', ( 1.45000000000000, 0.500000000000000, -1.05000000000000 ) );
#7976 = VECTOR( '', #8279, 1000.00000000000 );
#7977 = COLOUR_RGB( '', 0.899999976158142, 0.899999976158142, 0.899999976158142 );
#7978 = CARTESIAN_POINT( '', ( -0.777170418006430, 0.312379421221864, 0.990000000000000 ) );
#7979 = VECTOR( '', #8280, 1000.00000000000 );
#7980 = COLOUR_RGB( '', 0.200000002980232, 0.200000002980232, 0.200000002980232 );
#7981 = COLOUR_RGB( '', 0.899999976158142, 0.899999976158142, 0.899999976158142 );
#7982 = COLOUR_RGB( '', 0.899999976158142, 0.899999976158142, 0.899999976158142 );
#7983 = COLOUR_RGB( '', 0.899999976158142, 0.899999976158142, 0.899999976158142 );
#7984 = COLOUR_RGB( '', 0.899999976158142, 0.899999976158142, 0.899999976158142 );
#7985 = COLOUR_RGB( '', 0.752941191196442, 0.752941191196442, 0.752941191196442 );
#7986 = COLOUR_RGB( '', 0.752941191196442, 0.752941191196442, 0.752941191196442 );
#7987 = COLOUR_RGB( '', 0.200000002980232, 0.200000002980232, 0.200000002980232 );
#7988 = CARTESIAN_POINT( '', ( 0.400000000000000, 0.000000000000000, -0.190000000000000 ) );
#7989 = AXIS2_PLACEMENT_3D( '', #8281, #8282, #8283 );
#7990 = COLOUR_RGB( '', 0.899999976158142, 0.899999976158142, 0.899999976158142 );
#7991 = COLOUR_RGB( '', 0.200000002980232, 0.200000002980232, 0.200000002980232 );
#7992 = DIRECTION( '', ( 0.000000000000000, 0.000000000000000, -1.00000000000000 ) );
#7993 = DIRECTION( '', ( -6.13317366673349E-017, -0.707106781186547, 0.707106781186548 ) );
#7994 = DIRECTION( '', ( 8.67361737988404E-017, 1.00000000000000, 0.000000000000000 ) );
#7995 = DIRECTION( '', ( -6.13317366673350E-017, -0.707106781186548, -0.707106781186547 ) );
#7996 = DIRECTION( '', ( 0.000000000000000, 0.000000000000000, -1.00000000000000 ) );
#7997 = DIRECTION( '', ( 8.67361737988404E-017, 1.00000000000000, 0.000000000000000 ) );
#7998 = DIRECTION( '', ( 0.000000000000000, 0.000000000000000, -1.00000000000000 ) );
#7999 = DIRECTION( '', ( 1.00000000000000, -7.47725636196900E-017, 0.000000000000000 ) );
#8000 = DIRECTION( '', ( -1.00000000000000, 7.47725636196900E-017, 0.000000000000000 ) );
#8001 = DIRECTION( '', ( 0.000000000000000, 0.000000000000000, 1.00000000000000 ) );
#8002 = DIRECTION( '', ( 0.000000000000000, 0.000000000000000, 1.00000000000000 ) );
#8003 = DIRECTION( '', ( 0.000000000000000, 0.000000000000000, 1.00000000000000 ) );
#8004 = DIRECTION( '', ( 0.000000000000000, 0.000000000000000, 1.00000000000000 ) );
#8005 = DIRECTION( '', ( -1.30104260698260E-016, -1.00000000000000, 0.000000000000000 ) );
#8006 = DIRECTION( '', ( -1.00000000000000, 7.47725636196900E-017, 0.000000000000000 ) );
#8007 = DIRECTION( '', ( 8.67361737988404E-017, 1.00000000000000, 0.000000000000000 ) );
#8008 = DIRECTION( '', ( 1.00000000000000, -7.47725636196900E-017, 0.000000000000000 ) );
#8009 = CARTESIAN_POINT( '', ( 0.950000000000000, -2.16840434497101E-016, 1.00000000000000 ) );
#8010 = DIRECTION( '', ( -1.00000000000000, 6.12303176911189E-017, 0.000000000000000 ) );
#8011 = DIRECTION( '', ( 6.12303176911189E-017, 1.00000000000000, 0.000000000000000 ) );
#8012 = DIRECTION( '', ( 0.000000000000000, 0.000000000000000, 1.00000000000000 ) );
#8013 = DIRECTION( '', ( 0.000000000000000, 1.00000000000000, 0.000000000000000 ) );
#8014 = DIRECTION( '', ( 2.77555756156289E-016, 1.00000000000000, 0.000000000000000 ) );
#8015 = DIRECTION( '', ( 1.00000000000000, -2.77555756156289E-016, 0.000000000000000 ) );
#8016 = DIRECTION( '', ( 2.77555756156289E-016, 1.00000000000000, 0.000000000000000 ) );
#8017 = DIRECTION( '', ( 1.00000000000000, -2.77555756156289E-016, 0.000000000000000 ) );
#8018 = DIRECTION( '', ( 0.000000000000000, 0.000000000000000, 1.00000000000000 ) );
#8019 = DIRECTION( '', ( 0.000000000000000, 0.000000000000000, 1.00000000000000 ) );
#8020 = DIRECTION( '', ( 0.000000000000000, 0.000000000000000, 1.00000000000000 ) );
#8021 = DIRECTION( '', ( 1.00000000000000, 0.000000000000000, 0.000000000000000 ) );
#8022 = DIRECTION( '', ( 0.000000000000000, 0.000000000000000, 1.00000000000000 ) );
#8023 = DIRECTION( '', ( -1.00000000000000, 7.47725636196900E-017, 0.000000000000000 ) );
#8024 = DIRECTION( '', ( 0.000000000000000, 0.000000000000000, -1.00000000000000 ) );
#8025 = DIRECTION( '', ( -1.00000000000000, 7.47725636196900E-017, 0.000000000000000 ) );
#8026 = DIRECTION( '', ( 0.000000000000000, 0.000000000000000, -1.00000000000000 ) );
#8027 = DIRECTION( '', ( 0.000000000000000, 0.000000000000000, 1.00000000000000 ) );
#8028 = DIRECTION( '', ( 0.000000000000000, 0.000000000000000, 1.00000000000000 ) );
#8029 = DIRECTION( '', ( 0.000000000000000, 0.000000000000000, 1.00000000000000 ) );
#8030 = DIRECTION( '', ( 0.000000000000000, 0.000000000000000, 1.00000000000000 ) );
#8031 = DIRECTION( '', ( 0.000000000000000, 0.000000000000000, 1.00000000000000 ) );
#8032 = DIRECTION( '', ( 1.00000000000000, -7.47725636196900E-017, 0.000000000000000 ) );
#8033 = DIRECTION( '', ( 0.000000000000000, 0.000000000000000, 1.00000000000000 ) );
#8034 = DIRECTION( '', ( -1.00000000000000, 0.000000000000000, 0.000000000000000 ) );
#8035 = DIRECTION( '', ( 0.000000000000000, 0.000000000000000, 1.00000000000000 ) );
#8036 = DIRECTION( '', ( 0.000000000000000, 0.000000000000000, -1.00000000000000 ) );
#8037 = DIRECTION( '', ( 1.00000000000000, -7.47725636196900E-017, 0.000000000000000 ) );
#8038 = DIRECTION( '', ( 0.000000000000000, 0.000000000000000, -1.00000000000000 ) );
#8039 = DIRECTION( '', ( 0.000000000000000, 1.00000000000000, 0.000000000000000 ) );
#8040 = CARTESIAN_POINT( '', ( -0.950000000000000, 0.000000000000000, 3.68628738645072E-015 ) );
#8041 = DIRECTION( '', ( -1.00000000000000, 6.12303176911189E-017, 0.000000000000000 ) );
#8042 = DIRECTION( '', ( 6.12303176911189E-017, 1.00000000000000, 0.000000000000000 ) );
#8043 = DIRECTION( '', ( 0.000000000000000, 0.000000000000000, 1.00000000000000 ) );
#8044 = DIRECTION( '', ( 0.000000000000000, 0.000000000000000, 1.00000000000000 ) );
#8045 = DIRECTION( '', ( 0.000000000000000, 0.000000000000000, 1.00000000000000 ) );
#8046 = DIRECTION( '', ( 0.000000000000000, 0.000000000000000, 1.00000000000000 ) );
#8047 = CARTESIAN_POINT( '', ( 0.750000000000000, -2.16840434497101E-016, 1.00000000000000 ) );
#8048 = DIRECTION( '', ( -1.00000000000000, 6.12303176911189E-017, 0.000000000000000 ) );
#8049 = DIRECTION( '', ( -6.12303176911189E-017, -1.00000000000000, 0.000000000000000 ) );
#8050 = DIRECTION( '', ( -6.12303176911189E-017, -1.00000000000000, 0.000000000000000 ) );
#8051 = CARTESIAN_POINT( '', ( 0.750000000000000, -2.16840434497101E-016, 1.00000000000000 ) );
#8052 = DIRECTION( '', ( -1.00000000000000, 6.12303176911189E-017, 0.000000000000000 ) );
#8053 = DIRECTION( '', ( 6.12303176911189E-017, 1.00000000000000, 0.000000000000000 ) );
#8054 = DIRECTION( '', ( -6.12303176911189E-017, -1.00000000000000, 0.000000000000000 ) );
#8055 = DIRECTION( '', ( 6.12303176911189E-017, 1.00000000000000, 0.000000000000000 ) );
#8056 = CARTESIAN_POINT( '', ( -0.950000000000000, -2.16840434497101E-016, 1.00000000000000 ) );
#8057 = DIRECTION( '', ( -1.00000000000000, 6.12303176911189E-017, 0.000000000000000 ) );
#8058 = DIRECTION( '', ( 6.12303176911189E-017, 1.00000000000000, 0.000000000000000 ) );
#8059 = DIRECTION( '', ( 0.894427190999916, 0.447213595499958, 0.000000000000000 ) );
#8060 = DIRECTION( '', ( 0.000000000000000, 0.000000000000000, 1.00000000000000 ) );
#8061 = DIRECTION( '', ( 0.894427190999916, 0.447213595499958, 0.000000000000000 ) );
#8062 = DIRECTION( '', ( 0.000000000000000, 0.000000000000000, 1.00000000000000 ) );
#8063 = DIRECTION( '', ( 1.00000000000000, 0.000000000000000, 0.000000000000000 ) );
#8064 = DIRECTION( '', ( 0.000000000000000, 0.000000000000000, 1.00000000000000 ) );
#8065 = DIRECTION( '', ( 0.000000000000000, 0.000000000000000, 1.00000000000000 ) );
#8066 = DIRECTION( '', ( -1.00000000000000, -2.77555756156289E-016, 0.000000000000000 ) );
#8067 = DIRECTION( '', ( 2.00617702540337E-031, -7.22801448323670E-016, -1.00000000000000 ) );
#8068 = DIRECTION( '', ( -1.00000000000000, -2.77555756156289E-016, 0.000000000000000 ) );
#8069 = DIRECTION( '', ( 0.000000000000000, 0.000000000000000, 1.00000000000000 ) );
#8070 = DIRECTION( '', ( 0.000000000000000, 0.000000000000000, 1.00000000000000 ) );
#8071 = DIRECTION( '', ( 0.000000000000000, 0.000000000000000, 1.00000000000000 ) );
#8072 = DIRECTION( '', ( 0.000000000000000, 0.000000000000000, 1.00000000000000 ) );
#8073 = DIRECTION( '', ( 0.000000000000000, 0.000000000000000, 1.00000000000000 ) );
#8074 = DIRECTION( '', ( 0.000000000000000, 0.000000000000000, 1.00000000000000 ) );
#8075 = DIRECTION( '', ( 0.000000000000000, 0.000000000000000, 1.00000000000000 ) );
#8076 = CARTESIAN_POINT( '', ( 0.950000000000000, 0.000000000000000, 3.68628738645072E-015 ) );
#8077 = DIRECTION( '', ( -1.00000000000000, 6.12303176911189E-017, 0.000000000000000 ) );
#8078 = DIRECTION( '', ( 6.12303176911189E-017, 1.00000000000000, 0.000000000000000 ) );
#8079 = DIRECTION( '', ( 0.000000000000000, 1.00000000000000, 0.000000000000000 ) );
#8080 = DIRECTION( '', ( -8.67361737988404E-017, -1.00000000000000, 0.000000000000000 ) );
#8081 = DIRECTION( '', ( 0.000000000000000, 0.000000000000000, 1.00000000000000 ) );
#8082 = DIRECTION( '', ( 0.000000000000000, -1.00000000000000, 0.000000000000000 ) );
#8083 = DIRECTION( '', ( 0.000000000000000, 0.000000000000000, 1.00000000000000 ) );
#8084 = DIRECTION( '', ( -8.67361737988404E-017, -1.00000000000000, 0.000000000000000 ) );
#8085 = DIRECTION( '', ( -8.67361737988404E-017, -1.00000000000000, 0.000000000000000 ) );
#8086 = DIRECTION( '', ( 0.000000000000000, 1.00000000000000, 0.000000000000000 ) );
#8087 = DIRECTION( '', ( 0.000000000000000, 0.000000000000000, 1.00000000000000 ) );
#8088 = DIRECTION( '', ( 0.000000000000000, 0.000000000000000, 1.00000000000000 ) );
#8089 = DIRECTION( '', ( 0.000000000000000, 0.000000000000000, 1.00000000000000 ) );
#8090 = CARTESIAN_POINT( '', ( -0.950000000000000, 0.000000000000000, 3.68628738645072E-015 ) );
#8091 = DIRECTION( '', ( -1.00000000000000, 6.12303176911189E-017, 0.000000000000000 ) );
#8092 = DIRECTION( '', ( 6.12303176911189E-017, 1.00000000000000, 0.000000000000000 ) );
#8093 = CARTESIAN_POINT( '', ( -0.950000000000000, 0.000000000000000, 3.68628738645072E-015 ) );
#8094 = DIRECTION( '', ( -1.00000000000000, 6.12303176911189E-017, 0.000000000000000 ) );
#8095 = DIRECTION( '', ( 6.12303176911189E-017, 1.00000000000000, 0.000000000000000 ) );
#8096 = CARTESIAN_POINT( '', ( -0.950000000000000, 0.000000000000000, 3.68628738645072E-015 ) );
#8097 = DIRECTION( '', ( -1.00000000000000, 6.12303176911189E-017, 0.000000000000000 ) );
#8098 = DIRECTION( '', ( 6.12303176911189E-017, 1.00000000000000, 0.000000000000000 ) );
#8099 = CARTESIAN_POINT( '', ( 0.950000000000000, 0.000000000000000, 3.68628738645072E-015 ) );
#8100 = DIRECTION( '', ( -1.00000000000000, 6.12303176911189E-017, 0.000000000000000 ) );
#8101 = DIRECTION( '', ( 6.12303176911189E-017, 1.00000000000000, 0.000000000000000 ) );
#8102 = CARTESIAN_POINT( '', ( 0.950000000000000, 0.000000000000000, 3.68628738645072E-015 ) );
#8103 = DIRECTION( '', ( -1.00000000000000, 6.12303176911189E-017, 0.000000000000000 ) );
#8104 = DIRECTION( '', ( 6.12303176911189E-017, 1.00000000000000, 0.000000000000000 ) );
#8105 = CARTESIAN_POINT( '', ( 0.950000000000000, 0.000000000000000, 3.68628738645072E-015 ) );
#8106 = DIRECTION( '', ( -1.00000000000000, 6.12303176911189E-017, 0.000000000000000 ) );
#8107 = DIRECTION( '', ( 6.12303176911189E-017, 1.00000000000000, 0.000000000000000 ) );
#8108 = DIRECTION( '', ( 0.894427190999916, 0.447213595499958, 0.000000000000000 ) );
#8109 = DIRECTION( '', ( 0.000000000000000, 0.000000000000000, 1.00000000000000 ) );
#8110 = DIRECTION( '', ( 0.894427190999916, 0.447213595499958, 0.000000000000000 ) );
#8111 = DIRECTION( '', ( 0.000000000000000, 0.000000000000000, 1.00000000000000 ) );
#8112 = DIRECTION( '', ( 0.000000000000000, 1.00000000000000, 0.000000000000000 ) );
#8113 = DIRECTION( '', ( 0.000000000000000, 0.000000000000000, 1.00000000000000 ) );
#8114 = DIRECTION( '', ( 0.000000000000000, 0.000000000000000, 1.00000000000000 ) );
#8115 = DIRECTION( '', ( 0.000000000000000, 1.00000000000000, 0.000000000000000 ) );
#8116 = DIRECTION( '', ( -1.00000000000000, 0.000000000000000, 0.000000000000000 ) );
#8117 = CARTESIAN_POINT( '', ( -0.750000000000000, -2.16840434497101E-016, 1.00000000000000 ) );
#8118 = DIRECTION( '', ( -1.00000000000000, 6.12303176911189E-017, 0.000000000000000 ) );
#8119 = DIRECTION( '', ( 6.12303176911189E-017, 1.00000000000000, 0.000000000000000 ) );
#8120 = DIRECTION( '', ( -1.00000000000000, 0.000000000000000, 0.000000000000000 ) );
#8121 = DIRECTION( '', ( 0.000000000000000, 0.000000000000000, 1.00000000000000 ) );
#8122 = DIRECTION( '', ( 0.000000000000000, 0.000000000000000, 1.00000000000000 ) );
#8123 = DIRECTION( '', ( 0.894427190999916, 0.447213595499958, 0.000000000000000 ) );
#8124 = DIRECTION( '', ( 0.000000000000000, -1.00000000000000, 0.000000000000000 ) );
#8125 = DIRECTION( '', ( -0.894427190999916, 0.447213595499958, 0.000000000000000 ) );
#8126 = DIRECTION( '', ( 0.000000000000000, 1.00000000000000, 0.000000000000000 ) );
#8127 = DIRECTION( '', ( 0.000000000000000, 1.00000000000000, 0.000000000000000 ) );
#8128 = DIRECTION( '', ( 0.000000000000000, 1.00000000000000, 0.000000000000000 ) );
#8129 = DIRECTION( '', ( -8.88178419700125E-016, 1.00000000000000, 0.000000000000000 ) );
#8130 = DIRECTION( '', ( 2.77555756156289E-016, -1.00000000000000, 0.000000000000000 ) );
#8131 = DIRECTION( '', ( 0.000000000000000, 0.000000000000000, 1.00000000000000 ) );
#8132 = DIRECTION( '', ( 0.000000000000000, 0.000000000000000, 1.00000000000000 ) );
#8133 = DIRECTION( '', ( -0.894427190999916, 0.447213595499958, 0.000000000000000 ) );
#8134 = DIRECTION( '', ( 0.000000000000000, 0.000000000000000, 1.00000000000000 ) );
#8135 = DIRECTION( '', ( -0.894427190999916, 0.447213595499958, 0.000000000000000 ) );
#8136 = DIRECTION( '', ( 0.000000000000000, 0.000000000000000, 1.00000000000000 ) );
#8137 = DIRECTION( '', ( 0.000000000000000, 0.707106781186547, -0.707106781186548 ) );
#8138 = DIRECTION( '', ( -1.00000000000000, 7.47725636196900E-017, 0.000000000000000 ) );
#8139 = DIRECTION( '', ( 0.000000000000000, 0.000000000000000, 1.00000000000000 ) );
#8140 = DIRECTION( '', ( 0.000000000000000, 0.000000000000000, 1.00000000000000 ) );
#8141 = DIRECTION( '', ( 0.000000000000000, 1.00000000000000, 0.000000000000000 ) );
#8142 = DIRECTION( '', ( 0.894427190999916, 0.447213595499958, 0.000000000000000 ) );
#8143 = DIRECTION( '', ( 8.67361737988404E-017, 1.00000000000000, 0.000000000000000 ) );
#8144 = DIRECTION( '', ( -0.894427190999916, 0.447213595499958, 0.000000000000000 ) );
#8145 = DIRECTION( '', ( -1.00000000000000, 0.000000000000000, 0.000000000000000 ) );
#8146 = DIRECTION( '', ( -6.12303176911189E-017, -1.00000000000000, 0.000000000000000 ) );
#8147 = DIRECTION( '', ( -1.00000000000000, 0.000000000000000, 0.000000000000000 ) );
#8148 = DIRECTION( '', ( 0.000000000000000, 0.000000000000000, 1.00000000000000 ) );
#8149 = DIRECTION( '', ( 0.000000000000000, 0.000000000000000, 1.00000000000000 ) );
#8150 = DIRECTION( '', ( 0.000000000000000, 0.000000000000000, 1.00000000000000 ) );
#8151 = DIRECTION( '', ( -0.894427190999916, 0.447213595499958, 0.000000000000000 ) );
#8152 = DIRECTION( '', ( 3.88578058618805E-016, -1.00000000000000, 0.000000000000000 ) );
#8153 = DIRECTION( '', ( -1.00000000000000, -2.77555756156289E-016, 0.000000000000000 ) );
#8154 = DIRECTION( '', ( -2.77555756156289E-016, 1.00000000000000, 0.000000000000000 ) );
#8155 = DIRECTION( '', ( 0.894427190999916, 0.447213595499958, 0.000000000000000 ) );
#8156 = DIRECTION( '', ( 0.000000000000000, 0.000000000000000, 1.00000000000000 ) );
#8157 = DIRECTION( '', ( 0.000000000000000, 0.000000000000000, 1.00000000000000 ) );
#8158 = DIRECTION( '', ( 0.000000000000000, 0.000000000000000, 1.00000000000000 ) );
#8159 = DIRECTION( '', ( 0.000000000000000, 0.000000000000000, 1.00000000000000 ) );
#8160 = DIRECTION( '', ( 0.000000000000000, 0.000000000000000, 1.00000000000000 ) );
#8161 = DIRECTION( '', ( 0.000000000000000, -1.00000000000000, 0.000000000000000 ) );
#8162 = DIRECTION( '', ( 2.77555756156289E-016, 1.00000000000000, 0.000000000000000 ) );
#8163 = DIRECTION( '', ( 0.000000000000000, 0.000000000000000, 1.00000000000000 ) );
#8164 = DIRECTION( '', ( 0.000000000000000, 0.000000000000000, 1.00000000000000 ) );
#8165 = DIRECTION( '', ( 0.000000000000000, 0.000000000000000, 1.00000000000000 ) );
#8166 = DIRECTION( '', ( 0.000000000000000, 0.000000000000000, 1.00000000000000 ) );
#8167 = CARTESIAN_POINT( '', ( -0.725000000000000, 0.000000000000000, 0.295000000000004 ) );
#8168 = DIRECTION( '', ( -0.000000000000000, 1.00000000000000, 0.000000000000000 ) );
#8169 = DIRECTION( '', ( 1.00000000000000, 0.000000000000000, 0.000000000000000 ) );
#8170 = DIRECTION( '', ( 0.000000000000000, 0.000000000000000, 1.00000000000000 ) );
#8171 = DIRECTION( '', ( 0.000000000000000, 0.000000000000000, 1.00000000000000 ) );
#8172 = DIRECTION( '', ( 0.000000000000000, 0.000000000000000, 1.00000000000000 ) );
#8173 = DIRECTION( '', ( 0.000000000000000, 0.000000000000000, 1.00000000000000 ) );
#8174 = DIRECTION( '', ( 0.000000000000000, 0.000000000000000, 1.00000000000000 ) );
#8175 = DIRECTION( '', ( -0.894427190999916, 0.447213595499958, 0.000000000000000 ) );
#8176 = DIRECTION( '', ( -1.00000000000000, 0.000000000000000, 0.000000000000000 ) );
#8177 = DIRECTION( '', ( -6.12303176911189E-017, -1.00000000000000, 0.000000000000000 ) );
#8178 = CARTESIAN_POINT( '', ( 0.950000000000000, -2.16840434497101E-016, 1.00000000000000 ) );
#8179 = DIRECTION( '', ( -1.00000000000000, 6.12303176911189E-017, 0.000000000000000 ) );
#8180 = DIRECTION( '', ( 6.12303176911189E-017, 1.00000000000000, 0.000000000000000 ) );
#8181 = DIRECTION( '', ( 0.000000000000000, 0.000000000000000, 1.00000000000000 ) );
#8182 = DIRECTION( '', ( 0.000000000000000, 0.000000000000000, 1.00000000000000 ) );
#8183 = DIRECTION( '', ( 0.000000000000000, 0.000000000000000, 1.00000000000000 ) );
#8184 = DIRECTION( '', ( 0.000000000000000, 0.000000000000000, 1.00000000000000 ) );
#8185 = DIRECTION( '', ( -0.894427190999916, 0.447213595499958, 0.000000000000000 ) );
#8186 = DIRECTION( '', ( -0.894427190999916, 0.447213595499958, 0.000000000000000 ) );
#8187 = DIRECTION( '', ( 0.000000000000000, 0.000000000000000, 1.00000000000000 ) );
#8188 = DIRECTION( '', ( 0.894427190999916, 0.447213595499958, 0.000000000000000 ) );
#8189 = DIRECTION( '', ( 0.000000000000000, 1.00000000000000, 0.000000000000000 ) );
#8190 = DIRECTION( '', ( 0.000000000000000, 1.00000000000000, 0.000000000000000 ) );
#8191 = DIRECTION( '', ( -1.00000000000000, 0.000000000000000, 0.000000000000000 ) );
#8192 = CARTESIAN_POINT( '', ( -0.750000000000000, 0.000000000000000, 0.000000000000000 ) );
#8193 = DIRECTION( '', ( -1.00000000000000, 6.12303176911189E-017, 0.000000000000000 ) );
#8194 = DIRECTION( '', ( -6.12303176911189E-017, -1.00000000000000, 0.000000000000000 ) );
#8195 = DIRECTION( '', ( -1.00000000000000, 0.000000000000000, 0.000000000000000 ) );
#8196 = CARTESIAN_POINT( '', ( -0.950000000000000, 0.000000000000000, 0.000000000000000 ) );
#8197 = DIRECTION( '', ( -1.00000000000000, 6.12303176911189E-017, 0.000000000000000 ) );
#8198 = DIRECTION( '', ( 6.12303176911189E-017, 1.00000000000000, 0.000000000000000 ) );
#8199 = DIRECTION( '', ( 0.000000000000000, 0.000000000000000, 1.00000000000000 ) );
#8200 = DIRECTION( '', ( -1.00000000000000, -6.66133814775094E-016, 0.000000000000000 ) );
#8201 = DIRECTION( '', ( 2.00617702540337E-031, 7.22801448323670E-016, 1.00000000000000 ) );
#8202 = DIRECTION( '', ( 1.00000000000000, -2.77555756156289E-016, 0.000000000000000 ) );
#8203 = DIRECTION( '', ( 0.000000000000000, 0.000000000000000, 1.00000000000000 ) );
#8204 = DIRECTION( '', ( -1.30104260698260E-016, -1.00000000000000, 0.000000000000000 ) );
#8205 = DIRECTION( '', ( -1.00000000000000, 1.49545127239380E-016, 0.000000000000000 ) );
#8206 = DIRECTION( '', ( 0.000000000000000, 0.000000000000000, -1.00000000000000 ) );
#8207 = DIRECTION( '', ( 1.00000000000000, -1.49545127239380E-016, 0.000000000000000 ) );
#8208 = DIRECTION( '', ( 0.000000000000000, 0.000000000000000, 1.00000000000000 ) );
#8209 = DIRECTION( '', ( 0.000000000000000, 0.000000000000000, 1.00000000000000 ) );
#8210 = DIRECTION( '', ( 0.000000000000000, -1.00000000000000, 0.000000000000000 ) );
#8211 = DIRECTION( '', ( 0.000000000000000, -1.00000000000000, 0.000000000000000 ) );
#8212 = DIRECTION( '', ( 0.000000000000000, 0.707106781186548, 0.707106781186547 ) );
#8213 = DIRECTION( '', ( -1.00000000000000, 0.000000000000000, 0.000000000000000 ) );
#8214 = CARTESIAN_POINT( '', ( -0.950000000000000, -2.16840434497101E-016, 1.00000000000000 ) );
#8215 = DIRECTION( '', ( -1.00000000000000, 6.12303176911189E-017, 0.000000000000000 ) );
#8216 = DIRECTION( '', ( 6.12303176911189E-017, 1.00000000000000, 0.000000000000000 ) );
#8217 = CARTESIAN_POINT( '', ( -0.950000000000000, -2.16840434497101E-016, 1.00000000000000 ) );
#8218 = DIRECTION( '', ( -1.00000000000000, 6.12303176911189E-017, 0.000000000000000 ) );
#8219 = DIRECTION( '', ( 6.12303176911189E-017, 1.00000000000000, 0.000000000000000 ) );
#8220 = CARTESIAN_POINT( '', ( -0.750000000000000, -2.16840434497101E-016, 1.00000000000000 ) );
#8221 = DIRECTION( '', ( -1.00000000000000, 6.12303176911189E-017, 0.000000000000000 ) );
#8222 = DIRECTION( '', ( -6.12303176911189E-017, -1.00000000000000, 0.000000000000000 ) );
#8223 = CARTESIAN_POINT( '', ( -0.750000000000000, 0.000000000000000, 0.000000000000000 ) );
#8224 = DIRECTION( '', ( -1.00000000000000, 6.12303176911189E-017, 0.000000000000000 ) );
#8225 = DIRECTION( '', ( 6.12303176911189E-017, 1.00000000000000, 0.000000000000000 ) );
#8226 = DIRECTION( '', ( -6.12303176911189E-017, -1.00000000000000, 0.000000000000000 ) );
#8227 = DIRECTION( '', ( -6.12303176911189E-017, -1.00000000000000, 0.000000000000000 ) );
#8228 = DIRECTION( '', ( 8.67361737988404E-017, 1.00000000000000, 0.000000000000000 ) );
#8229 = DIRECTION( '', ( 0.000000000000000, -1.00000000000000, 0.000000000000000 ) );
#8230 = DIRECTION( '', ( 0.000000000000000, 0.000000000000000, 1.00000000000000 ) );
#8231 = CARTESIAN_POINT( '', ( 0.750000000000000, 0.000000000000000, 0.000000000000000 ) );
#8232 = DIRECTION( '', ( -1.00000000000000, 6.12303176911189E-017, 0.000000000000000 ) );
#8233 = DIRECTION( '', ( -6.12303176911189E-017, -1.00000000000000, 0.000000000000000 ) );
#8234 = DIRECTION( '', ( -1.00000000000000, 0.000000000000000, 0.000000000000000 ) );
#8235 = CARTESIAN_POINT( '', ( 0.950000000000000, 0.000000000000000, 0.000000000000000 ) );
#8236 = DIRECTION( '', ( -1.00000000000000, 6.12303176911189E-017, 0.000000000000000 ) );
#8237 = DIRECTION( '', ( 6.12303176911189E-017, 1.00000000000000, 0.000000000000000 ) );
#8238 = DIRECTION( '', ( -1.00000000000000, 0.000000000000000, 0.000000000000000 ) );
#8239 = CARTESIAN_POINT( '', ( 0.950000000000000, -2.16840434497101E-016, 1.00000000000000 ) );
#8240 = DIRECTION( '', ( -1.00000000000000, 6.12303176911189E-017, 0.000000000000000 ) );
#8241 = DIRECTION( '', ( 6.12303176911189E-017, 1.00000000000000, 0.000000000000000 ) );
#8242 = DIRECTION( '', ( 0.000000000000000, 1.00000000000000, 0.000000000000000 ) );
#8243 = DIRECTION( '', ( -6.12303176911189E-017, -1.00000000000000, 0.000000000000000 ) );
#8244 = DIRECTION( '', ( -1.00000000000000, 0.000000000000000, 0.000000000000000 ) );
#8245 = CARTESIAN_POINT( '', ( -1.08420217248550E-016, 0.000000000000000, -0.200000000000000 ) );
#8246 = DIRECTION( '', ( 0.000000000000000, 0.000000000000000, 1.00000000000000 ) );
#8247 = DIRECTION( '', ( 1.00000000000000, 0.000000000000000, 0.000000000000000 ) );
#8248 = DIRECTION( '', ( 0.000000000000000, 1.00000000000000, 0.000000000000000 ) );
#8249 = DIRECTION( '', ( 1.00000000000000, -1.11022302462516E-016, 0.000000000000000 ) );
#8250 = DIRECTION( '', ( 0.000000000000000, 0.000000000000000, 1.00000000000000 ) );
#8251 = DIRECTION( '', ( 1.00000000000000, -2.77555756156289E-016, 0.000000000000000 ) );
#8252 = DIRECTION( '', ( 2.00617702540337E-031, 7.22801448323670E-016, -1.00000000000000 ) );
#8253 = DIRECTION( '', ( -6.12303176911189E-017, -1.00000000000000, 0.000000000000000 ) );
#8254 = DIRECTION( '', ( 0.000000000000000, 0.000000000000000, 1.00000000000000 ) );
#8255 = CARTESIAN_POINT( '', ( 0.750000000000000, 0.000000000000000, 0.000000000000000 ) );
#8256 = DIRECTION( '', ( -1.00000000000000, 6.12303176911189E-017, 0.000000000000000 ) );
#8257 = DIRECTION( '', ( 6.12303176911189E-017, 1.00000000000000, 0.000000000000000 ) );
#8258 = DIRECTION( '', ( -1.00000000000000, 0.000000000000000, 0.000000000000000 ) );
#8259 = DIRECTION( '', ( -1.00000000000000, 0.000000000000000, 0.000000000000000 ) );
#8260 = DIRECTION( '', ( 0.000000000000000, 0.000000000000000, 1.00000000000000 ) );
#8261 = DIRECTION( '', ( 0.000000000000000, 0.000000000000000, 1.00000000000000 ) );
#8262 = DIRECTION( '', ( -6.12303176911189E-017, -1.00000000000000, 0.000000000000000 ) );
#8263 = DIRECTION( '', ( -6.12303176911189E-017, -1.00000000000000, 0.000000000000000 ) );
#8264 = DIRECTION( '', ( 0.000000000000000, 0.000000000000000, 1.00000000000000 ) );
#8265 = DIRECTION( '', ( 0.000000000000000, 0.000000000000000, 1.00000000000000 ) );
#8266 = DIRECTION( '', ( -6.12303176911189E-017, -1.00000000000000, 0.000000000000000 ) );
#8267 = DIRECTION( '', ( 2.00617702540337E-031, -7.22801448323670E-016, 1.00000000000000 ) );
#8268 = DIRECTION( '', ( 2.77555756156289E-016, -1.00000000000000, 0.000000000000000 ) );
#8269 = DIRECTION( '', ( -1.00000000000000, -2.77555756156289E-016, 0.000000000000000 ) );
#8270 = DIRECTION( '', ( 0.000000000000000, 0.000000000000000, 1.00000000000000 ) );
#8271 = DIRECTION( '', ( 1.00000000000000, -1.49545127239380E-016, 0.000000000000000 ) );
#8272 = DIRECTION( '', ( 0.000000000000000, 0.000000000000000, 1.00000000000000 ) );
#8273 = DIRECTION( '', ( 0.000000000000000, 0.000000000000000, 1.00000000000000 ) );
#8274 = DIRECTION( '', ( 0.000000000000000, 0.000000000000000, 1.00000000000000 ) );
#8275 = DIRECTION( '', ( 0.000000000000000, 0.000000000000000, 1.00000000000000 ) );
#8276 = DIRECTION( '', ( 0.000000000000000, 0.000000000000000, 1.00000000000000 ) );
#8277 = DIRECTION( '', ( -2.77555756156289E-016, -1.00000000000000, 0.000000000000000 ) );
#8278 = DIRECTION( '', ( 0.000000000000000, 0.000000000000000, 1.00000000000000 ) );
#8279 = DIRECTION( '', ( 0.000000000000000, -1.00000000000000, 0.000000000000000 ) );
#8280 = DIRECTION( '', ( 0.000000000000000, 0.000000000000000, 1.00000000000000 ) );
#8281 = CARTESIAN_POINT( '', ( -1.08420217248550E-016, 0.000000000000000, -0.190000000000000 ) );
#8282 = DIRECTION( '', ( 0.000000000000000, 0.000000000000000, 1.00000000000000 ) );
#8283 = DIRECTION( '', ( 1.00000000000000, 0.000000000000000, 0.000000000000000 ) );
ENDSEC;
END-ISO-10303-21;
